locus_tag	ftype	length_bp	gene	EC_number	COG	product
EFNKBEDD_00001	CDS	150				hypothetical protein
EFNKBEDD_00002	CDS	672				hypothetical protein
EFNKBEDD_00003	CDS	339				hypothetical protein
EFNKBEDD_00004	CDS	438				hypothetical protein
EFNKBEDD_00005	CDS	297				hypothetical protein
EFNKBEDD_00006	CDS	756				hypothetical protein
EFNKBEDD_00007	CDS	501				hypothetical protein
EFNKBEDD_00008	CDS	723				hypothetical protein
EFNKBEDD_00009	CDS	276				hypothetical protein
EFNKBEDD_00010	CDS	1329				hypothetical protein
EFNKBEDD_00011	CDS	258				hypothetical protein
EFNKBEDD_00012	CDS	891				hypothetical protein
EFNKBEDD_00013	CDS	207				hypothetical protein
EFNKBEDD_00014	CDS	207				hypothetical protein
EFNKBEDD_00015	CDS	600				hypothetical protein
EFNKBEDD_00016	CDS	528				hypothetical protein
EFNKBEDD_00017	CDS	399				hypothetical protein
EFNKBEDD_00018	CDS	558				hypothetical protein
EFNKBEDD_00019	CDS	714				hypothetical protein
EFNKBEDD_00020	CDS	288				hypothetical protein
EFNKBEDD_00021	CDS	1137				hypothetical protein
EFNKBEDD_00022	CDS	492				hypothetical protein
EFNKBEDD_00023	CDS	225				hypothetical protein
EFNKBEDD_00024	CDS	216				hypothetical protein
EFNKBEDD_00025	CDS	576				hypothetical protein
EFNKBEDD_00026	tRNA	85				tRNA-Leu(tag)
EFNKBEDD_00027	CDS	5439	sasA_1	2.7.-.-		Adaptive-response sensory-kinase SasA
EFNKBEDD_00028	CDS	5403	pknD_1	2.7.11.1		Serine/threonine-protein kinase PknD
EFNKBEDD_00029	CDS	5406	pknD_2	2.7.11.1		Serine/threonine-protein kinase PknD
EFNKBEDD_00030	CDS	5388	pknD_3	2.7.11.1		Serine/threonine-protein kinase PknD
EFNKBEDD_00031	CDS	5406	sasA_2	2.7.-.-		Adaptive-response sensory-kinase SasA
EFNKBEDD_00032	CDS	5436	pknD_4	2.7.11.1		Serine/threonine-protein kinase PknD
EFNKBEDD_00033	CDS	2241	sasA_3	2.7.-.-		Adaptive-response sensory-kinase SasA
EFNKBEDD_00034	CDS	3051	pknD_5	2.7.11.1		Serine/threonine-protein kinase PknD
EFNKBEDD_00035	CDS	132				hypothetical protein
EFNKBEDD_00036	CDS	1182				hypothetical protein
EFNKBEDD_00037	CDS	747				hypothetical protein
EFNKBEDD_00038	CDS	960				hypothetical protein
EFNKBEDD_00039	CDS	1305	rcsC_1	2.7.13.3		Sensor histidine kinase RcsC
EFNKBEDD_00040	CDS	1872	cheB_1	3.5.1.44		Protein-glutamate methylesterase/protein-glutamine glutaminase
EFNKBEDD_00041	CDS	1515				hypothetical protein
EFNKBEDD_00042	CDS	1521				hypothetical protein
EFNKBEDD_00043	CDS	228	rpoZ	2.7.7.6		DNA-directed RNA polymerase subunit omega
EFNKBEDD_00044	CDS	480				hypothetical protein
EFNKBEDD_00045	CDS	357				hypothetical protein
EFNKBEDD_00046	tRNA	74				tRNA-Pro(ggg)
EFNKBEDD_00047	CDS	639				hypothetical protein
EFNKBEDD_00048	tRNA	76				tRNA-Arg(tct)
EFNKBEDD_00049	CDS	348				hypothetical protein
EFNKBEDD_00050	CDS	2535				hypothetical protein
EFNKBEDD_00051	CDS	897				hypothetical protein
EFNKBEDD_00052	CDS	717				hypothetical protein
EFNKBEDD_00053	CDS	663				hypothetical protein
EFNKBEDD_00054	CDS	435				hypothetical protein
EFNKBEDD_00055	CDS	306				hypothetical protein
EFNKBEDD_00056	CDS	225				hypothetical protein
EFNKBEDD_00057	CDS	1563				hypothetical protein
EFNKBEDD_00058	CDS	942		3.4.19.5	COG1446	Isoaspartyl peptidase/L-asparaginase
EFNKBEDD_00059	CDS	753	trmJ	2.1.1.-		tRNA (cytidine/uridine/adenosine-2'-O-)-methyltransferase TrmJ
EFNKBEDD_00060	CDS	1659				hypothetical protein
EFNKBEDD_00061	CDS	135	msrB_1	1.8.4.12	COG0229	Peptide methionine sulfoxide reductase MsrB
EFNKBEDD_00062	CDS	279	msrB_2	1.8.4.12		Peptide methionine sulfoxide reductase MsrB
EFNKBEDD_00063	CDS	6057	rcsC_2	2.7.13.3		Sensor histidine kinase RcsC
EFNKBEDD_00064	CDS	351				hypothetical protein
EFNKBEDD_00065	CDS	2031				hypothetical protein
EFNKBEDD_00066	CDS	1005	htpX_1	3.4.24.-		Protease HtpX
EFNKBEDD_00067	CDS	654	mprA_1			Response regulator MprA
EFNKBEDD_00068	CDS	417		3.1.3.48		Putative low molecular weight protein-tyrosine-phosphatase
EFNKBEDD_00069	CDS	345	ybaB		COG0718	Nucleoid-associated protein YbaB
EFNKBEDD_00070	CDS	987	murB	1.3.1.98	COG0812	UDP-N-acetylenolpyruvoylglucosamine reductase
EFNKBEDD_00071	CDS	1458	murC	6.3.2.8	COG0773	UDP-N-acetylmuramate--L-alanine ligase
EFNKBEDD_00072	CDS	969	gap2	1.2.1.59		Glyceraldehyde-3-phosphate dehydrogenase 2
EFNKBEDD_00073	CDS	288				hypothetical protein
EFNKBEDD_00074	CDS	1473	cobQ			Cobyric acid synthase
EFNKBEDD_00075	CDS	414				hypothetical protein
EFNKBEDD_00076	CDS	444	bcp	1.11.1.15	COG1225	Putative peroxiredoxin bcp
EFNKBEDD_00077	CDS	1011	obg	3.6.5.-		GTPase Obg
EFNKBEDD_00078	CDS	390	hin		COG1961	DNA-invertase hin
EFNKBEDD_00079	CDS	1656				hypothetical protein
EFNKBEDD_00080	CDS	972				IS481 family transposase ISAzs36
EFNKBEDD_00081	CDS	303				hypothetical protein
EFNKBEDD_00082	CDS	1077				hypothetical protein
EFNKBEDD_00083	CDS	1032	hemF	1.3.3.3		Oxygen-dependent coproporphyrinogen-III oxidase
EFNKBEDD_00084	CDS	558				hypothetical protein
EFNKBEDD_00085	CDS	828	psbO			Photosystem II manganese-stabilizing polypeptide
EFNKBEDD_00086	CDS	1332				hypothetical protein
EFNKBEDD_00087	CDS	1152	recF_1			DNA replication and repair protein RecF
EFNKBEDD_00088	CDS	657				hypothetical protein
EFNKBEDD_00089	CDS	324				hypothetical protein
EFNKBEDD_00090	CDS	1179				hypothetical protein
EFNKBEDD_00091	CDS	1350				hypothetical protein
EFNKBEDD_00092	CDS	804		4.1.2.-		phosphoketolase
EFNKBEDD_00093	CDS	330				hypothetical protein
EFNKBEDD_00094	CDS	105				hypothetical protein
EFNKBEDD_00095	CDS	237				hypothetical protein
EFNKBEDD_00096	CDS	1443				hypothetical protein
EFNKBEDD_00097	CDS	1080				hypothetical protein
EFNKBEDD_00098	CDS	1509				hypothetical protein
EFNKBEDD_00099	CDS	546				hypothetical protein
EFNKBEDD_00100	CDS	717	folE	3.5.4.16		GTP cyclohydrolase 1
EFNKBEDD_00101	CDS	987	accA	2.1.3.15	COG0825	Acetyl-coenzyme A carboxylase carboxyl transferase subunit alpha
EFNKBEDD_00102	CDS	1041		1.2.1.80	COG5322	Long-chain acyl-[acyl-carrier-protein] reductase
EFNKBEDD_00103	CDS	696		4.1.99.5		Aldehyde decarbonylase
EFNKBEDD_00104	CDS	399				hypothetical protein
EFNKBEDD_00105	CDS	570				hypothetical protein
EFNKBEDD_00106	CDS	4806	rcsC_3	2.7.13.3		Sensor histidine kinase RcsC
EFNKBEDD_00107	CDS	1089	rcsC_4	2.7.13.3		Sensor histidine kinase RcsC
EFNKBEDD_00108	CDS	6216	rcsC_5	2.7.13.3		Sensor histidine kinase RcsC
EFNKBEDD_00109	CDS	720				hypothetical protein
EFNKBEDD_00110	CDS	795				hypothetical protein
EFNKBEDD_00111	CDS	1113				hypothetical protein
EFNKBEDD_00112	CDS	1287				hypothetical protein
EFNKBEDD_00113	CDS	1044				hypothetical protein
EFNKBEDD_00114	CDS	675				hypothetical protein
EFNKBEDD_00115	CDS	1095		3.6.1.-	COG1106	ATP/GTP phosphatase
EFNKBEDD_00116	CDS	645				hypothetical protein
EFNKBEDD_00117	CDS	369				hypothetical protein
EFNKBEDD_00118	CDS	570				hypothetical protein
EFNKBEDD_00119	CDS	1212				hypothetical protein
EFNKBEDD_00120	CDS	528				hypothetical protein
EFNKBEDD_00121	CDS	2538				hypothetical protein
EFNKBEDD_00122	CDS	171				hypothetical protein
EFNKBEDD_00123	CDS	1137	cotSA	2.4.-.-	COG0438	Spore coat protein SA
EFNKBEDD_00124	CDS	1329				hypothetical protein
EFNKBEDD_00125	CDS	8550				hypothetical protein
EFNKBEDD_00126	CDS	1398	ubiB_1	2.7.-.-	COG0661	putative protein kinase UbiB
EFNKBEDD_00127	CDS	207				hypothetical protein
EFNKBEDD_00128	CDS	303				hypothetical protein
EFNKBEDD_00129	CDS	603				hypothetical protein
EFNKBEDD_00130	CDS	237				hypothetical protein
EFNKBEDD_00131	CDS	513				hypothetical protein
EFNKBEDD_00132	CDS	705				hypothetical protein
EFNKBEDD_00133	CDS	1149				hypothetical protein
EFNKBEDD_00134	CDS	285				hypothetical protein
EFNKBEDD_00135	CDS	111				hypothetical protein
EFNKBEDD_00136	CDS	735				hypothetical protein
EFNKBEDD_00137	CDS	294				IS630 family transposase ISMae21
EFNKBEDD_00138	CDS	273				hypothetical protein
EFNKBEDD_00139	CDS	318				hypothetical protein
EFNKBEDD_00140	CDS	393				hypothetical protein
EFNKBEDD_00141	CDS	963	nadA	2.5.1.72	COG0379	Quinolinate synthase A
EFNKBEDD_00142	CDS	1059	aroF	2.5.1.54	COG2876	Phospho-2-dehydro-3-deoxyheptonate aldolase
EFNKBEDD_00143	CDS	492				hypothetical protein
EFNKBEDD_00144	CDS	270	rpsO			30S ribosomal protein S15
EFNKBEDD_00145	CDS	909				hypothetical protein
EFNKBEDD_00146	CDS	624	ruvA	3.6.4.12	COG0632	Holliday junction ATP-dependent DNA helicase RuvA
EFNKBEDD_00147	CDS	810				hypothetical protein
EFNKBEDD_00148	CDS	492				hypothetical protein
EFNKBEDD_00149	CDS	909		1.17.4.-	COG4243	Vitamin K epoxide reductase 
EFNKBEDD_00150	CDS	204				hypothetical protein
EFNKBEDD_00151	CDS	2037				hypothetical protein
EFNKBEDD_00152	CDS	207				hypothetical protein
EFNKBEDD_00153	CDS	420	psbU			Photosystem II 12 kDa extrinsic protein
EFNKBEDD_00154	CDS	1005				hypothetical protein
EFNKBEDD_00155	CDS	489				hypothetical protein
EFNKBEDD_00156	CDS	288	mdtA_1			Multidrug resistance protein MdtA
EFNKBEDD_00157	CDS	1164				hypothetical protein
EFNKBEDD_00158	CDS	762	iscS_1	2.8.1.7	COG1104	Cysteine desulfurase IscS
EFNKBEDD_00159	CDS	450	iscS_2	2.8.1.7	COG1104	Cysteine desulfurase IscS
EFNKBEDD_00160	CDS	951	menC	4.2.1.113		o-succinylbenzoate synthase
EFNKBEDD_00161	CDS	231				hypothetical protein
EFNKBEDD_00162	CDS	912	bepA_1	3.4.-.-		Beta-barrel assembly-enhancing protease
EFNKBEDD_00163	CDS	1227	hhoB_1			Putative serine protease HhoB
EFNKBEDD_00164	CDS	603	prxU	1.11.1.15		Selenocysteine-containing peroxiredoxin PrxU
EFNKBEDD_00165	CDS	573	cobU	2.7.1.156	COG2087	Bifunctional adenosylcobalamin biosynthesis protein CobU
EFNKBEDD_00166	CDS	558				hypothetical protein
EFNKBEDD_00167	CDS	1797	arnT_1	2.4.2.43		Undecaprenyl phosphate-alpha-4-amino-4-deoxy-L-arabinose arabinosyl transferase
EFNKBEDD_00168	CDS	120				hypothetical protein
EFNKBEDD_00169	CDS	339				hypothetical protein
EFNKBEDD_00170	CDS	2604				hypothetical protein
EFNKBEDD_00171	CDS	303				hypothetical protein
EFNKBEDD_00172	CDS	672	purF_1	2.4.2.14	COG0034	Amidophosphoribosyltransferase
EFNKBEDD_00173	CDS	786	purF_2	2.4.2.14	COG0034	Amidophosphoribosyltransferase
EFNKBEDD_00174	CDS	2316	purL	6.3.5.3	COG0046	Phosphoribosylformylglycinamidine synthase subunit PurL
EFNKBEDD_00175	CDS	987				hypothetical protein
EFNKBEDD_00176	CDS	123				hypothetical protein
EFNKBEDD_00177	CDS	330				hypothetical protein
EFNKBEDD_00178	CDS	912	cpdA_1	3.1.4.53		3',5'-cyclic adenosine monophosphate phosphodiesterase CpdA
EFNKBEDD_00179	CDS	819				IS200/IS605 family transposase ISTel2
EFNKBEDD_00180	CDS	915				hypothetical protein
EFNKBEDD_00181	CDS	885	dmlR_1			HTH-type transcriptional regulator DmlR
EFNKBEDD_00182	CDS	1011				Zinc-type alcohol dehydrogenase-like protein
EFNKBEDD_00183	CDS	993	fgd	1.1.98.2		F420-dependent glucose-6-phosphate dehydrogenase
EFNKBEDD_00184	CDS	816				hypothetical protein
EFNKBEDD_00185	CDS	267	rpmA		COG0211	50S ribosomal protein L27
EFNKBEDD_00186	CDS	396				hypothetical protein
EFNKBEDD_00187	CDS	222				hypothetical protein
EFNKBEDD_00188	CDS	372				hypothetical protein
EFNKBEDD_00189	CDS	2619	gyrA_1	5.6.2.2	COG0188	DNA gyrase subunit A
EFNKBEDD_00190	CDS	207				hypothetical protein
EFNKBEDD_00191	CDS	378				hypothetical protein
EFNKBEDD_00192	CDS	810				hypothetical protein
EFNKBEDD_00193	CDS	666				hypothetical protein
EFNKBEDD_00194	CDS	210				hypothetical protein
EFNKBEDD_00195	CDS	195				hypothetical protein
EFNKBEDD_00196	CDS	615				hypothetical protein
EFNKBEDD_00197	CDS	1551	lnt	2.3.1.269	COG0815	Apolipoprotein N-acyltransferase
EFNKBEDD_00198	CDS	633				hypothetical protein
EFNKBEDD_00199	CDS	1116				hypothetical protein
EFNKBEDD_00200	CDS	1713				hypothetical protein
EFNKBEDD_00201	CDS	357				hypothetical protein
EFNKBEDD_00202	CDS	366				hypothetical protein
EFNKBEDD_00203	CDS	903	egtB_1	1.14.99.50		Hercynine oxygenase
EFNKBEDD_00204	CDS	456				hypothetical protein
EFNKBEDD_00205	CDS	1464				hypothetical protein
EFNKBEDD_00206	CDS	666				hypothetical protein
EFNKBEDD_00207	CDS	1902	ftsH2_1	3.4.24.-		ATP-dependent zinc metalloprotease FtsH 2
EFNKBEDD_00208	CDS	213				hypothetical protein
EFNKBEDD_00209	CDS	252				hypothetical protein
EFNKBEDD_00210	CDS	2457	ppsA_1	2.7.9.2	COG0574	Phosphoenolpyruvate synthase
EFNKBEDD_00211	CDS	1290	gdhA	1.4.1.3	COG0334	Glutamate dehydrogenase
EFNKBEDD_00212	CDS	294				hypothetical protein
EFNKBEDD_00213	CDS	291				hypothetical protein
EFNKBEDD_00214	CDS	906	ycf3_1			Photosystem I assembly protein Ycf3
EFNKBEDD_00215	CDS	1173	speB	3.5.3.11		Agmatinase
EFNKBEDD_00216	CDS	366	hypA_1			Hydrogenase maturation factor HypA
EFNKBEDD_00217	CDS	702	hypB_1		COG0378	Hydrogenase maturation factor HypB
EFNKBEDD_00218	CDS	1506	putP			Sodium/proline symporter
EFNKBEDD_00219	CDS	1674	malP_1	2.4.1.1	COG0058	Maltodextrin phosphorylase
EFNKBEDD_00220	CDS	465	spkB_1	2.7.11.1		Serine/threonine-protein kinase B
EFNKBEDD_00221	CDS	705				hypothetical protein
EFNKBEDD_00222	CDS	708	rnc_1	3.1.26.3	COG0571	Ribonuclease 3
EFNKBEDD_00223	CDS	285				hypothetical protein
EFNKBEDD_00224	CDS	903	hhoB_2			Putative serine protease HhoB
EFNKBEDD_00225	CDS	237				hypothetical protein
EFNKBEDD_00226	CDS	1599	gpmI	5.4.2.12	COG0696	2,3-bisphosphoglycerate-independent phosphoglycerate mutase
EFNKBEDD_00227	CDS	240				hypothetical protein
EFNKBEDD_00228	CDS	906				hypothetical protein
EFNKBEDD_00229	CDS	402				hypothetical protein
EFNKBEDD_00230	CDS	2751	rcsC_6	2.7.13.3		Sensor histidine kinase RcsC
EFNKBEDD_00231	CDS	1383	rcsC_7	2.7.13.3		Sensor histidine kinase RcsC
EFNKBEDD_00232	CDS	324				hypothetical protein
EFNKBEDD_00233	CDS	1929	pbpG		COG0744	Penicillin-binding protein 2D
EFNKBEDD_00234	CDS	1227	tyrS	6.1.1.1	COG0162	Tyrosine--tRNA ligase
EFNKBEDD_00235	CDS	714	pyrF	4.1.1.23	COG0284	Orotidine 5'-phosphate decarboxylase
EFNKBEDD_00236	CDS	603				hypothetical protein
EFNKBEDD_00237	CDS	156				hypothetical protein
EFNKBEDD_00238	CDS	417				hypothetical protein
EFNKBEDD_00239	CDS	399				hypothetical protein
EFNKBEDD_00240	CDS	558				IS630 family transposase ISAtsp7
EFNKBEDD_00241	CDS	1107				hypothetical protein
EFNKBEDD_00242	CDS	1098			COG3385	IS4 family transposase ISSysp2
EFNKBEDD_00243	CDS	3972				hypothetical protein
EFNKBEDD_00244	CDS	795	proC	1.5.1.2	COG0345	Pyrroline-5-carboxylate reductase
EFNKBEDD_00245	CDS	591	sepF		COG1799	Cell division protein SepF
EFNKBEDD_00246	CDS	681			COG0325	Pyridoxal phosphate homeostasis protein
EFNKBEDD_00247	CDS	270				hypothetical protein
EFNKBEDD_00248	CDS	891	ecfT_1		COG0619	Energy-coupling factor transporter transmembrane protein EcfT
EFNKBEDD_00249	CDS	135				hypothetical protein
EFNKBEDD_00250	CDS	561				hypothetical protein
EFNKBEDD_00251	CDS	1362	der_1		COG1160	GTPase Der
EFNKBEDD_00252	CDS	330				hypothetical protein
EFNKBEDD_00253	CDS	1218	nupX_1		COG1972	Putative nucleoside permease NupX
EFNKBEDD_00254	CDS	1038				hypothetical protein
EFNKBEDD_00255	CDS	396				hypothetical protein
EFNKBEDD_00256	CDS	408				hypothetical protein
EFNKBEDD_00257	CDS	3681				hypothetical protein
EFNKBEDD_00258	CDS	1110				hypothetical protein
EFNKBEDD_00259	CDS	1575	hpnP	2.1.1.-		Hopanoid C-2 methylase
EFNKBEDD_00260	CDS	288				hypothetical protein
EFNKBEDD_00261	CDS	1413	era_1			GTPase Era
EFNKBEDD_00262	CDS	126				hypothetical protein
EFNKBEDD_00263	CDS	150				hypothetical protein
EFNKBEDD_00264	CDS	1017	ccsA_1			Cytochrome c biogenesis protein CcsA
EFNKBEDD_00265	CDS	987	tilS	6.3.4.19	COG0037	tRNA(Ile)-lysidine synthase
EFNKBEDD_00266	CDS	258				hypothetical protein
EFNKBEDD_00267	CDS	201				hypothetical protein
EFNKBEDD_00268	CDS	300				hypothetical protein
EFNKBEDD_00269	CDS	624				hypothetical protein
EFNKBEDD_00270	CDS	2961	kdpB	7.2.2.6		Potassium-transporting ATPase ATP-binding subunit
EFNKBEDD_00271	CDS	579				hypothetical protein
EFNKBEDD_00272	CDS	300				putative 30S ribosomal protein PSRP-3
EFNKBEDD_00273	CDS	420	atpC			ATP synthase epsilon chain
EFNKBEDD_00274	CDS	1455	atpD	7.1.2.2	COG0055	ATP synthase subunit beta
EFNKBEDD_00275	CDS	312	groS			10 kDa chaperonin
EFNKBEDD_00276	CDS	1632	groL1			60 kDa chaperonin 1
EFNKBEDD_00277	CDS	1113				hypothetical protein
EFNKBEDD_00278	CDS	483				hypothetical protein
EFNKBEDD_00279	CDS	792	yusV		COG1120	putative siderophore transport system ATP-binding protein YusV
EFNKBEDD_00280	CDS	315				hypothetical protein
EFNKBEDD_00281	CDS	1008	trpS	6.1.1.2	COG0180	Tryptophan--tRNA ligase
EFNKBEDD_00282	CDS	891	yitJ		COG0646	Bifunctional homocysteine S-methyltransferase/5,10-methylenetetrahydrofolate reductase
EFNKBEDD_00283	CDS	1173	moeZ		COG0476	putative adenylyltransferase/sulfurtransferase MoeZ
EFNKBEDD_00284	CDS	477				hypothetical protein
EFNKBEDD_00285	CDS	216				hypothetical protein
EFNKBEDD_00286	CDS	426	nrdB_1	1.17.4.1	COG0208	Ribonucleoside-diphosphate reductase subunit beta
EFNKBEDD_00287	CDS	627				hypothetical protein
EFNKBEDD_00288	CDS	1194				hypothetical protein
EFNKBEDD_00289	CDS	225	nrdB_2	1.17.4.1	COG0208	Ribonucleoside-diphosphate reductase subunit beta
EFNKBEDD_00290	CDS	1842				hypothetical protein
EFNKBEDD_00291	CDS	429				hypothetical protein
EFNKBEDD_00292	CDS	2265	nrdA	1.17.4.1	COG0209	Ribonucleoside-diphosphate reductase 1 subunit alpha
EFNKBEDD_00293	CDS	1308				hypothetical protein
EFNKBEDD_00294	CDS	834				hypothetical protein
EFNKBEDD_00295	CDS	768			COG2968	26 kDa periplasmic immunogenic protein
EFNKBEDD_00296	CDS	354	ssbB		COG0629	Single-stranded DNA-binding protein B
EFNKBEDD_00297	CDS	1038	mreB		COG1077	Cell shape-determining protein MreB
EFNKBEDD_00298	CDS	789				hypothetical protein
EFNKBEDD_00299	CDS	618				hypothetical protein
EFNKBEDD_00300	CDS	726				hypothetical protein
EFNKBEDD_00301	CDS	177				hypothetical protein
EFNKBEDD_00302	CDS	1119				hypothetical protein
EFNKBEDD_00303	CDS	822	larE	4.4.1.37	COG1606	Pyridinium-3,5-bisthiocarboxylic acid mononucleotide synthase
EFNKBEDD_00304	CDS	813	sadH	1.-.-.-		Putative oxidoreductase SadH
EFNKBEDD_00305	CDS	1512	ilvA	4.3.1.19	COG1171	L-threonine dehydratase biosynthetic IlvA
EFNKBEDD_00306	CDS	978				hypothetical protein
EFNKBEDD_00307	CDS	672	aqpZ		COG0580	Aquaporin Z
EFNKBEDD_00308	CDS	147				hypothetical protein
EFNKBEDD_00309	CDS	1938	htpX_2	3.4.24.-		Protease HtpX
EFNKBEDD_00310	CDS	600	lemA		COG1704	Protein LemA
EFNKBEDD_00311	CDS	519				hypothetical protein
EFNKBEDD_00312	CDS	1344	cnrA_1			Nickel and cobalt resistance protein CnrA
EFNKBEDD_00313	CDS	1734	mdtB_1		COG0841	Multidrug resistance protein MdtB
EFNKBEDD_00314	CDS	1377	mdtA_2			Multidrug resistance protein MdtA
EFNKBEDD_00315	CDS	531				hypothetical protein
EFNKBEDD_00316	CDS	954	gpsA	1.1.1.94		Glycerol-3-phosphate dehydrogenase [NAD(P)+]
EFNKBEDD_00317	CDS	1266	sigA2_1		COG0568	RNA polymerase sigma factor SigA2
EFNKBEDD_00318	CDS	1062	potA_1	7.6.2.11		Spermidine/putrescine import ATP-binding protein PotA
EFNKBEDD_00319	CDS	711				hypothetical protein
EFNKBEDD_00320	CDS	948				hypothetical protein
EFNKBEDD_00321	CDS	1836	rcsC_8	2.7.13.3		Sensor histidine kinase RcsC
EFNKBEDD_00322	CDS	462				hypothetical protein
EFNKBEDD_00323	CDS	720				hypothetical protein
EFNKBEDD_00324	CDS	1476	glmM_1	5.4.2.10	COG1109	Phosphoglucosamine mutase
EFNKBEDD_00325	CDS	762				hypothetical protein
EFNKBEDD_00326	CDS	585		3.6.1.66	COG0127	dITP/XTP pyrophosphatase
EFNKBEDD_00327	CDS	339	glnB_1		COG0347	Nitrogen regulatory protein P-II
EFNKBEDD_00328	CDS	621				hypothetical protein
EFNKBEDD_00329	CDS	456	recX			Regulatory protein RecX
EFNKBEDD_00330	CDS	1551	ndhB_1	7.1.1.-	COG1007	NAD(P)H-quinone oxidoreductase subunit 2
EFNKBEDD_00331	CDS	363				hypothetical protein
EFNKBEDD_00332	CDS	111	petG			Cytochrome b6-f complex subunit 5
EFNKBEDD_00333	CDS	1164				hypothetical protein
EFNKBEDD_00334	CDS	264				hypothetical protein
EFNKBEDD_00335	CDS	612	hisB_1	4.2.1.19		Imidazoleglycerol-phosphate dehydratase
EFNKBEDD_00336	CDS	342	mazF9	3.1.-.-	COG2337	Endoribonuclease MazF9
EFNKBEDD_00337	CDS	234				hypothetical protein
EFNKBEDD_00338	CDS	156	fabI_1	1.3.1.9	COG0623	Enoyl-[acyl-carrier-protein] reductase [NADH] FabI
EFNKBEDD_00339	CDS	591	fabI_2	1.3.1.9	COG0623	Enoyl-[acyl-carrier-protein] reductase [NADH] FabI
EFNKBEDD_00340	CDS	672	ntcA			Global nitrogen regulator
EFNKBEDD_00341	CDS	954	smc_1			Chromosome partition protein Smc
EFNKBEDD_00342	CDS	570				hypothetical protein
EFNKBEDD_00343	CDS	627				hypothetical protein
EFNKBEDD_00344	CDS	579				hypothetical protein
EFNKBEDD_00345	CDS	231				hypothetical protein
EFNKBEDD_00346	CDS	942				hypothetical protein
EFNKBEDD_00347	CDS	1029				hypothetical protein
	CRISPR	2599				
EFNKBEDD_00348	CDS	219				hypothetical protein
EFNKBEDD_00349	CDS	933				hypothetical protein
EFNKBEDD_00350	CDS	675				hypothetical protein
EFNKBEDD_00351	CDS	579	yceD_1		COG2310	General stress protein 16U
EFNKBEDD_00352	CDS	597	yceC		COG2310	Stress response protein SCP2
EFNKBEDD_00353	CDS	96				hypothetical protein
EFNKBEDD_00354	CDS	927	tolB_1		COG0823	Tol-Pal system protein TolB
EFNKBEDD_00355	CDS	1668				hypothetical protein
EFNKBEDD_00356	CDS	1131				hypothetical protein
EFNKBEDD_00357	CDS	3291	rcsC_9	2.7.13.3		Sensor histidine kinase RcsC
EFNKBEDD_00358	CDS	213				hypothetical protein
EFNKBEDD_00359	CDS	141				hypothetical protein
EFNKBEDD_00360	CDS	771				hypothetical protein
EFNKBEDD_00361	CDS	492				hypothetical protein
EFNKBEDD_00362	CDS	372				hypothetical protein
EFNKBEDD_00363	CDS	1752	ubiB_2	2.7.-.-		protein kinase UbiB
EFNKBEDD_00364	CDS	1128	desV_1	2.6.1.106		dTDP-3-amino-3,4,6-trideoxy-alpha-D-glucose transaminase
EFNKBEDD_00365	CDS	1833				hypothetical protein
EFNKBEDD_00366	CDS	321				hypothetical protein
EFNKBEDD_00367	tRNA	72				tRNA-Gly(gcc)
EFNKBEDD_00368	CDS	420				hypothetical protein
EFNKBEDD_00369	CDS	1245	proA_1	1.2.1.41	COG0014	Gamma-glutamyl phosphate reductase
	CRISPR	1343				
EFNKBEDD_00370	CDS	399				hypothetical protein
	CRISPR	757				
EFNKBEDD_00371	CDS	504	mshD_1	2.3.1.189		Mycothiol acetyltransferase
EFNKBEDD_00372	CDS	684				hypothetical protein
EFNKBEDD_00373	CDS	942		1.-.-.-	COG0667	putative oxidoreductase
EFNKBEDD_00374	CDS	1341	guaD	3.5.4.3	COG0402	Guanine deaminase
EFNKBEDD_00375	CDS	708				hypothetical protein
EFNKBEDD_00376	CDS	1122			COG4663	Monocarboxylate 2-oxoacid-binding periplasmic protein
EFNKBEDD_00377	CDS	909	glcK_1	2.7.1.2	COG1940	Glucokinase
EFNKBEDD_00378	CDS	1284	sctC			Type 3 secretion system secretin
EFNKBEDD_00379	CDS	1107				hypothetical protein
EFNKBEDD_00380	CDS	876				hypothetical protein
EFNKBEDD_00381	CDS	1014	ousX_1		COG2113	Glycine betaine-binding periplasmic protein OusX
EFNKBEDD_00382	CDS	957				hypothetical protein
EFNKBEDD_00383	CDS	1083	ycf3_2			Photosystem I assembly protein Ycf3
EFNKBEDD_00384	CDS	1608				hypothetical protein
EFNKBEDD_00385	CDS	249				hypothetical protein
EFNKBEDD_00386	CDS	1974	ziaA	7.2.2.12		Zinc-transporting ATPase
EFNKBEDD_00387	CDS	2232	comEC		COG0658	ComE operon protein 3
EFNKBEDD_00388	CDS	429				hypothetical protein
EFNKBEDD_00389	CDS	348				hypothetical protein
EFNKBEDD_00390	CDS	1794	mrdA_1	3.4.16.4	COG0768	Peptidoglycan D,D-transpeptidase MrdA
EFNKBEDD_00391	CDS	1473	ffh		COG0541	Signal recognition particle protein
EFNKBEDD_00392	CDS	264	rpsP		COG0228	30S ribosomal protein S16
EFNKBEDD_00393	CDS	447				hypothetical protein
EFNKBEDD_00394	CDS	483			COG1702	PhoH-like protein
EFNKBEDD_00395	CDS	534			COG1702	PhoH-like protein
EFNKBEDD_00396	CDS	801				hypothetical protein
EFNKBEDD_00397	CDS	1080	yacL	3.1.-.-	COG4956	putative PIN and TRAM-domain containing protein YacL
EFNKBEDD_00398	CDS	690	ispD	2.7.7.60	COG1211	2-C-methyl-D-erythritol 4-phosphate cytidylyltransferase
EFNKBEDD_00399	CDS	402			COG2335	Immunogenic protein MPT70
EFNKBEDD_00400	CDS	1302				hypothetical protein
EFNKBEDD_00401	CDS	387				hypothetical protein
EFNKBEDD_00402	CDS	318				hypothetical protein
EFNKBEDD_00403	CDS	945	egtB_2	1.14.99.50		Hercynine oxygenase
EFNKBEDD_00404	CDS	375				hypothetical protein
EFNKBEDD_00405	CDS	1500	ndhD1_1	7.1.1.-	COG1008	NAD(P)H-quinone oxidoreductase chain 4 1
EFNKBEDD_00406	CDS	1914	nuoL_1	7.1.1.-	COG1009	NADH-quinone oxidoreductase subunit L
EFNKBEDD_00407	CDS	216				hypothetical protein
EFNKBEDD_00408	CDS	522				hypothetical protein
EFNKBEDD_00409	CDS	774				hypothetical protein
EFNKBEDD_00410	CDS	618				hypothetical protein
EFNKBEDD_00411	CDS	1470	cry			Cryptochrome DASH
EFNKBEDD_00412	CDS	216				hypothetical protein
EFNKBEDD_00413	CDS	1998				hypothetical protein
EFNKBEDD_00414	CDS	675				hypothetical protein
EFNKBEDD_00415	CDS	750				hypothetical protein
EFNKBEDD_00416	CDS	1803				hypothetical protein
EFNKBEDD_00417	CDS	429				hypothetical protein
EFNKBEDD_00418	CDS	1176	scmP_1	3.5.1.-	COG1473	N-acetylcysteine deacetylase
EFNKBEDD_00419	CDS	186				hypothetical protein
EFNKBEDD_00420	CDS	2784				hypothetical protein
EFNKBEDD_00421	CDS	2853	rcsC_10	2.7.13.3		Sensor histidine kinase RcsC
EFNKBEDD_00422	CDS	2589	rcsC_11	2.7.13.3		Sensor histidine kinase RcsC
EFNKBEDD_00423	CDS	789	rcsC_12	2.7.13.3		Sensor histidine kinase RcsC
EFNKBEDD_00424	CDS	1878	rssB_1			Regulator of RpoS
EFNKBEDD_00425	CDS	642	tal_1	2.2.1.2	COG0176	Transaldolase
EFNKBEDD_00426	CDS	1179				hypothetical protein
EFNKBEDD_00427	CDS	876				hypothetical protein
EFNKBEDD_00428	CDS	846				hypothetical protein
EFNKBEDD_00429	CDS	261				hypothetical protein
EFNKBEDD_00430	CDS	135				hypothetical protein
EFNKBEDD_00431	CDS	558				IS630 family transposase ISAtsp7
EFNKBEDD_00432	CDS	399				hypothetical protein
EFNKBEDD_00433	CDS	2151	yhgF		COG2183	Protein YhgF
EFNKBEDD_00434	CDS	729				hypothetical protein
EFNKBEDD_00435	CDS	957	udk_1	2.7.1.48		Uridine kinase
EFNKBEDD_00436	CDS	1581	serA	1.1.1.95	COG0111	D-3-phosphoglycerate dehydrogenase
EFNKBEDD_00437	CDS	987				hypothetical protein
EFNKBEDD_00438	CDS	399				hypothetical protein
EFNKBEDD_00439	CDS	558				IS630 family transposase ISAtsp7
EFNKBEDD_00440	CDS	549				hypothetical protein
	CRISPR	4452				
EFNKBEDD_00441	CDS	273	cas2_1	3.1.-.-		CRISPR-associated endoribonuclease Cas2
EFNKBEDD_00442	CDS	1023	cas1_1	3.1.-.-	COG1518	CRISPR-associated endonuclease Cas1
EFNKBEDD_00443	CDS	588				hypothetical protein
EFNKBEDD_00444	CDS	822				hypothetical protein
EFNKBEDD_00445	CDS	606				hypothetical protein
EFNKBEDD_00446	CDS	744				hypothetical protein
EFNKBEDD_00447	CDS	1008				hypothetical protein
EFNKBEDD_00448	CDS	3402				hypothetical protein
EFNKBEDD_00449	CDS	441				hypothetical protein
EFNKBEDD_00450	CDS	456				hypothetical protein
EFNKBEDD_00451	CDS	225				hypothetical protein
EFNKBEDD_00452	CDS	2184				hypothetical protein
EFNKBEDD_00453	CDS	882				hypothetical protein
EFNKBEDD_00454	CDS	627				hypothetical protein
EFNKBEDD_00455	CDS	2700				hypothetical protein
EFNKBEDD_00456	CDS	1044				hypothetical protein
EFNKBEDD_00457	CDS	1653	rssB_2			Regulator of RpoS
EFNKBEDD_00458	CDS	1101	rcsC_13	2.7.13.3		Sensor histidine kinase RcsC
EFNKBEDD_00459	CDS	1770	rssB_3			Regulator of RpoS
EFNKBEDD_00460	CDS	1137	rcsC_14	2.7.13.3		Sensor histidine kinase RcsC
EFNKBEDD_00461	CDS	2202				hypothetical protein
EFNKBEDD_00462	CDS	657				hypothetical protein
EFNKBEDD_00463	CDS	765	purC	6.3.2.6	COG0152	Phosphoribosylaminoimidazole-succinocarboxamide synthase
EFNKBEDD_00464	CDS	3015	bamA			Outer membrane protein assembly factor BamA
EFNKBEDD_00465	CDS	831	lpxC	3.5.1.108	COG0774	UDP-3-O-acyl-N-acetylglucosamine deacetylase
EFNKBEDD_00466	CDS	348	fabZ	4.2.1.59		3-hydroxyacyl-[acyl-carrier-protein] dehydratase FabZ
EFNKBEDD_00467	CDS	162				hypothetical protein
EFNKBEDD_00468	CDS	594	lpxA	2.3.1.129		Acyl-[acyl-carrier-protein]--UDP-N-acetylglucosamine O-acyltransferase
EFNKBEDD_00469	CDS	234				hypothetical protein
EFNKBEDD_00470	CDS	831				hypothetical protein
EFNKBEDD_00471	CDS	1173	lpxB_1	2.4.1.182	COG0763	Lipid-A-disaccharide synthase
EFNKBEDD_00472	CDS	1101	hicd	1.1.1.87	COG0473	Homoisocitrate dehydrogenase
EFNKBEDD_00473	CDS	3366				hypothetical protein
EFNKBEDD_00474	CDS	1665	groL2			60 kDa chaperonin 2
EFNKBEDD_00475	CDS	651				hypothetical protein
EFNKBEDD_00476	CDS	531	cysC	2.7.1.25		putative adenylyl-sulfate kinase
EFNKBEDD_00477	CDS	2850				hypothetical protein
EFNKBEDD_00478	CDS	294				hypothetical protein
EFNKBEDD_00479	CDS	2073	sasA_4	2.7.-.-		Adaptive-response sensory-kinase SasA
EFNKBEDD_00480	CDS	696				Ycf53-like protein
EFNKBEDD_00481	CDS	1014	ousX_2		COG2113	Glycine betaine-binding periplasmic protein OusX
EFNKBEDD_00482	CDS	1071				hypothetical protein
EFNKBEDD_00483	CDS	330				hypothetical protein
EFNKBEDD_00484	CDS	1038				hypothetical protein
EFNKBEDD_00485	CDS	570				hypothetical protein
EFNKBEDD_00486	CDS	276				hypothetical protein
EFNKBEDD_00487	CDS	291				hypothetical protein
EFNKBEDD_00488	CDS	1296				hypothetical protein
EFNKBEDD_00489	CDS	1035				hypothetical protein
EFNKBEDD_00490	CDS	1197				hypothetical protein
EFNKBEDD_00491	CDS	1158				hypothetical protein
EFNKBEDD_00492	CDS	837	dapF	5.1.1.7	COG0253	Diaminopimelate epimerase
EFNKBEDD_00493	CDS	213				hypothetical protein
EFNKBEDD_00494	CDS	678				hypothetical protein
EFNKBEDD_00495	CDS	543				hypothetical protein
EFNKBEDD_00496	CDS	657				hypothetical protein
EFNKBEDD_00497	CDS	582				hypothetical protein
EFNKBEDD_00498	CDS	402				hypothetical protein
EFNKBEDD_00499	CDS	642	hisH	4.3.2.10	COG0118	Imidazole glycerol phosphate synthase subunit HisH
EFNKBEDD_00500	CDS	330				hypothetical protein
EFNKBEDD_00501	CDS	348				hypothetical protein
EFNKBEDD_00502	CDS	1122	sigA_1		COG0568	RNA polymerase sigma factor SigA
EFNKBEDD_00503	CDS	162				hypothetical protein
EFNKBEDD_00504	CDS	1266	msiK	7.5.2.-	COG3839	Diacetylchitobiose uptake system ATP-binding protein MsiK
EFNKBEDD_00505	CDS	150				hypothetical protein
EFNKBEDD_00506	CDS	201				hypothetical protein
EFNKBEDD_00507	CDS	387				hypothetical protein
EFNKBEDD_00508	CDS	681				hypothetical protein
EFNKBEDD_00509	CDS	2565	gyrA_2	5.6.2.2	COG0188	DNA gyrase subunit A
EFNKBEDD_00510	CDS	399	divK			Polar-differentiation response regulator DivK
EFNKBEDD_00511	CDS	1209				hypothetical protein
EFNKBEDD_00512	CDS	897	bepA_2	3.4.-.-		Beta-barrel assembly-enhancing protease
EFNKBEDD_00513	CDS	1200	rcsC_15	2.7.13.3		Sensor histidine kinase RcsC
EFNKBEDD_00514	CDS	918				hypothetical protein
EFNKBEDD_00515	CDS	762		4.1.2.58		2-dehydro-3,6-dideoxy-6-sulfogluconate aldolase
EFNKBEDD_00516	CDS	210				hypothetical protein
EFNKBEDD_00517	CDS	1050	hisC_1	2.6.1.9	COG0079	Histidinol-phosphate aminotransferase
EFNKBEDD_00518	CDS	1128				hypothetical protein
EFNKBEDD_00519	CDS	1680				hypothetical protein
EFNKBEDD_00520	CDS	186	bchB	1.3.7.7		Light-independent protochlorophyllide reductase subunit B
EFNKBEDD_00521	CDS	1179				hypothetical protein
EFNKBEDD_00522	CDS	174				hypothetical protein
EFNKBEDD_00523	CDS	465				hypothetical protein
EFNKBEDD_00524	CDS	678				hypothetical protein
EFNKBEDD_00525	CDS	1245	epsF		COG1459	Type II secretion system protein F
EFNKBEDD_00526	CDS	1080	pilT_1		COG2805	Twitching mobility protein
EFNKBEDD_00527	CDS	2028				hypothetical protein
EFNKBEDD_00528	CDS	810	grpE			Protein GrpE
EFNKBEDD_00529	CDS	1962	dnaK_1			Chaperone protein DnaK
EFNKBEDD_00530	CDS	1131	dnaJ_1		COG0484	Chaperone protein DnaJ
EFNKBEDD_00531	CDS	288				hypothetical protein
EFNKBEDD_00532	CDS	1026	rsgA_1	3.6.1.-	COG1162	Small ribosomal subunit biogenesis GTPase RsgA
EFNKBEDD_00533	CDS	186				hypothetical protein
EFNKBEDD_00534	CDS	285				hypothetical protein
EFNKBEDD_00535	CDS	411				hypothetical protein
EFNKBEDD_00536	CDS	327				hypothetical protein
EFNKBEDD_00537	CDS	756	ydfK		COG1811	putative membrane protein YdfK
EFNKBEDD_00538	CDS	1635				hypothetical protein
EFNKBEDD_00539	CDS	465				hypothetical protein
EFNKBEDD_00540	CDS	744				hypothetical protein
EFNKBEDD_00541	CDS	171				hypothetical protein
EFNKBEDD_00542	CDS	996	scrK	2.7.1.4	COG0524	Fructokinase
EFNKBEDD_00543	CDS	279				hypothetical protein
EFNKBEDD_00544	CDS	306				hypothetical protein
EFNKBEDD_00545	CDS	1275	hisS	6.1.1.21		Histidine--tRNA ligase
EFNKBEDD_00546	CDS	180				hypothetical protein
EFNKBEDD_00547	CDS	1416				hypothetical protein
EFNKBEDD_00548	CDS	807				hypothetical protein
EFNKBEDD_00549	CDS	789	moaA_1			GTP 3',8-cyclase
EFNKBEDD_00550	CDS	621				hypothetical protein
EFNKBEDD_00551	CDS	456				hypothetical protein
EFNKBEDD_00552	CDS	1392	mdtB_2			Multidrug resistance protein MdtB
EFNKBEDD_00553	CDS	729	mdtC_1			Multidrug resistance protein MdtC
EFNKBEDD_00554	CDS	1032	mdtC_2			Multidrug resistance protein MdtC
EFNKBEDD_00555	CDS	252				hypothetical protein
EFNKBEDD_00556	CDS	198				hypothetical protein
EFNKBEDD_00557	CDS	444	ureE			Urease accessory protein UreE
EFNKBEDD_00558	CDS	1077				hypothetical protein
EFNKBEDD_00559	CDS	489				hypothetical protein
EFNKBEDD_00560	CDS	1002				hypothetical protein
EFNKBEDD_00561	CDS	654				hypothetical protein
EFNKBEDD_00562	CDS	234				hypothetical protein
EFNKBEDD_00563	CDS	219				hypothetical protein
EFNKBEDD_00564	CDS	285				hypothetical protein
EFNKBEDD_00565	CDS	558				hypothetical protein
EFNKBEDD_00566	CDS	759	COQ5_1	2.1.1.163		2-methoxy-6-polyprenyl-1,4-benzoquinol methylase, mitochondrial
EFNKBEDD_00567	CDS	1494	glmM_2	5.4.2.10		Phosphoglucosamine mutase
EFNKBEDD_00568	CDS	543				hypothetical protein
EFNKBEDD_00569	CDS	1059				hypothetical protein
EFNKBEDD_00570	CDS	624				hypothetical protein
EFNKBEDD_00571	CDS	120				hypothetical protein
EFNKBEDD_00572	CDS	396				hypothetical protein
EFNKBEDD_00573	CDS	807				hypothetical protein
EFNKBEDD_00574	CDS	369	yjjG	3.1.3.5	COG1011	Pyrimidine 5'-nucleotidase YjjG
EFNKBEDD_00575	CDS	264				hypothetical protein
EFNKBEDD_00576	CDS	1194	ndbB_1	1.6.5.12		Demethylphylloquinone reductase NdbB
EFNKBEDD_00577	CDS	1392				hypothetical protein
EFNKBEDD_00578	CDS	357				hypothetical protein
EFNKBEDD_00579	CDS	5181				hypothetical protein
EFNKBEDD_00580	CDS	345				hypothetical protein
EFNKBEDD_00581	CDS	795	ytrE		COG1136	ABC transporter ATP-binding protein YtrE
EFNKBEDD_00582	CDS	1203				hypothetical protein
EFNKBEDD_00583	CDS	297				hypothetical protein
EFNKBEDD_00584	CDS	1533	crtN	1.3.8.2		4,4'-diapophytoene desaturase (4,4'-diapolycopene-forming)
EFNKBEDD_00585	CDS	186				hypothetical protein
EFNKBEDD_00586	CDS	822				hypothetical protein
EFNKBEDD_00587	CDS	906				hypothetical protein
EFNKBEDD_00588	CDS	411				hypothetical protein
EFNKBEDD_00589	CDS	237				hypothetical protein
EFNKBEDD_00590	CDS	882				hypothetical protein
EFNKBEDD_00591	CDS	195				hypothetical protein
EFNKBEDD_00592	CDS	582				hypothetical protein
EFNKBEDD_00593	CDS	1914	dxs_1	2.2.1.7		1-deoxy-D-xylulose-5-phosphate synthase
EFNKBEDD_00594	CDS	222				hypothetical protein
EFNKBEDD_00595	CDS	1083				hypothetical protein
EFNKBEDD_00596	CDS	186				hypothetical protein
EFNKBEDD_00597	CDS	237				hypothetical protein
EFNKBEDD_00598	CDS	276				hypothetical protein
EFNKBEDD_00599	CDS	1206				hypothetical protein
EFNKBEDD_00600	CDS	756	prsA	5.2.1.8		Foldase protein PrsA
EFNKBEDD_00601	CDS	3084	btuD_1	7.6.2.8		Vitamin B12 import ATP-binding protein BtuD
EFNKBEDD_00602	CDS	1497	ltxD			Leukotoxin export protein LtxD
EFNKBEDD_00603	CDS	549	rmlC	5.1.3.13	COG1898	dTDP-4-dehydrorhamnose 3,5-epimerase
EFNKBEDD_00604	CDS	903	rfbD	1.1.1.133	COG1091	dTDP-4-dehydrorhamnose reductase
EFNKBEDD_00605	CDS	261				hypothetical protein
EFNKBEDD_00606	CDS	1074	cugP_1	2.7.7.9		UTP--glucose-1-phosphate uridylyltransferase
EFNKBEDD_00607	CDS	2874				hypothetical protein
EFNKBEDD_00608	CDS	600				hypothetical protein
EFNKBEDD_00609	CDS	1758	mrdA_2	3.4.16.4	COG0768	Peptidoglycan D,D-transpeptidase MrdA
EFNKBEDD_00610	CDS	417				Bacteriohemerythrin
EFNKBEDD_00611	CDS	1344	pepP_1	3.4.11.9	COG0006	Xaa-Pro aminopeptidase
EFNKBEDD_00612	CDS	1356	pyrC_1	3.5.2.3	COG0044	Dihydroorotase
EFNKBEDD_00613	CDS	948	lnrL_1	3.6.3.-	COG1131	Linearmycin resistance ATP-binding protein LnrL
EFNKBEDD_00614	CDS	1659				hypothetical protein
EFNKBEDD_00615	CDS	672				hypothetical protein
EFNKBEDD_00616	CDS	1218				hypothetical protein
EFNKBEDD_00617	CDS	450	ndk	2.7.4.6		Nucleoside diphosphate kinase
EFNKBEDD_00618	CDS	561	spkF_1	2.7.11.1		Serine/threonine-protein kinase F
EFNKBEDD_00619	CDS	1629				hypothetical protein
EFNKBEDD_00620	CDS	759	linC	1.1.1.-	COG1028	2,5-dichloro-2,5-cyclohexadiene-1,4-diol dehydrogenase
EFNKBEDD_00621	CDS	549				hypothetical protein
EFNKBEDD_00622	CDS	3099				hypothetical protein
EFNKBEDD_00623	CDS	1506	nadB	1.4.3.16	COG0029	L-aspartate oxidase
EFNKBEDD_00624	CDS	285				hypothetical protein
EFNKBEDD_00625	CDS	261				hypothetical protein
EFNKBEDD_00626	CDS	585				hypothetical protein
EFNKBEDD_00627	CDS	1005				hypothetical protein
EFNKBEDD_00628	CDS	1815				hypothetical protein
EFNKBEDD_00629	CDS	675				hypothetical protein
EFNKBEDD_00630	CDS	1323				hypothetical protein
EFNKBEDD_00631	CDS	528				hypothetical protein
EFNKBEDD_00632	CDS	837				hypothetical protein
EFNKBEDD_00633	CDS	612				hypothetical protein
EFNKBEDD_00634	CDS	1236				hypothetical protein
EFNKBEDD_00635	CDS	405	epsE		COG2804	Type II secretion system protein E
EFNKBEDD_00636	CDS	1035				hypothetical protein
EFNKBEDD_00637	CDS	918				hypothetical protein
EFNKBEDD_00638	CDS	981	ycjY		COG1073	putative protein YcjY
EFNKBEDD_00639	CDS	876	rhaS_1			HTH-type transcriptional activator RhaS
EFNKBEDD_00640	CDS	1206				hypothetical protein
EFNKBEDD_00641	CDS	1107	des	1.14.19.-	COG3239	Fatty acid desaturase
EFNKBEDD_00642	CDS	465				hypothetical protein
EFNKBEDD_00643	CDS	171				hypothetical protein
EFNKBEDD_00644	CDS	531				hypothetical protein
EFNKBEDD_00645	CDS	612				hypothetical protein
EFNKBEDD_00646	CDS	558				IS630 family transposase ISAtsp7
EFNKBEDD_00647	CDS	399				hypothetical protein
EFNKBEDD_00648	CDS	462	lrpC		COG1522	HTH-type transcriptional regulator LrpC
EFNKBEDD_00649	CDS	1890	rcsC_16	2.7.13.3		Sensor histidine kinase RcsC
EFNKBEDD_00650	CDS	1974	rcsC_17	2.7.13.3		Sensor histidine kinase RcsC
EFNKBEDD_00651	CDS	5214	rcsC_18	2.7.13.3		Sensor histidine kinase RcsC
EFNKBEDD_00652	CDS	1179	ftsW	2.4.1.129	COG0772	putative peptidoglycan glycosyltransferase FtsW
EFNKBEDD_00653	CDS	204	apcC			Phycobilisome 7.8 kDa linker polypeptide, allophycocyanin-associated, core
EFNKBEDD_00654	CDS	486	apcB			Allophycocyanin beta chain
EFNKBEDD_00655	CDS	486	apcA			Allophycocyanin alpha chain
EFNKBEDD_00656	CDS	2673	apcE	4.-.-.-		Phycobiliprotein ApcE
EFNKBEDD_00657	CDS	1209				putative protein
EFNKBEDD_00658	CDS	435				hypothetical protein
EFNKBEDD_00659	CDS	762	atpB		COG0356	ATP synthase subunit a
EFNKBEDD_00660	CDS	246	atpE		COG0636	ATP synthase subunit c
EFNKBEDD_00661	CDS	480	atpG_1		COG0711	ATP synthase subunit b'
EFNKBEDD_00662	CDS	528	atpF		COG0711	ATP synthase subunit b
EFNKBEDD_00663	CDS	549	atpH		COG0712	ATP synthase subunit delta
EFNKBEDD_00664	CDS	312	atpA_1	7.1.2.2	COG0056	ATP synthase subunit alpha
EFNKBEDD_00665	CDS	1209	atpA_2	7.1.2.2	COG0056	ATP synthase subunit alpha
EFNKBEDD_00666	CDS	954	atpG_2		COG0224	ATP synthase gamma chain
EFNKBEDD_00667	CDS	324				hypothetical protein
EFNKBEDD_00668	CDS	624				hypothetical protein
EFNKBEDD_00669	CDS	537				hypothetical protein
EFNKBEDD_00670	CDS	1227		3.4.24.-	COG0612	putative zinc protease
EFNKBEDD_00671	CDS	1320		3.4.24.-	COG0612	putative zinc protease
EFNKBEDD_00672	CDS	1527	ypwA	3.4.17.19	COG2317	Carboxypeptidase 1
EFNKBEDD_00673	CDS	279				hypothetical protein
EFNKBEDD_00674	CDS	1194	pilT_2		COG2805	Twitching mobility protein
EFNKBEDD_00675	CDS	660				hypothetical protein
EFNKBEDD_00676	CDS	1002	qorA	1.6.5.5	COG0604	Quinone oxidoreductase 1
EFNKBEDD_00677	CDS	738	comB	3.1.3.71	COG2045	putative 2-phosphosulfolactate phosphatase
EFNKBEDD_00678	CDS	1329	MgdE	5.1.3.34		Monoglucosyldiacylglycerol epimerase
EFNKBEDD_00679	CDS	2013				hypothetical protein
EFNKBEDD_00680	CDS	897				hypothetical protein
EFNKBEDD_00681	CDS	792	ompA			Outer membrane protein A
EFNKBEDD_00682	CDS	495				hypothetical protein
EFNKBEDD_00683	CDS	420				hypothetical protein
EFNKBEDD_00684	CDS	516				hypothetical protein
EFNKBEDD_00685	CDS	1068				hypothetical protein
EFNKBEDD_00686	CDS	384				hypothetical protein
EFNKBEDD_00687	CDS	1425		2.4.1.336	COG1215	Beta-monoglucosyldiacylglycerol synthase
EFNKBEDD_00688	CDS	1011				hypothetical protein
EFNKBEDD_00689	CDS	984	sphX		COG0226	Protein SphX
EFNKBEDD_00690	CDS	933				hypothetical protein
EFNKBEDD_00691	CDS	939	pstA_1		COG0581	Phosphate transport system permease protein PstA
EFNKBEDD_00692	CDS	828	pstB_1	7.3.2.1	COG1117	Phosphate import ATP-binding protein PstB
EFNKBEDD_00693	CDS	201				hypothetical protein
EFNKBEDD_00694	CDS	432				IS982 family transposase ISVsa6
EFNKBEDD_00695	CDS	195				hypothetical protein
EFNKBEDD_00696	CDS	195				hypothetical protein
EFNKBEDD_00697	CDS	120				hypothetical protein
EFNKBEDD_00698	CDS	600				hypothetical protein
EFNKBEDD_00699	CDS	1260				hypothetical protein
EFNKBEDD_00700	CDS	585	kptA	2.7.1.-	COG1859	putative RNA 2'-phosphotransferase
EFNKBEDD_00701	CDS	405				hypothetical protein
EFNKBEDD_00702	CDS	906	mtnP	2.4.2.28	COG0005	S-methyl-5'-thioadenosine phosphorylase
EFNKBEDD_00703	CDS	1203				hypothetical protein
EFNKBEDD_00704	CDS	183				hypothetical protein
EFNKBEDD_00705	CDS	720	ddpX	3.4.13.22		D-alanyl-D-alanine dipeptidase
EFNKBEDD_00706	CDS	267	yidD			Putative membrane protein insertion efficiency factor
EFNKBEDD_00707	CDS	1104				hypothetical protein
EFNKBEDD_00708	CDS	453	dnaJ_2			Chaperone protein DnaJ
EFNKBEDD_00709	CDS	273				hypothetical protein
EFNKBEDD_00710	CDS	966				hypothetical protein
EFNKBEDD_00711	CDS	360	arnE			4-amino-4-deoxy-L-arabinose-phosphoundecaprenol flippase subunit ArnE
EFNKBEDD_00712	CDS	390				hypothetical protein
EFNKBEDD_00713	CDS	657	COQ3_1	2.1.1.222		Ubiquinone biosynthesis O-methyltransferase, mitochondrial
EFNKBEDD_00714	CDS	162				hypothetical protein
EFNKBEDD_00715	CDS	2058				hypothetical protein
EFNKBEDD_00716	CDS	1881				hypothetical protein
EFNKBEDD_00717	CDS	579				hypothetical protein
EFNKBEDD_00718	CDS	483				hypothetical protein
EFNKBEDD_00719	CDS	189				hypothetical protein
EFNKBEDD_00720	CDS	750	phnC	7.3.2.1	COG3638	Phosphate-import ATP-binding protein PhnC
EFNKBEDD_00721	CDS	3495	rcsC_19	2.7.13.3		Sensor histidine kinase RcsC
EFNKBEDD_00722	CDS	1497	rcsC_20	2.7.13.3		Sensor histidine kinase RcsC
EFNKBEDD_00723	CDS	864				hypothetical protein
EFNKBEDD_00724	CDS	2139	glyS	6.1.1.14	COG0751	Glycine--tRNA ligase beta subunit
EFNKBEDD_00725	CDS	468				hypothetical protein
EFNKBEDD_00726	CDS	462				hypothetical protein
EFNKBEDD_00727	CDS	642				hypothetical protein
EFNKBEDD_00728	CDS	585				hypothetical protein
EFNKBEDD_00729	CDS	396				hypothetical protein
EFNKBEDD_00730	CDS	966	accD	2.1.3.15	COG0777	Acetyl-coenzyme A carboxylase carboxyl transferase subunit beta
EFNKBEDD_00731	CDS	216				hypothetical protein
EFNKBEDD_00732	CDS	804	comC			Type 4 prepilin-like proteins leader peptide-processing enzyme
EFNKBEDD_00733	CDS	294				hypothetical protein
EFNKBEDD_00734	CDS	2145				hypothetical protein
EFNKBEDD_00735	CDS	1032	acoA_1	1.1.1.-	COG1071	Acetoin:2,6-dichlorophenolindophenol oxidoreductase subunit alpha
EFNKBEDD_00736	CDS	387				hypothetical protein
EFNKBEDD_00737	CDS	258				hypothetical protein
EFNKBEDD_00738	CDS	573				hypothetical protein
EFNKBEDD_00739	CDS	453				hypothetical protein
EFNKBEDD_00740	CDS	507				hypothetical protein
EFNKBEDD_00741	CDS	363				hypothetical protein
EFNKBEDD_00742	CDS	243				hypothetical protein
EFNKBEDD_00743	CDS	831				hypothetical protein
EFNKBEDD_00744	CDS	234				hypothetical protein
EFNKBEDD_00745	CDS	1962				hypothetical protein
EFNKBEDD_00746	CDS	294				hypothetical protein
EFNKBEDD_00747	CDS	2004				hypothetical protein
EFNKBEDD_00748	CDS	3081	gltB_1	1.4.7.1		Ferredoxin-dependent glutamate synthase 1
EFNKBEDD_00749	CDS	1518	gltB_2	1.4.7.1		Ferredoxin-dependent glutamate synthase 1
EFNKBEDD_00750	CDS	1140	gltB_3	1.4.1.13	COG0493	Glutamate synthase [NADPH] small chain
EFNKBEDD_00751	CDS	348	gltB_4	1.4.1.13	COG0493	Glutamate synthase [NADPH] small chain
EFNKBEDD_00752	CDS	285				hypothetical protein
EFNKBEDD_00753	CDS	636				hypothetical protein
EFNKBEDD_00754	CDS	369	yccF		COG3304	Inner membrane protein YccF
EFNKBEDD_00755	CDS	192				hypothetical protein
EFNKBEDD_00756	CDS	1197	arnB	2.6.1.87		UDP-4-amino-4-deoxy-L-arabinose--oxoglutarate aminotransferase
EFNKBEDD_00757	CDS	2664				hypothetical protein
EFNKBEDD_00758	CDS	825	dapB	1.17.1.8	COG0289	4-hydroxy-tetrahydrodipicolinate reductase
EFNKBEDD_00759	CDS	543	pyrR		COG2065	Bifunctional protein PyrR
EFNKBEDD_00760	CDS	939	cobD_1		COG1270	Cobalamin biosynthesis protein CobD
EFNKBEDD_00761	CDS	444	cymR			HTH-type transcriptional regulator CymR
EFNKBEDD_00762	CDS	393				hypothetical protein
EFNKBEDD_00763	CDS	417				hypothetical protein
EFNKBEDD_00764	CDS	1647	arnT_2	2.4.2.43		Undecaprenyl phosphate-alpha-4-amino-4-deoxy-L-arabinose arabinosyl transferase
EFNKBEDD_00765	CDS	375				hypothetical protein
EFNKBEDD_00766	CDS	1224				IS200/IS605 family transposase ISNsp2
EFNKBEDD_00767	CDS	519				hypothetical protein
EFNKBEDD_00768	CDS	777				hypothetical protein
EFNKBEDD_00769	CDS	801	bepA_3	3.4.-.-		Beta-barrel assembly-enhancing protease
EFNKBEDD_00770	CDS	237	rpmB		COG0227	50S ribosomal protein L28
EFNKBEDD_00771	CDS	5556				hypothetical protein
EFNKBEDD_00772	CDS	786				hypothetical protein
EFNKBEDD_00773	CDS	1167				hypothetical protein
EFNKBEDD_00774	CDS	744				hypothetical protein
EFNKBEDD_00775	CDS	573				hypothetical protein
EFNKBEDD_00776	CDS	1143	gltA	2.3.3.16	COG0372	Citrate synthase
EFNKBEDD_00777	CDS	363	norV			Anaerobic nitric oxide reductase flavorubredoxin
EFNKBEDD_00778	CDS	1017			COG4447	Ycf48-like protein
EFNKBEDD_00779	CDS	252	psbE_1			Cytochrome b559 subunit alpha
EFNKBEDD_00780	CDS	117	psbJ			Photosystem II reaction center protein J
EFNKBEDD_00781	CDS	567				hypothetical protein
EFNKBEDD_00782	CDS	1857	cysG_1	4.99.1.4		Siroheme synthase
EFNKBEDD_00783	CDS	954				hypothetical protein
EFNKBEDD_00784	CDS	1053				hypothetical protein
EFNKBEDD_00785	CDS	1227				hypothetical protein
EFNKBEDD_00786	CDS	1650	ycf3_3			Photosystem I assembly protein Ycf3
EFNKBEDD_00787	CDS	198				hypothetical protein
EFNKBEDD_00788	CDS	1293	glyA	2.1.2.1		Serine hydroxymethyltransferase
EFNKBEDD_00789	CDS	1053	tagO	2.7.8.33	COG0472	putative undecaprenyl-phosphate N-acetylglucosaminyl 1-phosphate transferase
EFNKBEDD_00790	CDS	1167	bioF	2.3.1.47		8-amino-7-oxononanoate synthase
EFNKBEDD_00791	CDS	771	pipB2_1		COG1357	Secreted effector protein PipB2
EFNKBEDD_00792	CDS	243				hypothetical protein
EFNKBEDD_00793	CDS	279				hypothetical protein
EFNKBEDD_00794	CDS	852				hypothetical protein
EFNKBEDD_00795	CDS	609	rpsD			30S ribosomal protein S4
EFNKBEDD_00796	CDS	228				hypothetical protein
EFNKBEDD_00797	CDS	198				hypothetical protein
EFNKBEDD_00798	CDS	240				hypothetical protein
EFNKBEDD_00799	CDS	900	trpC	4.1.1.48		Indole-3-glycerol phosphate synthase
EFNKBEDD_00800	CDS	297				IS701 family transposase ISMae34
EFNKBEDD_00801	CDS	3072	rcsC_21	2.7.13.3		Sensor histidine kinase RcsC
EFNKBEDD_00802	CDS	1425	lpdA	1.8.1.4		Dihydrolipoyl dehydrogenase
EFNKBEDD_00803	CDS	234				hypothetical protein
EFNKBEDD_00804	CDS	723				hypothetical protein
EFNKBEDD_00805	CDS	747				hypothetical protein
EFNKBEDD_00806	CDS	1143	queC	6.3.4.20		7-cyano-7-deazaguanine synthase
EFNKBEDD_00807	CDS	396				hypothetical protein
EFNKBEDD_00808	CDS	2592	acnB	4.2.1.3	COG1049	Aconitate hydratase B
EFNKBEDD_00809	CDS	189				hypothetical protein
EFNKBEDD_00810	CDS	255				hypothetical protein
EFNKBEDD_00811	CDS	123				hypothetical protein
EFNKBEDD_00812	CDS	2280				hypothetical protein
EFNKBEDD_00813	CDS	435				hypothetical protein
EFNKBEDD_00814	CDS	342				hypothetical protein
EFNKBEDD_00815	CDS	168				hypothetical protein
EFNKBEDD_00816	CDS	417				hypothetical protein
EFNKBEDD_00817	CDS	345				hypothetical protein
EFNKBEDD_00818	CDS	405				hypothetical protein
EFNKBEDD_00819	CDS	297				hypothetical protein
EFNKBEDD_00820	CDS	249				hypothetical protein
EFNKBEDD_00821	CDS	321				hypothetical protein
EFNKBEDD_00822	CDS	471				IS630 family transposase IS895
EFNKBEDD_00823	CDS	234				IS701 family transposase IS701
EFNKBEDD_00824	CDS	285				hypothetical protein
EFNKBEDD_00825	CDS	558				IS630 family transposase ISAtsp7
EFNKBEDD_00826	CDS	399				hypothetical protein
EFNKBEDD_00827	CDS	1176			COG3385	IS4 family transposase IS8402
EFNKBEDD_00828	CDS	552				IS701 family transposase ISNpu6
EFNKBEDD_00829	CDS	291				hypothetical protein
EFNKBEDD_00830	CDS	315				hypothetical protein
EFNKBEDD_00831	CDS	987	moaA_2			GTP 3',8-cyclase
EFNKBEDD_00832	CDS	504				hypothetical protein
EFNKBEDD_00833	CDS	606				hypothetical protein
EFNKBEDD_00834	CDS	525				hypothetical protein
EFNKBEDD_00835	CDS	780				hypothetical protein
EFNKBEDD_00836	CDS	591				hypothetical protein
EFNKBEDD_00837	CDS	99				hypothetical protein
EFNKBEDD_00838	CDS	153				hypothetical protein
EFNKBEDD_00839	CDS	531				hypothetical protein
EFNKBEDD_00840	CDS	2586	pigC	6.4.-.-		Prodigiosin synthesizing transferase PigC
EFNKBEDD_00841	CDS	948				hypothetical protein
EFNKBEDD_00842	CDS	903				hypothetical protein
EFNKBEDD_00843	CDS	453				hypothetical protein
EFNKBEDD_00844	CDS	2034	nuoL_2	7.1.1.-	COG1009	NADH-quinone oxidoreductase subunit L
EFNKBEDD_00845	CDS	1587	ndhD1_2	7.1.1.-	COG1008	NAD(P)H-quinone oxidoreductase chain 4 1
EFNKBEDD_00846	CDS	1344	tagU_1	2.7.8.-		Polyisoprenyl-teichoic acid--peptidoglycan teichoic acid transferase TagU
EFNKBEDD_00847	CDS	102				hypothetical protein
EFNKBEDD_00848	CDS	249				hypothetical protein
EFNKBEDD_00849	CDS	1011	adhA	1.1.1.-	COG1064	putative formaldehyde dehydrogenase AdhA
EFNKBEDD_00850	CDS	984	iolG_1	1.1.1.369		Inositol 2-dehydrogenase/D-chiro-inositol 3-dehydrogenase
EFNKBEDD_00851	CDS	774	rnc_2	3.1.26.3		Ribonuclease 3
EFNKBEDD_00852	CDS	318				hypothetical protein
EFNKBEDD_00853	CDS	306				hypothetical protein
EFNKBEDD_00854	CDS	594				hypothetical protein
EFNKBEDD_00855	CDS	504				hypothetical protein
EFNKBEDD_00856	CDS	504				hypothetical protein
EFNKBEDD_00857	CDS	1770				hypothetical protein
EFNKBEDD_00858	CDS	1305				hypothetical protein
EFNKBEDD_00859	CDS	231				hypothetical protein
EFNKBEDD_00860	CDS	285				hypothetical protein
EFNKBEDD_00861	CDS	1977	ftsH_1	3.4.24.-		ATP-dependent zinc metalloprotease FtsH
EFNKBEDD_00862	CDS	1845		6.2.1.51	COG0318	4-hydroxyphenylalkanoate adenylyltransferase
EFNKBEDD_00863	CDS	1755				hypothetical protein
EFNKBEDD_00864	CDS	390				hypothetical protein
EFNKBEDD_00865	CDS	1251	patA_1	2.3.1.-	COG1696	Peptidoglycan O-acetyltransferase
EFNKBEDD_00866	CDS	960				hypothetical protein
EFNKBEDD_00867	CDS	1260	ndbB_2	1.6.5.12		Demethylphylloquinone reductase NdbB
EFNKBEDD_00868	CDS	1851				hypothetical protein
EFNKBEDD_00869	CDS	1482	patA_2	2.3.1.-	COG1696	Peptidoglycan O-acetyltransferase
EFNKBEDD_00870	CDS	1116				hypothetical protein
EFNKBEDD_00871	CDS	669				hypothetical protein
EFNKBEDD_00872	CDS	1944				hypothetical protein
EFNKBEDD_00873	CDS	243				hypothetical protein
EFNKBEDD_00874	CDS	693				hypothetical protein
EFNKBEDD_00875	CDS	921		3.5.1.-	COG0123	Histone deacetylase-like amidohydrolase
EFNKBEDD_00876	CDS	864				hypothetical protein
EFNKBEDD_00877	CDS	534	spkB_2	2.7.11.1		Serine/threonine-protein kinase B
EFNKBEDD_00878	CDS	483	pipB2_2		COG1357	Secreted effector protein PipB2
EFNKBEDD_00879	CDS	576				hypothetical protein
EFNKBEDD_00880	CDS	783	mbtI	5.4.99.5	COG0147	Salicylate synthase
EFNKBEDD_00881	CDS	303				hypothetical protein
EFNKBEDD_00882	CDS	336				hypothetical protein
EFNKBEDD_00883	CDS	1461	ilvD_1	4.2.1.9	COG0129	Dihydroxy-acid dehydratase
EFNKBEDD_00884	CDS	273	ilvD_2	4.2.1.9		Dihydroxy-acid dehydratase
EFNKBEDD_00885	CDS	840				hypothetical protein
EFNKBEDD_00886	CDS	1524				hypothetical protein
EFNKBEDD_00887	CDS	1293				hypothetical protein
EFNKBEDD_00888	CDS	249	ftrV			Ferredoxin-thioredoxin reductase, variable chain
EFNKBEDD_00889	CDS	1518				hypothetical protein
EFNKBEDD_00890	CDS	354				hypothetical protein
EFNKBEDD_00891	CDS	438				hypothetical protein
EFNKBEDD_00892	CDS	1038	qmcA_1		COG0330	Protein QmcA
EFNKBEDD_00893	CDS	399	zur		COG0735	Zinc uptake regulation protein
EFNKBEDD_00894	CDS	6051	rcsC_22	2.7.13.3		Sensor histidine kinase RcsC
EFNKBEDD_00895	CDS	783				hypothetical protein
EFNKBEDD_00896	CDS	1977	htpG		COG0326	Chaperone protein HtpG
EFNKBEDD_00897	tRNA	75				tRNA-Ala(tgc)
EFNKBEDD_00898	CDS	894	glpE_1	2.8.1.1		Thiosulfate sulfurtransferase GlpE
EFNKBEDD_00899	CDS	189				hypothetical protein
EFNKBEDD_00900	CDS	3039	rcsC_23	2.7.13.3		Sensor histidine kinase RcsC
EFNKBEDD_00901	CDS	447				hypothetical protein
EFNKBEDD_00902	CDS	1233				hypothetical protein
EFNKBEDD_00903	CDS	228				hypothetical protein
EFNKBEDD_00904	CDS	2781	smc_2			Chromosome partition protein Smc
EFNKBEDD_00905	CDS	1029	ltaA	4.1.2.49		L-allo-threonine aldolase
EFNKBEDD_00906	CDS	366				hypothetical protein
EFNKBEDD_00907	CDS	261				hypothetical protein
EFNKBEDD_00908	CDS	819				hypothetical protein
EFNKBEDD_00909	CDS	693				hypothetical protein
EFNKBEDD_00910	CDS	1305				hypothetical protein
EFNKBEDD_00911	CDS	705				hypothetical protein
EFNKBEDD_00912	CDS	8445				hypothetical protein
EFNKBEDD_00913	CDS	1242	mshA_1	2.4.1.250		D-inositol-3-phosphate glycosyltransferase
EFNKBEDD_00914	CDS	432	rsfS			Ribosomal silencing factor RsfS
EFNKBEDD_00915	CDS	501				hypothetical protein
EFNKBEDD_00916	CDS	948				hypothetical protein
EFNKBEDD_00917	tRNA	77				tRNA-Met(cat)
EFNKBEDD_00918	CDS	420	ppiB	5.2.1.8	COG0652	putative peptidyl-prolyl cis-trans isomerase
EFNKBEDD_00919	CDS	2301	mop	1.2.99.7		Aldehyde oxidoreductase
EFNKBEDD_00920	CDS	234				hypothetical protein
EFNKBEDD_00921	CDS	366				hypothetical protein
EFNKBEDD_00922	CDS	1398				hypothetical protein
EFNKBEDD_00923	CDS	618				hypothetical protein
EFNKBEDD_00924	CDS	252				hypothetical protein
EFNKBEDD_00925	CDS	1530	comM		COG0606	Competence protein ComM
EFNKBEDD_00926	CDS	114				hypothetical protein
EFNKBEDD_00927	CDS	2889				hypothetical protein
EFNKBEDD_00928	CDS	996				hypothetical protein
EFNKBEDD_00929	CDS	1158				hypothetical protein
EFNKBEDD_00930	CDS	1419				hypothetical protein
EFNKBEDD_00931	tRNA	72				tRNA-Lys(ttt)
EFNKBEDD_00932	CDS	1161	sasA_5	2.7.13.3		Adaptive-response sensory-kinase SasA
EFNKBEDD_00933	CDS	1152	pucG	2.6.1.112	COG0075	(S)-ureidoglycine--glyoxylate transaminase
EFNKBEDD_00934	CDS	828				hypothetical protein
EFNKBEDD_00935	CDS	435				hypothetical protein
EFNKBEDD_00936	CDS	1059	mtnA	5.3.1.23	COG0182	Methylthioribose-1-phosphate isomerase
EFNKBEDD_00937	CDS	1713	kefC_1			Glutathione-regulated potassium-efflux system protein KefC
EFNKBEDD_00938	CDS	4206				hypothetical protein
EFNKBEDD_00939	CDS	753				hypothetical protein
EFNKBEDD_00940	CDS	252				hypothetical protein
EFNKBEDD_00941	CDS	1350	garB	1.8.1.16		Glutathione amide reductase
EFNKBEDD_00942	CDS	762	tatC		COG0805	Sec-independent protein translocase protein TatC
EFNKBEDD_00943	CDS	672				hypothetical protein
EFNKBEDD_00944	CDS	1062	idiA		COG1840	Iron deficiency-induced protein A
EFNKBEDD_00945	CDS	396				hypothetical protein
EFNKBEDD_00946	CDS	825				hypothetical protein
EFNKBEDD_00947	CDS	627	rimM		COG0806	Ribosome maturation factor RimM
EFNKBEDD_00948	CDS	1284	avtA	2.6.1.66	COG3977	Valine--pyruvate aminotransferase
EFNKBEDD_00949	CDS	795				hypothetical protein
EFNKBEDD_00950	CDS	726				hypothetical protein
EFNKBEDD_00951	CDS	495	gpmB	5.4.2.-		phosphoglycerate mutase GpmB
EFNKBEDD_00952	CDS	1488	sasA_6	2.7.-.-		Adaptive-response sensory-kinase SasA
EFNKBEDD_00953	CDS	738				hypothetical protein
EFNKBEDD_00954	CDS	432				hypothetical protein
EFNKBEDD_00955	CDS	1545				hypothetical protein
EFNKBEDD_00956	CDS	921	rbsK/rbiA			Bifunctional ribokinase/ribose-5-phosphate isomerase A
EFNKBEDD_00957	CDS	252				hypothetical protein
EFNKBEDD_00958	CDS	861	rbn_1	3.1.26.11		Ribonuclease BN
EFNKBEDD_00959	CDS	1122	aroC	4.2.3.5	COG0082	Chorismate synthase
EFNKBEDD_00960	CDS	912				hypothetical protein
EFNKBEDD_00961	CDS	594	ureG		COG0378	Urease accessory protein UreG
EFNKBEDD_00962	CDS	675	ureF		COG0830	Urease accessory protein UreF
	CRISPR	2695				
EFNKBEDD_00963	CDS	1152				hypothetical protein
EFNKBEDD_00964	CDS	927	thrB	2.7.1.39		Homoserine kinase
EFNKBEDD_00965	CDS	1317	amiC			Aliphatic amidase expression-regulating protein
EFNKBEDD_00966	CDS	1158				hypothetical protein
EFNKBEDD_00967	CDS	1008				hypothetical protein
EFNKBEDD_00968	CDS	975				hypothetical protein
EFNKBEDD_00969	CDS	1167				hypothetical protein
EFNKBEDD_00970	CDS	1404				hypothetical protein
EFNKBEDD_00971	CDS	486				hypothetical protein
EFNKBEDD_00972	CDS	285				hypothetical protein
EFNKBEDD_00973	CDS	1362	mnmE_1	3.6.-.-		tRNA modification GTPase MnmE
EFNKBEDD_00974	CDS	2514	cph1	2.7.13.3		Phytochrome-like protein cph1
EFNKBEDD_00975	CDS	999	galT	2.7.7.12	COG1085	Galactose-1-phosphate uridylyltransferase
EFNKBEDD_00976	CDS	465				hypothetical protein
EFNKBEDD_00977	CDS	504				hypothetical protein
EFNKBEDD_00978	CDS	951			COG0391	Gluconeogenesis factor
EFNKBEDD_00979	CDS	474				hypothetical protein
EFNKBEDD_00980	CDS	270				hypothetical protein
EFNKBEDD_00981	CDS	210				hypothetical protein
EFNKBEDD_00982	CDS	5343				hypothetical protein
EFNKBEDD_00983	CDS	435	rsbW_1	2.7.11.1		Serine-protein kinase RsbW
EFNKBEDD_00984	CDS	138				hypothetical protein
EFNKBEDD_00985	CDS	1803	sasA_7	2.7.-.-		Adaptive-response sensory-kinase SasA
EFNKBEDD_00986	CDS	537				hypothetical protein
EFNKBEDD_00987	CDS	300				hypothetical protein
EFNKBEDD_00988	CDS	483				hypothetical protein
EFNKBEDD_00989	CDS	567				hypothetical protein
EFNKBEDD_00990	CDS	126				hypothetical protein
EFNKBEDD_00991	CDS	171				hypothetical protein
EFNKBEDD_00992	CDS	354				hypothetical protein
EFNKBEDD_00993	CDS	441	perR		COG0735	Peroxide operon regulator
EFNKBEDD_00994	CDS	2364	hypF	6.2.-.-	COG0068	Carbamoyltransferase HypF
EFNKBEDD_00995	CDS	528				hypothetical protein
EFNKBEDD_00996	CDS	747				hypothetical protein
EFNKBEDD_00997	CDS	705				hypothetical protein
EFNKBEDD_00998	CDS	639				hypothetical protein
EFNKBEDD_00999	CDS	879				hypothetical protein
EFNKBEDD_01000	CDS	552				hypothetical protein
EFNKBEDD_01001	CDS	2142				hypothetical protein
EFNKBEDD_01002	CDS	120				hypothetical protein
EFNKBEDD_01003	CDS	348				hypothetical protein
EFNKBEDD_01004	CDS	285				hypothetical protein
EFNKBEDD_01005	CDS	195				hypothetical protein
EFNKBEDD_01006	CDS	252				hypothetical protein
EFNKBEDD_01007	CDS	282	clpS_1			ATP-dependent Clp protease adapter protein ClpS
EFNKBEDD_01008	CDS	804				hypothetical protein
EFNKBEDD_01009	CDS	696	mprA_2		COG0745	Response regulator MprA
EFNKBEDD_01010	CDS	627				hypothetical protein
EFNKBEDD_01011	CDS	192				hypothetical protein
EFNKBEDD_01012	tRNA	82				tRNA-Leu(caa)
EFNKBEDD_01013	CDS	1362				hypothetical protein
EFNKBEDD_01014	CDS	1260	larC	4.99.1.12		Pyridinium-3,5-bisthiocarboxylic acid mononucleotide nickel insertion protein
EFNKBEDD_01015	CDS	666	yciO		COG0009	putative protein YciO
EFNKBEDD_01016	CDS	1257				hypothetical protein
EFNKBEDD_01017	CDS	2805	rcsC_24	2.7.13.3		Sensor histidine kinase RcsC
EFNKBEDD_01018	CDS	1413	rcsC_25	2.7.13.3		Sensor histidine kinase RcsC
EFNKBEDD_01019	CDS	831				hypothetical protein
EFNKBEDD_01020	CDS	1167	cugP_2	2.7.7.9		UTP--glucose-1-phosphate uridylyltransferase
EFNKBEDD_01021	CDS	213				hypothetical protein
EFNKBEDD_01022	CDS	612				hypothetical protein
EFNKBEDD_01023	CDS	435				hypothetical protein
EFNKBEDD_01024	CDS	345	csaA_1		COG0073	putative chaperone CsaA
EFNKBEDD_01025	CDS	1092	mmpA	3.4.24.-	COG0750	Metalloprotease MmpA
EFNKBEDD_01026	CDS	1281	serS	6.1.1.11	COG0172	Serine--tRNA ligase
EFNKBEDD_01027	CDS	750				hypothetical protein
EFNKBEDD_01028	CDS	456				hypothetical protein
EFNKBEDD_01029	CDS	702				hypothetical protein
EFNKBEDD_01030	CDS	879				hypothetical protein
EFNKBEDD_01031	CDS	609				hypothetical protein
EFNKBEDD_01032	CDS	747				hypothetical protein
EFNKBEDD_01033	CDS	558				hypothetical protein
EFNKBEDD_01034	CDS	1323				hypothetical protein
EFNKBEDD_01035	CDS	786				hypothetical protein
EFNKBEDD_01036	CDS	591				hypothetical protein
EFNKBEDD_01037	CDS	393				hypothetical protein
EFNKBEDD_01038	CDS	291				hypothetical protein
EFNKBEDD_01039	CDS	531				hypothetical protein
EFNKBEDD_01040	CDS	168				hypothetical protein
EFNKBEDD_01041	CDS	351				hypothetical protein
EFNKBEDD_01042	CDS	330				hypothetical protein
EFNKBEDD_01043	CDS	2079	pknD_6	2.7.11.1		Serine/threonine-protein kinase PknD
EFNKBEDD_01044	CDS	558				IS630 family transposase ISAtsp7
EFNKBEDD_01045	CDS	399				hypothetical protein
EFNKBEDD_01046	CDS	1410				hypothetical protein
EFNKBEDD_01047	CDS	1560				hypothetical protein
EFNKBEDD_01048	CDS	3471	mfd	3.6.4.-		Transcription-repair-coupling factor
EFNKBEDD_01049	CDS	915				hypothetical protein
EFNKBEDD_01050	CDS	588				hypothetical protein
EFNKBEDD_01051	CDS	600				hypothetical protein
EFNKBEDD_01052	CDS	2247	mtgA_1	2.4.1.129		Biosynthetic peptidoglycan transglycosylase
EFNKBEDD_01053	CDS	432				hypothetical protein
EFNKBEDD_01054	CDS	1692	bicA_1		COG0659	Bicarbonate transporter BicA
EFNKBEDD_01055	CDS	477	lspA	3.4.23.36	COG0597	Lipoprotein signal peptidase
EFNKBEDD_01056	CDS	600				hypothetical protein
EFNKBEDD_01057	CDS	438	bioB_1	2.8.1.6	COG0502	Biotin synthase
EFNKBEDD_01058	CDS	483	bioB_2	2.8.1.6		Biotin synthase
EFNKBEDD_01059	CDS	510				hypothetical protein
EFNKBEDD_01060	CDS	135				hypothetical protein
EFNKBEDD_01061	CDS	288				hypothetical protein
EFNKBEDD_01062	CDS	291				hypothetical protein
EFNKBEDD_01063	CDS	141				hypothetical protein
EFNKBEDD_01064	CDS	1380				hypothetical protein
EFNKBEDD_01065	CDS	981				hypothetical protein
EFNKBEDD_01066	CDS	7071	dltA	6.2.1.54		D-alanine--D-alanyl carrier protein ligase
EFNKBEDD_01067	CDS	387				hypothetical protein
EFNKBEDD_01068	CDS	2313	copA	7.2.2.8		Copper-exporting P-type ATPase
EFNKBEDD_01069	CDS	435				hypothetical protein
EFNKBEDD_01070	CDS	348				hypothetical protein
EFNKBEDD_01071	CDS	654	tmk	2.7.4.9	COG0125	Thymidylate kinase
EFNKBEDD_01072	CDS	411				hypothetical protein
EFNKBEDD_01073	CDS	390				hypothetical protein
EFNKBEDD_01074	CDS	1116	mshA_2	2.4.1.250		D-inositol-3-phosphate glycosyltransferase
EFNKBEDD_01075	CDS	978	gmd_1	4.2.1.47	COG1089	GDP-mannose 4,6-dehydratase
EFNKBEDD_01076	CDS	402				hypothetical protein
EFNKBEDD_01077	CDS	636	menH_1	4.2.99.20		2-succinyl-6-hydroxy-2,4-cyclohexadiene-1-carboxylate synthase
EFNKBEDD_01078	CDS	288				hypothetical protein
EFNKBEDD_01079	CDS	1029	rlmB_1	2.1.1.185		23S rRNA (guanosine-2'-O-)-methyltransferase RlmB
EFNKBEDD_01080	CDS	399	mrnC	3.1.26.-	COG1939	Mini-ribonuclease 3
EFNKBEDD_01081	CDS	180				hypothetical protein
EFNKBEDD_01082	CDS	258				hypothetical protein
EFNKBEDD_01083	CDS	1146	carA	6.3.5.5	COG0505	Carbamoyl-phosphate synthase small chain
EFNKBEDD_01084	CDS	762				hypothetical protein
EFNKBEDD_01085	CDS	1350	der_2			GTPase Der
EFNKBEDD_01086	CDS	570				hypothetical protein
EFNKBEDD_01087	CDS	1284				hypothetical protein
EFNKBEDD_01088	CDS	1392	murF	6.3.2.10	COG0770	UDP-N-acetylmuramoyl-tripeptide--D-alanyl-D-alanine ligase
EFNKBEDD_01089	CDS	1014				hypothetical protein
EFNKBEDD_01090	CDS	573				hypothetical protein
EFNKBEDD_01091	CDS	975				hypothetical protein
EFNKBEDD_01092	CDS	912				hypothetical protein
EFNKBEDD_01093	CDS	309				hypothetical protein
EFNKBEDD_01094	CDS	618				hypothetical protein
EFNKBEDD_01095	CDS	690				hypothetical protein
EFNKBEDD_01096	CDS	3705				hypothetical protein
EFNKBEDD_01097	CDS	306				hypothetical protein
EFNKBEDD_01098	CDS	1179				hypothetical protein
EFNKBEDD_01099	CDS	591				hypothetical protein
EFNKBEDD_01100	CDS	558				IS630 family transposase ISAtsp7
EFNKBEDD_01101	CDS	399				hypothetical protein
EFNKBEDD_01102	CDS	1866	ftsH4	3.4.24.-		ATP-dependent zinc metalloprotease FtsH 4
EFNKBEDD_01103	CDS	813				hypothetical protein
EFNKBEDD_01104	CDS	2022	rssB_4			Regulator of RpoS
EFNKBEDD_01105	CDS	2727	rcsC_26	2.7.13.3		Sensor histidine kinase RcsC
EFNKBEDD_01106	CDS	1146	rcsC_27	2.7.13.3		Sensor histidine kinase RcsC
EFNKBEDD_01107	CDS	1404	rcsC_28	2.7.13.3		Sensor histidine kinase RcsC
EFNKBEDD_01108	CDS	1518	cheB_2	3.5.1.44		Protein-glutamate methylesterase/protein-glutamine glutaminase
EFNKBEDD_01109	CDS	1524	pknD_7	2.7.11.1		Serine/threonine-protein kinase PknD
EFNKBEDD_01110	CDS	390				hypothetical protein
EFNKBEDD_01111	CDS	384	dusB_1	1.3.1.-	COG0042	tRNA-dihydrouridine synthase B
EFNKBEDD_01112	CDS	708	dusB_2	1.3.1.-		tRNA-dihydrouridine synthase B
EFNKBEDD_01113	CDS	342		3.9.1.-	COG0537	Purine nucleoside phosphoramidase
EFNKBEDD_01114	CDS	117				hypothetical protein
EFNKBEDD_01115	CDS	594	mdaB	1.6.5.10	COG2249	NADPH:quinone oxidoreductase MdaB
EFNKBEDD_01116	CDS	645	resA_1			Thiol-disulfide oxidoreductase ResA
EFNKBEDD_01117	CDS	705	yfcG_1	1.8.4.-	COG0625	Disulfide-bond oxidoreductase YfcG
EFNKBEDD_01118	CDS	363	yybR		COG1733	putative HTH-type transcriptional regulator YybR
EFNKBEDD_01119	CDS	1587	spkB_3	2.7.11.1		Serine/threonine-protein kinase B
EFNKBEDD_01120	CDS	2385	mtgA_2	2.4.1.129		Biosynthetic peptidoglycan transglycosylase
EFNKBEDD_01121	CDS	444				hypothetical protein
EFNKBEDD_01122	CDS	279				hypothetical protein
EFNKBEDD_01123	CDS	510				hypothetical protein
EFNKBEDD_01124	CDS	183				hypothetical protein
EFNKBEDD_01125	CDS	1599				hypothetical protein
EFNKBEDD_01126	CDS	648				hypothetical protein
EFNKBEDD_01127	CDS	1404	fumC	4.2.1.2	COG0114	Fumarate hydratase class II
EFNKBEDD_01128	CDS	1383	thiC	4.1.99.17	COG0422	Phosphomethylpyrimidine synthase
EFNKBEDD_01129	CDS	186				hypothetical protein
EFNKBEDD_01130	CDS	228				hypothetical protein
EFNKBEDD_01131	CDS	243				hypothetical protein
EFNKBEDD_01132	CDS	390				hypothetical protein
EFNKBEDD_01133	CDS	972	gcvT_1	2.1.2.10	COG0404	Aminomethyltransferase
EFNKBEDD_01134	CDS	4113	rcsC_29	2.7.13.3		Sensor histidine kinase RcsC
EFNKBEDD_01135	CDS	1443	rcsC_30	2.7.13.3		Sensor histidine kinase RcsC
EFNKBEDD_01136	CDS	1821				hypothetical protein
EFNKBEDD_01137	CDS	771	sat_1	2.7.7.4		Sulfate adenylyltransferase
EFNKBEDD_01138	CDS	453	sat_2	2.7.7.4	COG2046	Sulfate adenylyltransferase
EFNKBEDD_01139	CDS	2310				hypothetical protein
EFNKBEDD_01140	CDS	1683	ycf3_4			Photosystem I assembly protein Ycf3
EFNKBEDD_01141	CDS	723				hypothetical protein
EFNKBEDD_01142	CDS	1305		3.4.21.-		putative CtpA-like serine protease
EFNKBEDD_01143	CDS	570				hypothetical protein
EFNKBEDD_01144	CDS	498				hypothetical protein
EFNKBEDD_01145	CDS	1635	pgm	5.4.2.2	COG0033	Phosphoglucomutase
EFNKBEDD_01146	CDS	378				hypothetical protein
EFNKBEDD_01147	CDS	999	tal_2	2.2.1.2	COG0176	Transaldolase
EFNKBEDD_01148	CDS	876	prmC_1	2.1.1.297	COG2890	Release factor glutamine methyltransferase
EFNKBEDD_01149	CDS	792				hypothetical protein
EFNKBEDD_01150	CDS	918	hetR	3.4.21.-		Heterocyst differentiation control protein
EFNKBEDD_01151	CDS	1839				hypothetical protein
EFNKBEDD_01152	CDS	723				hypothetical protein
EFNKBEDD_01153	CDS	1047				hypothetical protein
EFNKBEDD_01154	CDS	1272				hypothetical protein
EFNKBEDD_01155	CDS	711	cobIJ		COG1010	Cobalamin biosynthesis protein CobIJ
EFNKBEDD_01156	CDS	309				hypothetical protein
EFNKBEDD_01157	CDS	1833	pknD_8	2.7.11.1		Serine/threonine-protein kinase PknD
EFNKBEDD_01158	CDS	2268		1.-.-.-	COG0243	putative oxidoreductase
EFNKBEDD_01159	CDS	753	tam	2.1.1.144		Trans-aconitate 2-methyltransferase
EFNKBEDD_01160	CDS	1458	gatA	6.3.5.7	COG0154	Glutamyl-tRNA(Gln) amidotransferase subunit A
EFNKBEDD_01161	CDS	888			COG1073	putative protein
EFNKBEDD_01162	CDS	1245	bspRIM	2.1.1.37		Modification methylase BspRI
EFNKBEDD_01163	CDS	351				hypothetical protein
EFNKBEDD_01164	CDS	690				hypothetical protein
EFNKBEDD_01165	CDS	858	folP_1	2.5.1.15	COG0294	Dihydropteroate synthase
EFNKBEDD_01166	CDS	693	tpiA	5.3.1.1		Triosephosphate isomerase
EFNKBEDD_01167	CDS	258				putative glutaredoxin
EFNKBEDD_01168	CDS	201				hypothetical protein
EFNKBEDD_01169	CDS	237				hypothetical protein
EFNKBEDD_01170	tRNA	74				tRNA-Lys(ctt)
EFNKBEDD_01171	tRNA	77				tRNA-Leu(tag)
EFNKBEDD_01172	CDS	1440				hypothetical protein
EFNKBEDD_01173	CDS	585				hypothetical protein
EFNKBEDD_01174	CDS	564				hypothetical protein
EFNKBEDD_01175	CDS	243				hypothetical protein
EFNKBEDD_01176	CDS	1008				hypothetical protein
EFNKBEDD_01177	CDS	849				hypothetical protein
EFNKBEDD_01178	CDS	426				hypothetical protein
EFNKBEDD_01179	CDS	879				hypothetical protein
EFNKBEDD_01180	CDS	1836	rcsC_31	2.7.13.3		Sensor histidine kinase RcsC
EFNKBEDD_01181	CDS	939				hypothetical protein
EFNKBEDD_01182	tRNA	90				tRNA-Ser(tga)
EFNKBEDD_01183	CDS	279				hypothetical protein
EFNKBEDD_01184	CDS	399				hypothetical protein
EFNKBEDD_01185	CDS	261				hypothetical protein
EFNKBEDD_01186	CDS	1233	xseA	3.1.11.6	COG1570	Exodeoxyribonuclease 7 large subunit
EFNKBEDD_01187	CDS	240	xseB	3.1.11.6		Exodeoxyribonuclease 7 small subunit
EFNKBEDD_01188	CDS	654	ycf3_5			Photosystem I assembly protein Ycf3
EFNKBEDD_01189	CDS	1200				hypothetical protein
EFNKBEDD_01190	CDS	138				hypothetical protein
EFNKBEDD_01191	CDS	384	rssB_5			Regulator of RpoS
EFNKBEDD_01192	CDS	1404	rssB_6			Regulator of RpoS
EFNKBEDD_01193	CDS	3162	rcsC_32	2.7.13.3		Sensor histidine kinase RcsC
EFNKBEDD_01194	CDS	675	dagK	2.7.1.107	COG1597	Diacylglycerol kinase
EFNKBEDD_01195	CDS	390	mgsA	4.2.3.3		Methylglyoxal synthase
EFNKBEDD_01196	CDS	924	menH_2	4.2.99.20		2-succinyl-6-hydroxy-2,4-cyclohexadiene-1-carboxylate synthase
EFNKBEDD_01197	CDS	1974				hypothetical protein
EFNKBEDD_01198	CDS	1746				hypothetical protein
EFNKBEDD_01199	CDS	1902	sasA_8	2.7.-.-		Adaptive-response sensory-kinase SasA
EFNKBEDD_01200	CDS	1491		1.-.-.-	COG0277	putative FAD-linked oxidoreductase
EFNKBEDD_01201	CDS	846				hypothetical protein
EFNKBEDD_01202	CDS	783	cysA	7.3.2.3	COG1118	Sulfate/thiosulfate import ATP-binding protein CysA
EFNKBEDD_01203	CDS	1413				hypothetical protein
EFNKBEDD_01204	CDS	297				hypothetical protein
EFNKBEDD_01205	CDS	630				hypothetical protein
EFNKBEDD_01206	CDS	504	mshD_2	2.3.1.189		Mycothiol acetyltransferase
EFNKBEDD_01207	CDS	1407	lysA	4.1.1.20	COG0019	Diaminopimelate decarboxylase
EFNKBEDD_01208	CDS	924	cdaA	2.7.7.85	COG1624	Cyclic di-AMP synthase CdaA
EFNKBEDD_01209	CDS	765	uppS	2.5.1.31		Ditrans,polycis-undecaprenyl-diphosphate synthase ((2E,6E)-farnesyl-diphosphate specific)
EFNKBEDD_01210	CDS	1578		3.4.24.-	COG0612	putative zinc protease
EFNKBEDD_01211	CDS	159				hypothetical protein
EFNKBEDD_01212	CDS	1329				hypothetical protein
EFNKBEDD_01213	CDS	561	tolR_1			Tol-Pal system protein TolR
EFNKBEDD_01214	CDS	534				hypothetical protein
EFNKBEDD_01215	CDS	996	sigA2_2		COG0568	RNA polymerase sigma factor SigA2
EFNKBEDD_01216	CDS	1110	walK_1	2.7.13.3		Sensor histidine kinase WalK
EFNKBEDD_01217	CDS	3147				hypothetical protein
EFNKBEDD_01218	CDS	1698				hypothetical protein
EFNKBEDD_01219	CDS	726	pdxJ	2.6.99.2	COG0854	Pyridoxine 5'-phosphate synthase
EFNKBEDD_01220	CDS	330				Ycf54-like protein
EFNKBEDD_01221	CDS	657				hypothetical protein
EFNKBEDD_01222	CDS	435				hypothetical protein
EFNKBEDD_01223	CDS	1200				hypothetical protein
EFNKBEDD_01224	CDS	1671				hypothetical protein
EFNKBEDD_01225	CDS	1923				hypothetical protein
EFNKBEDD_01226	CDS	1158	cbiD	2.1.1.195		Cobalt-precorrin-5B C(1)-methyltransferase
EFNKBEDD_01227	CDS	1608	guaA	6.3.5.2		GMP synthase [glutamine-hydrolyzing]
EFNKBEDD_01228	CDS	156				hypothetical protein
EFNKBEDD_01229	CDS	747	mamM			Magnetosome protein MamM
EFNKBEDD_01230	CDS	348				hypothetical protein
EFNKBEDD_01231	CDS	414	ziaR			Transcriptional repressor SmtB 
EFNKBEDD_01232	CDS	165	smtA			Metallothionein
EFNKBEDD_01233	CDS	630				hypothetical protein
EFNKBEDD_01234	CDS	1113				hypothetical protein
EFNKBEDD_01235	CDS	909				hypothetical protein
EFNKBEDD_01236	CDS	819				hypothetical protein
EFNKBEDD_01237	CDS	432				hypothetical protein
EFNKBEDD_01238	CDS	558				IS630 family transposase ISAtsp7
EFNKBEDD_01239	CDS	438				hypothetical protein
EFNKBEDD_01240	CDS	702	tolQ_1			Tol-Pal system protein TolQ
EFNKBEDD_01241	CDS	303				hypothetical protein
EFNKBEDD_01242	CDS	360	ecfA3_1	3.6.3.-	COG1122	Energy-coupling factor transporter ATP-binding protein EcfA3
EFNKBEDD_01243	CDS	405	cbiO	3.6.3.-	COG1122	Cobalt import ATP-binding protein CbiO
EFNKBEDD_01244	CDS	816				hypothetical protein
EFNKBEDD_01245	CDS	897				hypothetical protein
EFNKBEDD_01246	CDS	585				hypothetical protein
EFNKBEDD_01247	CDS	621	yfcG_2	1.8.4.-	COG0625	Disulfide-bond oxidoreductase YfcG
EFNKBEDD_01248	CDS	606				hypothetical protein
EFNKBEDD_01249	CDS	1041	lpxD	2.3.1.191	COG1044	UDP-3-O-(3-hydroxymyristoyl)glucosamine N-acyltransferase
EFNKBEDD_01250	CDS	543				hypothetical protein
EFNKBEDD_01251	CDS	930				hypothetical protein
EFNKBEDD_01252	CDS	942				hypothetical protein
EFNKBEDD_01253	CDS	615				hypothetical protein
EFNKBEDD_01254	CDS	1053	desA_1	1.14.19.6		Delta(12)-fatty-acid desaturase
EFNKBEDD_01255	CDS	1056	desA_2	1.14.19.6		Delta(12)-fatty-acid desaturase
EFNKBEDD_01256	CDS	843				hypothetical protein
EFNKBEDD_01257	CDS	300	fdx4		COG3411	Ferredoxin, 2Fe-2S
EFNKBEDD_01258	CDS	1977				hypothetical protein
EFNKBEDD_01259	CDS	975	cbs_1	4.2.1.22	COG0031	Putative cystathionine beta-synthase
EFNKBEDD_01260	CDS	639		1.11.1.15	COG0450	Peroxiredoxin
EFNKBEDD_01261	CDS	312				hypothetical protein
EFNKBEDD_01262	CDS	1743	sasA_9	2.7.-.-		Adaptive-response sensory-kinase SasA
EFNKBEDD_01263	CDS	426	psaD			Photosystem I reaction center subunit II
EFNKBEDD_01264	CDS	1677				hypothetical protein
EFNKBEDD_01265	CDS	927				hypothetical protein
EFNKBEDD_01266	CDS	915				hypothetical protein
EFNKBEDD_01267	CDS	327				hypothetical protein
EFNKBEDD_01268	CDS	336				hypothetical protein
EFNKBEDD_01269	CDS	1407				hypothetical protein
EFNKBEDD_01270	CDS	423				hypothetical protein
EFNKBEDD_01271	CDS	387				hypothetical protein
EFNKBEDD_01272	CDS	1137	ftsH_2	3.4.24.-		ATP-dependent zinc metalloprotease FtsH
EFNKBEDD_01273	CDS	390	folB	4.1.2.25	COG1539	Dihydroneopterin aldolase
EFNKBEDD_01274	CDS	342				hypothetical protein
EFNKBEDD_01275	CDS	1131	mutY	3.2.2.31	COG1194	Adenine DNA glycosylase
EFNKBEDD_01276	CDS	477				hypothetical protein
EFNKBEDD_01277	CDS	846	ribBA_1	3.5.4.25		Riboflavin biosynthesis protein RibBA
EFNKBEDD_01278	CDS	192				hypothetical protein
EFNKBEDD_01279	CDS	408				hypothetical protein
EFNKBEDD_01280	CDS	828				hypothetical protein
EFNKBEDD_01281	CDS	1359	ilvB1	2.2.1.6	COG0028	Acetolactate synthase large subunit IlvB1
EFNKBEDD_01282	CDS	507	ilvB	2.2.1.6	COG0028	Acetolactate synthase large subunit
EFNKBEDD_01283	CDS	420				hypothetical protein
EFNKBEDD_01284	CDS	1014	dnaJ_3		COG0484	Chaperone protein DnaJ
EFNKBEDD_01285	CDS	492				hypothetical protein
EFNKBEDD_01286	CDS	1305	glgC	2.7.7.27		Glucose-1-phosphate adenylyltransferase
EFNKBEDD_01287	CDS	882				hypothetical protein
EFNKBEDD_01288	CDS	1011				hypothetical protein
EFNKBEDD_01289	CDS	3459	sasA_10	2.7.-.-		Adaptive-response sensory-kinase SasA
EFNKBEDD_01290	CDS	1353	aroA1	2.5.1.19	COG0128	3-phosphoshikimate 1-carboxyvinyltransferase 1
EFNKBEDD_01291	CDS	546				hypothetical protein
EFNKBEDD_01292	CDS	333				hypothetical protein
EFNKBEDD_01293	CDS	1323	rcsC_33	2.7.13.3		Sensor histidine kinase RcsC
EFNKBEDD_01294	CDS	999	cheB_3	3.5.1.44		Protein-glutamate methylesterase/protein-glutamine glutaminase
EFNKBEDD_01295	CDS	2469	rcsC_34	2.7.13.3		Sensor histidine kinase RcsC
EFNKBEDD_01296	CDS	1242	PSK	2.7.1.47	COG1070	D-ribulose kinase
EFNKBEDD_01297	CDS	2625	pheT	6.1.1.20		Phenylalanine--tRNA ligase beta subunit
EFNKBEDD_01298	CDS	810				hypothetical protein
EFNKBEDD_01299	CDS	258				hypothetical protein
EFNKBEDD_01300	CDS	402		3.1.-.-	COG3742	Ribonuclease VapC30
EFNKBEDD_01301	CDS	282				hypothetical protein
EFNKBEDD_01302	CDS	504				hypothetical protein
EFNKBEDD_01303	CDS	399				hypothetical protein
EFNKBEDD_01304	CDS	558				IS630 family transposase ISAtsp7
EFNKBEDD_01305	CDS	2172				hypothetical protein
EFNKBEDD_01306	CDS	300				hypothetical protein
EFNKBEDD_01307	CDS	4959				hypothetical protein
EFNKBEDD_01308	CDS	678				hypothetical protein
EFNKBEDD_01309	CDS	5217				hypothetical protein
EFNKBEDD_01310	CDS	603				hypothetical protein
EFNKBEDD_01311	CDS	10779				hypothetical protein
EFNKBEDD_01312	CDS	687				hypothetical protein
EFNKBEDD_01313	CDS	1698	besA	6.3.2.-		L-propargylglycine--L-glutamate ligase
EFNKBEDD_01314	CDS	2502	rcsC_35	2.7.13.3		Sensor histidine kinase RcsC
EFNKBEDD_01315	CDS	324				hypothetical protein
EFNKBEDD_01316	CDS	684				hypothetical protein
EFNKBEDD_01317	CDS	1368				hypothetical protein
EFNKBEDD_01318	CDS	693				hypothetical protein
EFNKBEDD_01319	CDS	1161	iscS_3	2.8.1.7	COG1104	Cysteine desulfurase IscS
EFNKBEDD_01320	CDS	2253				hypothetical protein
EFNKBEDD_01321	CDS	864				hypothetical protein
EFNKBEDD_01322	CDS	3519				hypothetical protein
EFNKBEDD_01323	CDS	864				hypothetical protein
EFNKBEDD_01324	CDS	279				hypothetical protein
EFNKBEDD_01325	CDS	261				hypothetical protein
EFNKBEDD_01326	CDS	648				hypothetical protein
EFNKBEDD_01327	CDS	960	neoA	1.1.1.329		2-deoxy-scyllo-inosamine dehydrogenase
EFNKBEDD_01328	CDS	441				hypothetical protein
EFNKBEDD_01329	CDS	462				hypothetical protein
EFNKBEDD_01330	CDS	2244	cpoB_1			Cell division coordinator CpoB
EFNKBEDD_01331	CDS	765	pepA_1	3.4.11.10		cytosol aminopeptidase
EFNKBEDD_01332	CDS	636	pepA_2	3.4.11.1	COG0260	Cytosol aminopeptidase
EFNKBEDD_01333	CDS	1113	recF_2			DNA replication and repair protein RecF
EFNKBEDD_01334	CDS	657				hypothetical protein
EFNKBEDD_01335	CDS	3198	mdtB_3			Multidrug resistance protein MdtB
EFNKBEDD_01336	CDS	1506	mdtA_3			Multidrug resistance protein MdtA
EFNKBEDD_01337	CDS	1071				hypothetical protein
EFNKBEDD_01338	CDS	1509	pknD_9	2.7.11.1		Serine/threonine-protein kinase PknD
EFNKBEDD_01339	CDS	1524	ubiD	4.1.1.98	COG0043	3-octaprenyl-4-hydroxybenzoate carboxy-lyase
EFNKBEDD_01340	CDS	711				hypothetical protein
EFNKBEDD_01341	CDS	1122				hypothetical protein
EFNKBEDD_01342	CDS	315				hypothetical protein
EFNKBEDD_01343	CDS	378				hypothetical protein
EFNKBEDD_01344	CDS	894				hypothetical protein
EFNKBEDD_01345	CDS	609	clpP_1	3.4.21.92	COG0740	ATP-dependent Clp protease proteolytic subunit
EFNKBEDD_01346	CDS	4590				hypothetical protein
EFNKBEDD_01347	CDS	555				hypothetical protein
EFNKBEDD_01348	CDS	291	dxr_1	1.1.1.267		1-deoxy-D-xylulose 5-phosphate reductoisomerase
EFNKBEDD_01349	CDS	939	dxr_2	1.1.1.267	COG0743	1-deoxy-D-xylulose 5-phosphate reductoisomerase
EFNKBEDD_01350	CDS	399				hypothetical protein
EFNKBEDD_01351	CDS	558				IS630 family transposase ISAtsp7
EFNKBEDD_01352	CDS	1713				hypothetical protein
EFNKBEDD_01353	CDS	978	ssuA		COG0715	Putative aliphatic sulfonates-binding protein
EFNKBEDD_01354	CDS	3213	rcsC_36	2.7.13.3		Sensor histidine kinase RcsC
EFNKBEDD_01355	CDS	2337	pknD_10	2.7.11.1		Serine/threonine-protein kinase PknD
EFNKBEDD_01356	CDS	822				hypothetical protein
EFNKBEDD_01357	CDS	471				hypothetical protein
EFNKBEDD_01358	CDS	102	petL			Cytochrome b6-f complex subunit 6
EFNKBEDD_01359	CDS	1134	aroB	4.2.3.4	COG0337	3-dehydroquinate synthase
EFNKBEDD_01360	CDS	150				hypothetical protein
EFNKBEDD_01361	CDS	1224				hypothetical protein
EFNKBEDD_01362	CDS	321				hypothetical protein
EFNKBEDD_01363	CDS	297				hypothetical protein
EFNKBEDD_01364	CDS	633	upp_1	2.4.2.9		Uracil phosphoribosyltransferase
EFNKBEDD_01365	CDS	930				hypothetical protein
EFNKBEDD_01366	CDS	1152				hypothetical protein
EFNKBEDD_01367	tRNA	72				tRNA-Thr(cgt)
EFNKBEDD_01368	tRNA	72				tRNA-Lys(ttt)
EFNKBEDD_01369	CDS	234				hypothetical protein
EFNKBEDD_01370	CDS	309				hypothetical protein
EFNKBEDD_01371	CDS	1482				hypothetical protein
EFNKBEDD_01372	CDS	936				hypothetical protein
EFNKBEDD_01373	CDS	429	merR1			Mercuric resistance operon regulatory protein
EFNKBEDD_01374	CDS	2757	smc_3			Chromosome partition protein Smc
EFNKBEDD_01375	CDS	882				hypothetical protein
EFNKBEDD_01376	CDS	2379	pcrA_1	3.6.4.12		ATP-dependent DNA helicase PcrA
EFNKBEDD_01377	CDS	831				hypothetical protein
EFNKBEDD_01378	CDS	405		3.1.2.28	COG0824	1,4-dihydroxy-2-naphthoyl-CoA hydrolase
EFNKBEDD_01379	CDS	1335				hypothetical protein
EFNKBEDD_01380	CDS	1611	leuA	2.3.3.13	COG0119	2-isopropylmalate synthase
EFNKBEDD_01381	CDS	453				hypothetical protein
EFNKBEDD_01382	CDS	369			COG3385	IS4 family transposase ISAsp3
EFNKBEDD_01383	rRNA	2888				23S ribosomal RNA
EFNKBEDD_01384	tRNA	76				tRNA-Ile(gat)
EFNKBEDD_01385	rRNA	1483				16S ribosomal RNA
EFNKBEDD_01386	CDS	864	nadC	2.4.2.19	COG0157	putative nicotinate-nucleotide pyrophosphorylase [carboxylating]
EFNKBEDD_01387	CDS	1758	argS	6.1.1.19	COG0018	Arginine--tRNA ligase
EFNKBEDD_01388	CDS	771				hypothetical protein
EFNKBEDD_01389	CDS	168				hypothetical protein
EFNKBEDD_01390	CDS	3576				hypothetical protein
EFNKBEDD_01391	CDS	1185				hypothetical protein
EFNKBEDD_01392	CDS	915				hypothetical protein
EFNKBEDD_01393	CDS	237	ftsH2_2	3.4.24.-		ATP-dependent zinc metalloprotease FtsH 2
EFNKBEDD_01394	CDS	1611	ftsH2_3	3.4.24.-		ATP-dependent zinc metalloprotease FtsH 2
EFNKBEDD_01395	tRNA	76				tRNA-Arg(tct)
EFNKBEDD_01396	CDS	909				hypothetical protein
EFNKBEDD_01397	CDS	693				hypothetical protein
EFNKBEDD_01398	CDS	720				hypothetical protein
EFNKBEDD_01399	CDS	210				hypothetical protein
EFNKBEDD_01400	CDS	633	COQ5_2	2.1.1.163		2-methoxy-6-polyprenyl-1,4-benzoquinol methylase, mitochondrial
EFNKBEDD_01401	CDS	4476				hypothetical protein
EFNKBEDD_01402	CDS	1344				hypothetical protein
EFNKBEDD_01403	CDS	873				hypothetical protein
EFNKBEDD_01404	CDS	168				hypothetical protein
EFNKBEDD_01405	CDS	615	cpcS_1	4.-.-.-		Phycocyanobilin lyase subunit CpcS
EFNKBEDD_01406	CDS	2550	malP_2	2.4.1.1	COG0058	Maltodextrin phosphorylase
EFNKBEDD_01407	CDS	3162				hypothetical protein
EFNKBEDD_01408	CDS	1641				hypothetical protein
EFNKBEDD_01409	CDS	333				hypothetical protein
EFNKBEDD_01410	CDS	531				hypothetical protein
EFNKBEDD_01411	CDS	1320	proP			Proline/betaine transporter
EFNKBEDD_01412	CDS	1098	bepA_4	3.4.-.-		Beta-barrel assembly-enhancing protease
EFNKBEDD_01413	CDS	297				hypothetical protein
EFNKBEDD_01414	CDS	297	psb28			Photosystem II reaction center Psb28 protein
EFNKBEDD_01415	CDS	252				hypothetical protein
EFNKBEDD_01416	CDS	558				IS630 family transposase ISAtsp7
EFNKBEDD_01417	CDS	102				hypothetical protein
EFNKBEDD_01418	CDS	195				hypothetical protein
EFNKBEDD_01419	CDS	249				IS701 family transposase ISNpu6
EFNKBEDD_01420	CDS	2043	ligA	6.5.1.2		DNA ligase
EFNKBEDD_01421	CDS	387				hypothetical protein
EFNKBEDD_01422	CDS	213				hypothetical protein
EFNKBEDD_01423	CDS	258				hypothetical protein
EFNKBEDD_01424	CDS	942				hypothetical protein
EFNKBEDD_01425	CDS	204				hypothetical protein
EFNKBEDD_01426	CDS	744				hypothetical protein
EFNKBEDD_01427	CDS	669				hypothetical protein
EFNKBEDD_01428	CDS	183				hypothetical protein
EFNKBEDD_01429	CDS	2004	tkt	2.2.1.1	COG0021	Transketolase
EFNKBEDD_01430	CDS	1260	fabF_1	2.3.1.179		3-oxoacyl-[acyl-carrier-protein] synthase 2
EFNKBEDD_01431	CDS	246	acpP		COG0236	Acyl carrier protein
EFNKBEDD_01432	CDS	993	sdhE	1.3.5.-	COG2048	8-methylmenaquinol:fumarate reductase membrane anchor subunit
EFNKBEDD_01433	CDS	900	mnmC_1	2.1.1.61		tRNA 5-methylaminomethyl-2-thiouridine biosynthesis bifunctional protein MnmC
EFNKBEDD_01434	CDS	858	sseA	2.8.1.2	COG2897	3-mercaptopyruvate sulfurtransferase
EFNKBEDD_01435	CDS	516				hypothetical protein
EFNKBEDD_01436	CDS	2340				hypothetical protein
EFNKBEDD_01437	CDS	1098			COG3385	IS4 family transposase ISSysp2
EFNKBEDD_01438	CDS	3123	pknD_11	2.7.11.1		Serine/threonine-protein kinase PknD
EFNKBEDD_01439	CDS	1635	cpoB_2			Cell division coordinator CpoB
EFNKBEDD_01440	CDS	1473				hypothetical protein
EFNKBEDD_01441	CDS	765	pipB2_3		COG1357	Secreted effector protein PipB2
EFNKBEDD_01442	CDS	945	btuD_2	7.6.2.8		Vitamin B12 import ATP-binding protein BtuD
EFNKBEDD_01443	CDS	207				hypothetical protein
EFNKBEDD_01444	CDS	903				hypothetical protein
EFNKBEDD_01445	CDS	759				hypothetical protein
EFNKBEDD_01446	CDS	204				hypothetical protein
EFNKBEDD_01447	CDS	447				hypothetical protein
EFNKBEDD_01448	CDS	780				hypothetical protein
EFNKBEDD_01449	CDS	564				hypothetical protein
EFNKBEDD_01450	CDS	1680				hypothetical protein
EFNKBEDD_01451	CDS	1401				hypothetical protein
EFNKBEDD_01452	CDS	561				hypothetical protein
EFNKBEDD_01453	CDS	1551				hypothetical protein
EFNKBEDD_01454	CDS	141				hypothetical protein
EFNKBEDD_01455	CDS	99				hypothetical protein
EFNKBEDD_01456	CDS	1326		3.4.24.-	COG0612	putative zinc protease
EFNKBEDD_01457	CDS	867		2.7.1.-	COG3001	putative ketoamine kinase
EFNKBEDD_01458	CDS	402				hypothetical protein
EFNKBEDD_01459	CDS	162				hypothetical protein
EFNKBEDD_01460	CDS	669				hypothetical protein
EFNKBEDD_01461	CDS	405	recF_3			DNA replication and repair protein RecF
EFNKBEDD_01462	CDS	717				hypothetical protein
EFNKBEDD_01463	CDS	1512				hypothetical protein
EFNKBEDD_01464	CDS	2115				hypothetical protein
EFNKBEDD_01465	CDS	306				hypothetical protein
EFNKBEDD_01466	CDS	1179	opuAA	7.6.2.9	COG4175	Glycine betaine transport ATP-binding protein OpuAA
EFNKBEDD_01467	CDS	969	ousW		COG4176	Glycine betaine/choline transport system permease protein OusW
EFNKBEDD_01468	CDS	1266				hypothetical protein
EFNKBEDD_01469	CDS	276				hypothetical protein
EFNKBEDD_01470	CDS	198				hypothetical protein
EFNKBEDD_01471	CDS	639				hypothetical protein
EFNKBEDD_01472	CDS	447				hypothetical protein
EFNKBEDD_01473	CDS	1698	rqcH		COG1293	Rqc2 RqcH
EFNKBEDD_01474	CDS	951				hypothetical protein
EFNKBEDD_01475	CDS	282				hypothetical protein
EFNKBEDD_01476	CDS	528				hypothetical protein
EFNKBEDD_01477	CDS	3528	rcsC_37	2.7.13.3		Sensor histidine kinase RcsC
EFNKBEDD_01478	CDS	1122	rcsC_38	2.7.13.3		Sensor histidine kinase RcsC
EFNKBEDD_01479	CDS	1815	pknD_12	2.7.11.1		Serine/threonine-protein kinase PknD
EFNKBEDD_01480	CDS	2388				hypothetical protein
EFNKBEDD_01481	CDS	777				hypothetical protein
EFNKBEDD_01482	CDS	1995				hypothetical protein
EFNKBEDD_01483	CDS	1005				hypothetical protein
EFNKBEDD_01484	CDS	1956				hypothetical protein
EFNKBEDD_01485	CDS	723	pbsA1	1.14.14.18		Heme oxygenase 1
EFNKBEDD_01486	CDS	255				hypothetical protein
EFNKBEDD_01487	CDS	1452	actP			Cation/acetate symporter ActP
EFNKBEDD_01488	CDS	186				hypothetical protein
EFNKBEDD_01489	CDS	294				hypothetical protein
EFNKBEDD_01490	CDS	573				hypothetical protein
EFNKBEDD_01491	CDS	420	fitB_1	3.1.-.-		Toxin FitB
EFNKBEDD_01492	CDS	264				hypothetical protein
EFNKBEDD_01493	CDS	1485	murE	6.3.2.13	COG0769	UDP-N-acetylmuramoyl-L-alanyl-D-glutamate--2,6-diaminopimelate ligase
EFNKBEDD_01494	CDS	2067				hypothetical protein
EFNKBEDD_01495	CDS	2529				hypothetical protein
EFNKBEDD_01496	CDS	3822	rcsC_39	2.7.13.3		Sensor histidine kinase RcsC
EFNKBEDD_01497	CDS	1827	rssB_7			Regulator of RpoS
EFNKBEDD_01498	CDS	2277	rcsC_40	2.7.13.3		Sensor histidine kinase RcsC
EFNKBEDD_01499	CDS	2397	rcsC_41	2.7.13.3		Sensor histidine kinase RcsC
EFNKBEDD_01500	CDS	1386	rcsC_42	2.7.13.3		Sensor histidine kinase RcsC
EFNKBEDD_01501	CDS	603				hypothetical protein
EFNKBEDD_01502	CDS	1683	smc_4			Chromosome partition protein Smc
EFNKBEDD_01503	CDS	1269	rssB_8			Regulator of RpoS
EFNKBEDD_01504	CDS	366	phoP_1		COG0745	Alkaline phosphatase synthesis transcriptional regulatory protein PhoP
EFNKBEDD_01505	CDS	531				hypothetical protein
EFNKBEDD_01506	CDS	2931				hypothetical protein
EFNKBEDD_01507	CDS	5517				hypothetical protein
EFNKBEDD_01508	CDS	1953	rcsC_43	2.7.13.3		Sensor histidine kinase RcsC
EFNKBEDD_01509	CDS	222				hypothetical protein
EFNKBEDD_01510	CDS	939				hypothetical protein
EFNKBEDD_01511	CDS	1362				hypothetical protein
EFNKBEDD_01512	CDS	1353				hypothetical protein
EFNKBEDD_01513	CDS	366				hypothetical protein
EFNKBEDD_01514	CDS	558	yqgN		COG0212	putative protein YqgN
EFNKBEDD_01515	CDS	369				Ferredoxin-1
EFNKBEDD_01516	CDS	531				hypothetical protein
EFNKBEDD_01517	CDS	174				hypothetical protein
EFNKBEDD_01518	CDS	399				hypothetical protein
EFNKBEDD_01519	CDS	558				IS630 family transposase ISAtsp7
EFNKBEDD_01520	CDS	387				hypothetical protein
EFNKBEDD_01521	CDS	141				hypothetical protein
EFNKBEDD_01522	CDS	678	suhB_1	3.1.3.25	COG0483	Inositol-1-monophosphatase
EFNKBEDD_01523	CDS	921	dnaJ_4			Chaperone protein DnaJ
EFNKBEDD_01524	CDS	1236	hisZ		COG3705	ATP phosphoribosyltransferase regulatory subunit
EFNKBEDD_01525	CDS	231	fprB	1.18.1.2	COG0493	putative ferredoxin/ferredoxin--NADP reductase
EFNKBEDD_01526	CDS	1152				hypothetical protein
EFNKBEDD_01527	CDS	243				hypothetical protein
EFNKBEDD_01528	CDS	1908				hypothetical protein
EFNKBEDD_01529	CDS	1569	oleC	6.1.3.1	COG0318	Olefin beta-lactone synthetase
EFNKBEDD_01530	CDS	1173	COQ5_3	2.1.1.163		2-methoxy-6-polyprenyl-1,4-benzoquinol methylase, mitochondrial
EFNKBEDD_01531	CDS	696				hypothetical protein
EFNKBEDD_01532	CDS	552				hypothetical protein
EFNKBEDD_01533	CDS	1107				hypothetical protein
EFNKBEDD_01534	CDS	291				hypothetical protein
EFNKBEDD_01535	CDS	552				IS701 family transposase ISNpu6
EFNKBEDD_01536	CDS	612				hypothetical protein
EFNKBEDD_01537	CDS	258				hypothetical protein
EFNKBEDD_01538	tRNA	74				tRNA-His(gtg)
EFNKBEDD_01539	CDS	1266				hypothetical protein
EFNKBEDD_01540	CDS	147				hypothetical protein
EFNKBEDD_01541	CDS	675				hypothetical protein
EFNKBEDD_01542	CDS	891				hypothetical protein
EFNKBEDD_01543	CDS	906				hypothetical protein
EFNKBEDD_01544	CDS	789	rlmB_2	2.1.1.185		23S rRNA (guanosine-2'-O-)-methyltransferase RlmB
EFNKBEDD_01545	CDS	1239	codA	3.5.4.1	COG0402	Cytosine deaminase
EFNKBEDD_01546	CDS	2064	pknD_13	2.7.11.1		Serine/threonine-protein kinase PknD
EFNKBEDD_01547	CDS	567				hypothetical protein
EFNKBEDD_01548	CDS	99				hypothetical protein
EFNKBEDD_01549	CDS	312				hypothetical protein
EFNKBEDD_01550	CDS	126				hypothetical protein
EFNKBEDD_01551	CDS	222				hypothetical protein
EFNKBEDD_01552	CDS	324				hypothetical protein
EFNKBEDD_01553	CDS	387	vapC_1	3.1.-.-		tRNA(fMet)-specific endonuclease VapC
EFNKBEDD_01554	CDS	219				hypothetical protein
EFNKBEDD_01555	CDS	2928	ycf3_6			Photosystem I assembly protein Ycf3
EFNKBEDD_01556	CDS	1503				hypothetical protein
EFNKBEDD_01557	CDS	1164				hypothetical protein
EFNKBEDD_01558	CDS	963				hypothetical protein
EFNKBEDD_01559	CDS	1272	pyrP			Uracil permease
EFNKBEDD_01560	CDS	963	yjiA_1	3.6.-.-	COG0523	P-loop guanosine triphosphatase YjiA
EFNKBEDD_01561	CDS	504				hypothetical protein
EFNKBEDD_01562	CDS	741		4.2.1.84		Low-molecular weight cobalt-containing nitrile hydratase subunit beta
EFNKBEDD_01563	CDS	627		4.2.1.84		Low-molecular weight cobalt-containing nitrile hydratase subunit alpha
EFNKBEDD_01564	CDS	378				hypothetical protein
EFNKBEDD_01565	CDS	1164		2.6.1.1	COG0436	Aspartate aminotransferase
EFNKBEDD_01566	CDS	1848	cpoB_3			Cell division coordinator CpoB
EFNKBEDD_01567	CDS	630				hypothetical protein
EFNKBEDD_01568	CDS	759				hypothetical protein
EFNKBEDD_01569	CDS	768				hypothetical protein
EFNKBEDD_01570	CDS	861			COG1305	putative protein
EFNKBEDD_01571	CDS	957				hypothetical protein
EFNKBEDD_01572	CDS	216				hypothetical protein
EFNKBEDD_01573	CDS	576				hypothetical protein
EFNKBEDD_01574	CDS	1434			COG2308	putative protein
EFNKBEDD_01575	CDS	876				hypothetical protein
EFNKBEDD_01576	CDS	1413	btuD_3	7.6.2.8		Vitamin B12 import ATP-binding protein BtuD
EFNKBEDD_01577	CDS	1005				hypothetical protein
EFNKBEDD_01578	CDS	333				hypothetical protein
EFNKBEDD_01579	CDS	231				hypothetical protein
EFNKBEDD_01580	CDS	600				hypothetical protein
EFNKBEDD_01581	CDS	1359				hypothetical protein
EFNKBEDD_01582	CDS	273				hypothetical protein
EFNKBEDD_01583	CDS	993	der_3			GTPase Der
EFNKBEDD_01584	CDS	327				hypothetical protein
EFNKBEDD_01585	CDS	231				hypothetical protein
EFNKBEDD_01586	CDS	180				hypothetical protein
EFNKBEDD_01587	CDS	354				hypothetical protein
EFNKBEDD_01588	CDS	2499				hypothetical protein
EFNKBEDD_01589	CDS	1149				hypothetical protein
EFNKBEDD_01590	CDS	468				hypothetical protein
EFNKBEDD_01591	CDS	3009				hypothetical protein
EFNKBEDD_01592	CDS	534	infC			Translation initiation factor IF-3
EFNKBEDD_01593	CDS	522	ilvH	2.2.1.6	COG0440	Putative acetolactate synthase small subunit
EFNKBEDD_01594	CDS	306	ccmK_1		COG4577	Carbon dioxide-concentrating mechanism protein CcmK
EFNKBEDD_01595	CDS	357	ccmK4			Carbon dioxide-concentrating mechanism protein CcmK 
EFNKBEDD_01596	CDS	1344				hypothetical protein
EFNKBEDD_01597	CDS	1395	tldD_1	3.4.-.-	COG0312	Metalloprotease TldD
EFNKBEDD_01598	CDS	1164	aspC	2.6.1.1		Aspartate aminotransferase
EFNKBEDD_01599	CDS	375	dnaJ_5			Chaperone protein DnaJ
EFNKBEDD_01600	CDS	354				hypothetical protein
EFNKBEDD_01601	CDS	2433	rcsC_44	2.7.13.3		Sensor histidine kinase RcsC
EFNKBEDD_01602	CDS	582				hypothetical protein
EFNKBEDD_01603	CDS	2844				hypothetical protein
EFNKBEDD_01604	CDS	531	aroE_1	1.1.1.25	COG0169	Shikimate dehydrogenase (NADP(+))
EFNKBEDD_01605	CDS	327	aroE_2	1.1.1.25	COG0169	Shikimate dehydrogenase (NADP(+))
EFNKBEDD_01606	CDS	567				hypothetical protein
EFNKBEDD_01607	CDS	654				hypothetical protein
EFNKBEDD_01608	CDS	687				hypothetical protein
EFNKBEDD_01609	CDS	2769				hypothetical protein
EFNKBEDD_01610	CDS	147				hypothetical protein
EFNKBEDD_01611	CDS	324				hypothetical protein
EFNKBEDD_01612	CDS	555	COQ3_2	2.1.1.222		Ubiquinone biosynthesis O-methyltransferase, mitochondrial
EFNKBEDD_01613	CDS	798		2.1.1.-	COG3315	Putative S-adenosyl-L-methionine-dependent methyltransferase
EFNKBEDD_01614	CDS	576				hypothetical protein
EFNKBEDD_01615	CDS	2919				hypothetical protein
EFNKBEDD_01616	CDS	924	menH_3	4.2.99.20		2-succinyl-6-hydroxy-2,4-cyclohexadiene-1-carboxylate synthase
EFNKBEDD_01617	CDS	453				hypothetical protein
EFNKBEDD_01618	CDS	411				hypothetical protein
EFNKBEDD_01619	CDS	504				hypothetical protein
EFNKBEDD_01620	CDS	1248	ubiI	1.14.13.240	COG0654	2-octaprenylphenol hydroxylase
EFNKBEDD_01621	CDS	255				hypothetical protein
EFNKBEDD_01622	CDS	738	cysH_1	1.8.4.8	COG0175	Phosphoadenosine phosphosulfate reductase
EFNKBEDD_01623	CDS	600				hypothetical protein
EFNKBEDD_01624	CDS	717				hypothetical protein
EFNKBEDD_01625	CDS	372				hypothetical protein
EFNKBEDD_01626	CDS	1113	iolG_2	1.1.1.369		Inositol 2-dehydrogenase/D-chiro-inositol 3-dehydrogenase
EFNKBEDD_01627	CDS	471				hypothetical protein
EFNKBEDD_01628	CDS	852	yitU	3.1.3.104	COG0561	5-amino-6-(5-phospho-D-ribitylamino)uracil phosphatase YitU
EFNKBEDD_01629	CDS	1599	dnaK_2			Chaperone protein DnaK
EFNKBEDD_01630	CDS	405	rsxB	7.-.-.-		Ion-translocating oxidoreductase complex subunit B
EFNKBEDD_01631	CDS	483				hypothetical protein
EFNKBEDD_01632	CDS	2502				hypothetical protein
EFNKBEDD_01633	CDS	2256	pacS	7.2.2.8		putative copper-transporting ATPase PacS
EFNKBEDD_01634	CDS	954				hypothetical protein
EFNKBEDD_01635	CDS	1170				hypothetical protein
EFNKBEDD_01636	CDS	1104	pglJ	2.4.1.291	COG0438	N-acetylgalactosamine-N,N'-diacetylbacillosaminyl-diphospho-undecaprenol 4-alpha-N-acetylgalactosaminyltransferase
EFNKBEDD_01637	CDS	945				hypothetical protein
EFNKBEDD_01638	CDS	318				hypothetical protein
EFNKBEDD_01639	CDS	126				hypothetical protein
EFNKBEDD_01640	CDS	1572	nagZ	3.2.1.52		Beta-hexosaminidase
EFNKBEDD_01641	CDS	411	rbfA		COG0858	Ribosome-binding factor A
EFNKBEDD_01642	CDS	204				hypothetical protein
EFNKBEDD_01643	CDS	384	folK	2.7.6.3	COG0801	2-amino-4-hydroxy-6-hydroxymethyldihydropteridine pyrophosphokinase
EFNKBEDD_01644	CDS	372	folX	5.1.99.7	COG1539	Dihydroneopterin triphosphate 2'-epimerase
EFNKBEDD_01645	CDS	723	ygfF	1.-.-.-		putative oxidoreductase YgfF
EFNKBEDD_01646	CDS	846	mazG	3.6.1.8	COG1694	Nucleoside triphosphate pyrophosphohydrolase
EFNKBEDD_01647	CDS	606				hypothetical protein
EFNKBEDD_01648	tRNA	73				tRNA-Val(tac)
EFNKBEDD_01649	CDS	1467	gltX	6.1.1.17	COG0008	Glutamate--tRNA ligase
EFNKBEDD_01650	CDS	153				hypothetical protein
EFNKBEDD_01651	CDS	1425	pds_1	1.3.5.5	COG3349	15-cis-phytoene desaturase
EFNKBEDD_01652	CDS	924	crtB	2.5.1.32		15-cis-phytoene synthase
EFNKBEDD_01653	CDS	663				hypothetical protein
EFNKBEDD_01654	CDS	1479	iolA	1.2.1.-	COG1012	Malonate-semialdehyde dehydrogenase
EFNKBEDD_01655	CDS	1263	rcsC_45	2.7.13.3		Sensor histidine kinase RcsC
EFNKBEDD_01656	CDS	675			COG4663	Monocarboxylate 2-oxoacid-binding periplasmic protein
EFNKBEDD_01657	CDS	474			COG4663	Monocarboxylate 2-oxoacid-binding periplasmic protein
EFNKBEDD_01658	CDS	2724	rcsC_46	2.7.13.3		Sensor histidine kinase RcsC
EFNKBEDD_01659	CDS	1170				hypothetical protein
EFNKBEDD_01660	CDS	903				hypothetical protein
EFNKBEDD_01661	CDS	1203				hypothetical protein
EFNKBEDD_01662	CDS	1098				hypothetical protein
EFNKBEDD_01663	CDS	441				hypothetical protein
EFNKBEDD_01664	CDS	627				hypothetical protein
EFNKBEDD_01665	CDS	1266				hypothetical protein
EFNKBEDD_01666	CDS	2019				hypothetical protein
EFNKBEDD_01667	CDS	102				hypothetical protein
EFNKBEDD_01668	CDS	1746	pknD_14	2.7.11.1		Serine/threonine-protein kinase PknD
EFNKBEDD_01669	CDS	660				hypothetical protein
EFNKBEDD_01670	CDS	468				hypothetical protein
EFNKBEDD_01671	CDS	357				hypothetical protein
EFNKBEDD_01672	CDS	684				hypothetical protein
EFNKBEDD_01673	CDS	498				hypothetical protein
EFNKBEDD_01674	CDS	483	nqrF	7.2.1.1		Na(+)-translocating NADH-quinone reductase subunit F
EFNKBEDD_01675	CDS	819				hypothetical protein
EFNKBEDD_01676	CDS	1017	cmpR_1			HTH-type transcriptional activator CmpR
EFNKBEDD_01677	CDS	1386	spkF_2	2.7.11.1		Serine/threonine-protein kinase F
EFNKBEDD_01678	CDS	1038		3.5.3.24	COG0010	N(1)-aminopropylagmatine ureohydrolase
EFNKBEDD_01679	CDS	384				hypothetical protein
EFNKBEDD_01680	CDS	1536	crtI	1.3.99.28	COG1233	Phytoene desaturase (neurosporene-forming)
EFNKBEDD_01681	CDS	201				hypothetical protein
EFNKBEDD_01682	CDS	2238	ppk	2.7.4.1	COG0855	Polyphosphate kinase
EFNKBEDD_01683	CDS	1689	glgE	2.4.99.16		Alpha-1,4-glucan:maltose-1-phosphate maltosyltransferase
EFNKBEDD_01684	CDS	558				hypothetical protein
EFNKBEDD_01685	CDS	432				hypothetical protein
EFNKBEDD_01686	CDS	1914	dnaK2			Chaperone protein dnaK2
EFNKBEDD_01687	CDS	2589	topA	5.6.2.1	COG0550	DNA topoisomerase 1
EFNKBEDD_01688	CDS	1698				hypothetical protein
EFNKBEDD_01689	CDS	429	rsbW_2	2.7.11.1		Serine-protein kinase RsbW
EFNKBEDD_01690	CDS	954	queG	1.17.99.6	COG1600	Epoxyqueuosine reductase
EFNKBEDD_01691	CDS	774				hypothetical protein
EFNKBEDD_01692	CDS	660	nikO	3.6.3.-	COG1122	Nickel import ATP-binding protein NikO
EFNKBEDD_01693	CDS	1317				hypothetical protein
EFNKBEDD_01694	CDS	873	glxR	1.1.1.60	COG2084	2-hydroxy-3-oxopropionate reductase
EFNKBEDD_01695	CDS	345				hypothetical protein
EFNKBEDD_01696	CDS	351				hypothetical protein
EFNKBEDD_01697	CDS	1284				IS200/IS605 family transposase ISAsp11
EFNKBEDD_01698	CDS	858	cocE_1	3.1.1.84		Cocaine esterase
EFNKBEDD_01699	CDS	786	cocE_2	3.1.1.84		Cocaine esterase
EFNKBEDD_01700	CDS	639	cbiM_1			Cobalt transport protein CbiM
EFNKBEDD_01701	CDS	558				hypothetical protein
EFNKBEDD_01702	CDS	843				hypothetical protein
EFNKBEDD_01703	CDS	1365	rcsC_47	2.7.13.3		Sensor histidine kinase RcsC
EFNKBEDD_01704	CDS	600				hypothetical protein
EFNKBEDD_01705	CDS	699				hypothetical protein
EFNKBEDD_01706	CDS	978	thadh	4.3.1.16		L-threo-3-hydroxyaspartate ammonia-lyase
EFNKBEDD_01707	CDS	756				hypothetical protein
EFNKBEDD_01708	CDS	585		3.5.1.104	COG0726	Peptidoglycan-N-acetylglucosamine deacetylase
EFNKBEDD_01709	CDS	579				hypothetical protein
EFNKBEDD_01710	CDS	558				IS630 family transposase ISAtsp7
EFNKBEDD_01711	CDS	432				hypothetical protein
EFNKBEDD_01712	CDS	618				hypothetical protein
EFNKBEDD_01713	CDS	336				hypothetical protein
EFNKBEDD_01714	CDS	417				hypothetical protein
EFNKBEDD_01715	CDS	2166				hypothetical protein
EFNKBEDD_01716	CDS	648	hpf		COG1544	Ribosome hibernation promotion factor
EFNKBEDD_01717	CDS	663	lipB	2.3.1.181	COG0321	Octanoyltransferase
EFNKBEDD_01718	CDS	477				Single-stranded DNA-binding protein
EFNKBEDD_01719	CDS	357				hypothetical protein
EFNKBEDD_01720	CDS	483	sodN	1.15.1.1		Superoxide dismutase [Ni]
EFNKBEDD_01721	CDS	354				hypothetical protein
EFNKBEDD_01722	CDS	678			COG1926	putative protein
EFNKBEDD_01723	CDS	1389	asnS	6.1.1.22	COG0017	Asparagine--tRNA ligase
EFNKBEDD_01724	CDS	1032				hypothetical protein
EFNKBEDD_01725	CDS	807				hypothetical protein
EFNKBEDD_01726	CDS	774	panB	2.1.2.11	COG0413	3-methyl-2-oxobutanoate hydroxymethyltransferase
EFNKBEDD_01727	CDS	873	wbbL	2.4.1.289	COG1216	N-acetylglucosaminyl-diphospho-decaprenol L-rhamnosyltransferase
EFNKBEDD_01728	CDS	450				hypothetical protein
EFNKBEDD_01729	CDS	975	kefG	1.6.5.2		Glutathione-regulated potassium-efflux system ancillary protein KefG
EFNKBEDD_01730	CDS	1074	mshA_3	2.4.1.250		D-inositol-3-phosphate glycosyltransferase
EFNKBEDD_01731	CDS	246				hypothetical protein
EFNKBEDD_01732	CDS	237				hypothetical protein
EFNKBEDD_01733	CDS	132				hypothetical protein
EFNKBEDD_01734	CDS	1137	mshA_4	2.4.1.250		D-inositol-3-phosphate glycosyltransferase
EFNKBEDD_01735	CDS	549				hypothetical protein
EFNKBEDD_01736	CDS	1293				hypothetical protein
EFNKBEDD_01737	CDS	255				hypothetical protein
EFNKBEDD_01738	CDS	513				hypothetical protein
EFNKBEDD_01739	CDS	1536				hypothetical protein
EFNKBEDD_01740	CDS	594	nrdR			Transcriptional repressor NrdR
EFNKBEDD_01741	CDS	96	psbT			Photosystem II reaction center protein T
EFNKBEDD_01742	CDS	1527	psbB			Photosystem II CP47 reaction center protein
EFNKBEDD_01743	CDS	297				hypothetical protein
EFNKBEDD_01744	CDS	114	psbM			Photosystem II reaction center protein M
EFNKBEDD_01745	CDS	453				hypothetical protein
EFNKBEDD_01746	CDS	351				hypothetical protein
EFNKBEDD_01747	CDS	504				hypothetical protein
EFNKBEDD_01748	CDS	375				hypothetical protein
EFNKBEDD_01749	CDS	1623				hypothetical protein
EFNKBEDD_01750	CDS	1266	tolB_2			Tol-Pal system protein TolB
EFNKBEDD_01751	CDS	426				hypothetical protein
EFNKBEDD_01752	CDS	234				hypothetical protein
EFNKBEDD_01753	CDS	123				hypothetical protein
EFNKBEDD_01754	CDS	828				hypothetical protein
EFNKBEDD_01755	CDS	702				hypothetical protein
EFNKBEDD_01756	CDS	1695				hypothetical protein
EFNKBEDD_01757	CDS	237				hypothetical protein
EFNKBEDD_01758	CDS	717				hypothetical protein
EFNKBEDD_01759	CDS	915				hypothetical protein
EFNKBEDD_01760	CDS	558				IS630 family transposase ISAtsp7
EFNKBEDD_01761	CDS	687	trmD	2.1.1.228		tRNA (guanine-N(1)-)-methyltransferase
EFNKBEDD_01762	CDS	885	cphB	3.4.15.6		Cyanophycinase
EFNKBEDD_01763	CDS	2625	cphA	6.3.2.29	COG0769	Cyanophycin synthetase
EFNKBEDD_01764	CDS	198	tatA_1			Sec-independent protein translocase protein TatA
EFNKBEDD_01765	CDS	768	pcyA_1	1.3.7.5		Phycocyanobilin:ferredoxin oxidoreductase
EFNKBEDD_01766	CDS	534				hypothetical protein
EFNKBEDD_01767	CDS	1482				hypothetical protein
EFNKBEDD_01768	CDS	2328				hypothetical protein
EFNKBEDD_01769	CDS	1335				hypothetical protein
EFNKBEDD_01770	CDS	993				hypothetical protein
EFNKBEDD_01771	CDS	720	COQ3_3	2.1.1.222		Ubiquinone biosynthesis O-methyltransferase, mitochondrial
EFNKBEDD_01772	CDS	333				hypothetical protein
EFNKBEDD_01773	CDS	1443				hypothetical protein
EFNKBEDD_01774	CDS	579				hypothetical protein
EFNKBEDD_01775	CDS	1038	tas		COG0667	Protein tas
EFNKBEDD_01776	CDS	1041				hypothetical protein
EFNKBEDD_01777	CDS	681				hypothetical protein
EFNKBEDD_01778	tRNA	75				tRNA-Ala(cgc)
EFNKBEDD_01779	CDS	726		3.1.3.-	COG0637	Phosphorylated carbohydrates phosphatase
EFNKBEDD_01780	CDS	861	COQ5_4	2.1.1.163		2-methoxy-6-polyprenyl-1,4-benzoquinol methylase, mitochondrial
EFNKBEDD_01781	CDS	285				hypothetical protein
EFNKBEDD_01782	CDS	120	psbX			Photosystem II reaction center X protein
EFNKBEDD_01783	CDS	852				hypothetical protein
EFNKBEDD_01784	CDS	534	tolB_3			Tol-Pal system protein TolB
EFNKBEDD_01785	CDS	480	tolB_4			Tol-Pal system protein TolB
EFNKBEDD_01786	CDS	240				hypothetical protein
EFNKBEDD_01787	CDS	1032				hypothetical protein
EFNKBEDD_01788	CDS	414				hypothetical protein
EFNKBEDD_01789	CDS	915				hypothetical protein
EFNKBEDD_01790	CDS	1260	cbiET		COG2241	Cobalamin biosynthesis bifunctional protein CbiET
EFNKBEDD_01791	CDS	600	cbiC_1	5.4.99.60	COG2082	Cobalt-precorrin-8 methylmutase
EFNKBEDD_01792	CDS	720				hypothetical protein
EFNKBEDD_01793	CDS	858	rsbU	3.1.3.3	COG2208	Phosphoserine phosphatase RsbU
EFNKBEDD_01794	CDS	183				hypothetical protein
EFNKBEDD_01795	CDS	1182				hypothetical protein
EFNKBEDD_01796	CDS	1839	ftsH3	3.4.24.-		ATP-dependent zinc metalloprotease FtsH 3
EFNKBEDD_01797	CDS	600	coaE	2.7.1.24		Dephospho-CoA kinase
EFNKBEDD_01798	CDS	351				hypothetical protein
EFNKBEDD_01799	CDS	384				hypothetical protein
EFNKBEDD_01800	CDS	930	dmlR_2			HTH-type transcriptional regulator DmlR
EFNKBEDD_01801	CDS	627	ycaC	4.-.-.-	COG1335	putative hydrolase YcaC
EFNKBEDD_01802	CDS	606	drgA			Protein DrgA
EFNKBEDD_01803	CDS	378	ogt	2.1.1.63		Methylated-DNA--protein-cysteine methyltransferase
EFNKBEDD_01804	CDS	519				hypothetical protein
EFNKBEDD_01805	CDS	1965	nfdA	3.5.1.91		N-substituted formamide deformylase
EFNKBEDD_01806	CDS	570				hypothetical protein
EFNKBEDD_01807	CDS	603				hypothetical protein
EFNKBEDD_01808	CDS	258	rbr		COG1592	Rubrerythrin
EFNKBEDD_01809	CDS	624				hypothetical protein
EFNKBEDD_01810	CDS	234				hypothetical protein
EFNKBEDD_01811	CDS	558				IS630 family transposase ISAtsp7
EFNKBEDD_01812	CDS	204				hypothetical protein
EFNKBEDD_01813	CDS	582				hypothetical protein
EFNKBEDD_01814	CDS	1386				hypothetical protein
EFNKBEDD_01815	CDS	804				hypothetical protein
EFNKBEDD_01816	CDS	1599				hypothetical protein
EFNKBEDD_01817	CDS	540				hypothetical protein
EFNKBEDD_01818	CDS	297				hypothetical protein
EFNKBEDD_01819	CDS	264				hypothetical protein
EFNKBEDD_01820	CDS	234				IS701 family transposase IS701
EFNKBEDD_01821	CDS	615				IS701 family transposase ISAcma24
EFNKBEDD_01822	tRNA	75				tRNA-Arg(cct)
EFNKBEDD_01823	CDS	1575	lysS	6.1.1.6	COG1384	Lysine--tRNA ligase
EFNKBEDD_01824	CDS	1446		1.13.11.75		Apocarotenoid-15,15'-oxygenase
EFNKBEDD_01825	CDS	783				hypothetical protein
EFNKBEDD_01826	CDS	585				hypothetical protein
EFNKBEDD_01827	CDS	519				hypothetical protein
EFNKBEDD_01828	CDS	765			COG1842	Phage shock protein A 
EFNKBEDD_01829	CDS	735			COG1842	Phage shock protein A 
EFNKBEDD_01830	CDS	1446				hypothetical protein
EFNKBEDD_01831	CDS	315				hypothetical protein
EFNKBEDD_01832	CDS	1881	cpoB_4			Cell division coordinator CpoB
EFNKBEDD_01833	CDS	234				hypothetical protein
EFNKBEDD_01834	CDS	171				hypothetical protein
EFNKBEDD_01835	CDS	414				hypothetical protein
EFNKBEDD_01836	CDS	270				hypothetical protein
EFNKBEDD_01837	CDS	240				hypothetical protein
EFNKBEDD_01838	CDS	432				hypothetical protein
EFNKBEDD_01839	CDS	1371				hypothetical protein
EFNKBEDD_01840	CDS	651	rplC		COG0087	50S ribosomal protein L3
EFNKBEDD_01841	CDS	303	rplD_1		COG0088	50S ribosomal protein L4
EFNKBEDD_01842	CDS	333	rplD_2			50S ribosomal protein L4
EFNKBEDD_01843	CDS	315	rplW			50S ribosomal protein L23
EFNKBEDD_01844	CDS	741	rplB		COG0090	50S ribosomal protein L2
EFNKBEDD_01845	CDS	279	rpsS		COG0185	30S ribosomal protein S19
EFNKBEDD_01846	CDS	363	rplV		COG0091	50S ribosomal protein L22
EFNKBEDD_01847	CDS	732	rpsC			30S ribosomal protein S3
EFNKBEDD_01848	CDS	417	rplP		COG0197	50S ribosomal protein L16
EFNKBEDD_01849	CDS	255				hypothetical protein
EFNKBEDD_01850	CDS	243	rpsQ		COG0186	30S ribosomal protein S17
EFNKBEDD_01851	CDS	366	rplN			50S ribosomal protein L14
EFNKBEDD_01852	CDS	351	rplX		COG0198	50S ribosomal protein L24
EFNKBEDD_01853	CDS	546	rplE		COG0094	50S ribosomal protein L5
EFNKBEDD_01854	CDS	402	rpsH		COG0096	30S ribosomal protein S8
EFNKBEDD_01855	CDS	564	rplF			50S ribosomal protein L6
EFNKBEDD_01856	CDS	366	rplR			50S ribosomal protein L18
EFNKBEDD_01857	CDS	540	rpsE		COG0098	30S ribosomal protein S5
EFNKBEDD_01858	CDS	447	rplO		COG0200	50S ribosomal protein L15
EFNKBEDD_01859	CDS	1308	secY		COG0201	Protein translocase subunit SecY
EFNKBEDD_01860	CDS	561	adk_1	2.7.4.3	COG0563	Adenylate kinase
EFNKBEDD_01861	CDS	225	infA			Translation initiation factor IF-1
EFNKBEDD_01862	CDS	384	rpsM		COG0099	30S ribosomal protein S13
EFNKBEDD_01863	CDS	390	rpsK			30S ribosomal protein S11
EFNKBEDD_01864	CDS	984	rpoA	2.7.7.6	COG0202	DNA-directed RNA polymerase subunit alpha
EFNKBEDD_01865	CDS	390	rplQ		COG0203	50S ribosomal protein L17
EFNKBEDD_01866	CDS	849	truA	5.4.99.12	COG0101	tRNA pseudouridine synthase A
EFNKBEDD_01867	CDS	456	rplM		COG0102	50S ribosomal protein L13
EFNKBEDD_01868	CDS	417	rpsI		COG0103	30S ribosomal protein S9
EFNKBEDD_01869	CDS	228	rpmE		COG0254	50S ribosomal protein L31
EFNKBEDD_01870	CDS	1101	prfA		COG0216	Peptide chain release factor 1
EFNKBEDD_01871	CDS	477				hypothetical protein
EFNKBEDD_01872	CDS	1002				hypothetical protein
EFNKBEDD_01873	CDS	180				hypothetical protein
EFNKBEDD_01874	CDS	1329				hypothetical protein
EFNKBEDD_01875	CDS	1785			COG1132	putative ABC transporter ATP-binding protein
EFNKBEDD_01876	CDS	1671	cpoB_5			Cell division coordinator CpoB
EFNKBEDD_01877	CDS	1455	rcsC_48	2.7.13.3		Sensor histidine kinase RcsC
EFNKBEDD_01878	CDS	1029	menA_1	2.5.1.74		1,4-dihydroxy-2-naphthoate octaprenyltransferase
EFNKBEDD_01879	CDS	1170				hypothetical protein
EFNKBEDD_01880	CDS	198				hypothetical protein
EFNKBEDD_01881	CDS	591				hypothetical protein
EFNKBEDD_01882	CDS	1299		1.8.5.4	COG0446	Sulfide-quinone reductase
EFNKBEDD_01883	CDS	405				hypothetical protein
EFNKBEDD_01884	CDS	981				hypothetical protein
EFNKBEDD_01885	CDS	1200				hypothetical protein
EFNKBEDD_01886	CDS	1401	pucC			Protein PucC
EFNKBEDD_01887	CDS	648	hisG	2.4.2.17	COG0040	ATP phosphoribosyltransferase
EFNKBEDD_01888	CDS	1002	hemC	2.5.1.61	COG0181	Porphobilinogen deaminase
EFNKBEDD_01889	CDS	582	resA_2			Thiol-disulfide oxidoreductase ResA
EFNKBEDD_01890	CDS	3156				hypothetical protein
EFNKBEDD_01891	CDS	2976	rcsC_49	2.7.13.3		Sensor histidine kinase RcsC
EFNKBEDD_01892	CDS	1461				hypothetical protein
EFNKBEDD_01893	CDS	3135	rcsC_50	2.7.13.3		Sensor histidine kinase RcsC
EFNKBEDD_01894	CDS	2862	rcsC_51	2.7.13.3		Sensor histidine kinase RcsC
EFNKBEDD_01895	CDS	510	apcD_1			Phycobiliprotein beta chain
EFNKBEDD_01896	CDS	1422	glnA_1	6.3.1.2		Glutamine synthetase
EFNKBEDD_01897	CDS	1092	COQ5_5	2.1.1.163		2-methoxy-6-polyprenyl-1,4-benzoquinol methylase, mitochondrial
EFNKBEDD_01898	CDS	465				hypothetical protein
EFNKBEDD_01899	CDS	678	lipM	2.3.1.181		Octanoyltransferase LipM
EFNKBEDD_01900	CDS	225	psaK1			Photosystem I reaction center subunit PsaK 1
EFNKBEDD_01901	CDS	666	trpF	5.3.1.24	COG0135	N-(5'-phosphoribosyl)anthranilate isomerase
EFNKBEDD_01902	CDS	696	mprA_3		COG0745	Response regulator MprA
EFNKBEDD_01903	CDS	699				hypothetical protein
EFNKBEDD_01904	CDS	606				hypothetical protein
EFNKBEDD_01905	CDS	2610				hypothetical protein
EFNKBEDD_01906	CDS	417				hypothetical protein
EFNKBEDD_01907	CDS	4710	rcsC_52	2.7.13.3		Sensor histidine kinase RcsC
EFNKBEDD_01908	CDS	828	bvgS_1	2.7.13.3		Virulence sensor protein BvgS
EFNKBEDD_01909	CDS	585	tsaC	2.7.7.87		Threonylcarbamoyl-AMP synthase
EFNKBEDD_01910	CDS	636				hypothetical protein
EFNKBEDD_01911	CDS	759				hypothetical protein
EFNKBEDD_01912	CDS	246				hypothetical protein
EFNKBEDD_01913	CDS	534				hypothetical protein
EFNKBEDD_01914	CDS	327				hypothetical protein
EFNKBEDD_01915	CDS	471		3.2.2.-	COG3236	N-glycosidase
EFNKBEDD_01916	CDS	255				hypothetical protein
EFNKBEDD_01917	CDS	615				hypothetical protein
EFNKBEDD_01918	CDS	798	hypB_2		COG0378	Hydrogenase maturation factor HypB
EFNKBEDD_01919	CDS	342	hypA_2		COG0375	Hydrogenase maturation factor HypA
EFNKBEDD_01920	CDS	492				hypothetical protein
EFNKBEDD_01921	CDS	840	fabF_2	2.3.1.179		3-oxoacyl-[acyl-carrier-protein] synthase 2
EFNKBEDD_01922	CDS	330				hypothetical protein
EFNKBEDD_01923	CDS	585				hypothetical protein
EFNKBEDD_01924	CDS	1608		1.4.5.-		L-amino acid dehydrogenase
EFNKBEDD_01925	CDS	732				hypothetical protein
EFNKBEDD_01926	CDS	573	ycf4			Photosystem I assembly protein Ycf4
EFNKBEDD_01927	CDS	366	psbD_1	1.10.3.9		Photosystem II D2 protein
EFNKBEDD_01928	CDS	684	psbD_2	1.10.3.9		Photosystem II D2 protein
EFNKBEDD_01929	CDS	1362	psbC_1			Photosystem II CP43 reaction center protein
EFNKBEDD_01930	CDS	801	COQ5_6	2.1.1.163		2-methoxy-6-polyprenyl-1,4-benzoquinol methylase, mitochondrial
EFNKBEDD_01931	CDS	2112				hypothetical protein
EFNKBEDD_01932	CDS	1407				hypothetical protein
EFNKBEDD_01933	CDS	447				hypothetical protein
EFNKBEDD_01934	CDS	924		2.4.-.-		putative glycosyltransferase
EFNKBEDD_01935	CDS	816				hypothetical protein
EFNKBEDD_01936	CDS	1689	sdhA	1.3.5.1	COG1053	Succinate dehydrogenase flavoprotein subunit
EFNKBEDD_01937	CDS	309				hypothetical protein
EFNKBEDD_01938	CDS	2226				hypothetical protein
EFNKBEDD_01939	CDS	846	rbgA		COG1161	Ribosome biogenesis GTPase A
EFNKBEDD_01940	CDS	411				hypothetical protein
EFNKBEDD_01941	CDS	1203	pgk	2.7.2.3	COG0126	Phosphoglycerate kinase
EFNKBEDD_01942	CDS	1650				hypothetical protein
EFNKBEDD_01943	CDS	1581				hypothetical protein
EFNKBEDD_01944	CDS	972	zitB			Zinc transporter ZitB
EFNKBEDD_01945	CDS	1932	ftsH_3	3.4.24.-		ATP-dependent zinc metalloprotease FtsH
EFNKBEDD_01946	CDS	1161				hypothetical protein
EFNKBEDD_01947	CDS	1158				hypothetical protein
EFNKBEDD_01948	CDS	363				hypothetical protein
EFNKBEDD_01949	CDS	228				hypothetical protein
EFNKBEDD_01950	CDS	1920	der_4			GTPase Der
EFNKBEDD_01951	CDS	609				hypothetical protein
EFNKBEDD_01952	CDS	153				hypothetical protein
EFNKBEDD_01953	CDS	837				hypothetical protein
EFNKBEDD_01954	CDS	2067		3.4.21.26		Prolyl endopeptidase
EFNKBEDD_01955	CDS	306				hypothetical protein
EFNKBEDD_01956	CDS	753	clcD_1	3.1.1.45		Carboxymethylenebutenolidase
EFNKBEDD_01957	CDS	912	rpsA_1		COG0539	30S ribosomal protein S1
EFNKBEDD_01958	CDS	876				hypothetical protein
EFNKBEDD_01959	CDS	309				hypothetical protein
EFNKBEDD_01960	CDS	366				hypothetical protein
EFNKBEDD_01961	CDS	828				hypothetical protein
EFNKBEDD_01962	CDS	336				hypothetical protein
EFNKBEDD_01963	CDS	519				hypothetical protein
EFNKBEDD_01964	CDS	837	yeeZ		COG0451	Protein YeeZ
EFNKBEDD_01965	CDS	315				hypothetical protein
EFNKBEDD_01966	CDS	660				hypothetical protein
EFNKBEDD_01967	CDS	705				hypothetical protein
EFNKBEDD_01968	CDS	1134	ycf3_7			Photosystem I assembly protein Ycf3
EFNKBEDD_01969	CDS	1407	appC	7.1.1.3	COG1271	Cytochrome bd-II ubiquinol oxidase subunit 1
EFNKBEDD_01970	CDS	1014	cydB	7.1.1.7	COG1294	Cytochrome bd-I ubiquinol oxidase subunit 2
EFNKBEDD_01971	CDS	690				hypothetical protein
EFNKBEDD_01972	CDS	945		5.1.3.2	COG1088	UDP-glucose 4-epimerase
EFNKBEDD_01973	CDS	1368	tuaD	1.1.1.22	COG1004	UDP-glucose 6-dehydrogenase TuaD
EFNKBEDD_01974	CDS	1806	pepF1	3.4.24.-		Oligoendopeptidase F, plasmid
EFNKBEDD_01975	CDS	372				hypothetical protein
EFNKBEDD_01976	CDS	978	era_2		COG1159	GTPase Era
EFNKBEDD_01977	CDS	1077	pfkA2	2.7.1.11	COG0205	ATP-dependent 6-phosphofructokinase 2
EFNKBEDD_01978	CDS	690				hypothetical protein
EFNKBEDD_01979	CDS	228				hypothetical protein
EFNKBEDD_01980	CDS	747	fabG_1	1.1.1.100		3-oxoacyl-[acyl-carrier-protein] reductase
EFNKBEDD_01981	CDS	318				Thioredoxin-like protein
EFNKBEDD_01982	tRNA	71				tRNA-Gly(tcc)
EFNKBEDD_01983	CDS	384				hypothetical protein
EFNKBEDD_01984	CDS	159				hypothetical protein
EFNKBEDD_01985	CDS	2757	rcsC_53	2.7.13.3		Sensor histidine kinase RcsC
EFNKBEDD_01986	CDS	3060	cheB_4	3.5.1.44		Protein-glutamate methylesterase/protein-glutamine glutaminase
EFNKBEDD_01987	CDS	174				hypothetical protein
EFNKBEDD_01988	CDS	723	yhdN_1	1.1.1.-	COG0667	Aldo-keto reductase YhdN
EFNKBEDD_01989	CDS	1071	rlmN	2.1.1.192		putative dual-specificity RNA methyltransferase RlmN
EFNKBEDD_01990	CDS	879	lgt	2.5.1.145	COG0682	Phosphatidylglycerol--prolipoprotein diacylglyceryl transferase
EFNKBEDD_01991	CDS	534				hypothetical protein
EFNKBEDD_01992	CDS	1326	dctM		COG1593	C4-dicarboxylate TRAP transporter large permease protein DctM
EFNKBEDD_01993	CDS	666				hypothetical protein
EFNKBEDD_01994	CDS	360		2.1.1.295		2-methyl-6-phytyl-1,4-hydroquinone methyltransferase
EFNKBEDD_01995	CDS	804				hypothetical protein
EFNKBEDD_01996	CDS	681				hypothetical protein
EFNKBEDD_01997	CDS	1413	amtB			Ammonia channel
EFNKBEDD_01998	CDS	1035	ysdC	3.4.11.-	COG1363	Putative aminopeptidase YsdC
EFNKBEDD_01999	CDS	570				hypothetical protein
EFNKBEDD_02000	CDS	546				IS630 family transposase ISAtsp7
EFNKBEDD_02001	CDS	558				IS630 family transposase ISAtsp7
EFNKBEDD_02002	CDS	399				hypothetical protein
EFNKBEDD_02003	CDS	327				hypothetical protein
EFNKBEDD_02004	CDS	273				hypothetical protein
EFNKBEDD_02005	CDS	399				hypothetical protein
EFNKBEDD_02006	CDS	558				IS630 family transposase ISAtsp7
EFNKBEDD_02007	CDS	114				hypothetical protein
EFNKBEDD_02008	CDS	2565	ycf3_8			Photosystem I assembly protein Ycf3
EFNKBEDD_02009	CDS	279				hypothetical protein
EFNKBEDD_02010	CDS	1056				hypothetical protein
EFNKBEDD_02011	CDS	1239	rcsC_54	2.7.13.3		Sensor histidine kinase RcsC
EFNKBEDD_02012	CDS	2532	rcsC_55	2.7.13.3		Sensor histidine kinase RcsC
EFNKBEDD_02013	CDS	378				hypothetical protein
EFNKBEDD_02014	CDS	1029	pheS	6.1.1.20	COG0016	Phenylalanine--tRNA ligase alpha subunit
EFNKBEDD_02015	CDS	678				hypothetical protein
EFNKBEDD_02016	CDS	615	PAD1	2.5.1.129		Flavin prenyltransferase PAD1, mitochondrial
EFNKBEDD_02017	CDS	2268	rnr_1	3.1.13.1	COG0557	Ribonuclease R
EFNKBEDD_02018	CDS	717	phoU		COG0704	Phosphate-specific transport system accessory protein PhoU 
EFNKBEDD_02019	CDS	762	nasF	2.1.1.107	COG0007	Uroporphyrinogen-III C-methyltransferase
EFNKBEDD_02020	CDS	750	cbiX_1	4.99.1.3	COG2138	Sirohydrochlorin cobaltochelatase
EFNKBEDD_02021	CDS	1098				Ca(2+)/H(+) antiporter
EFNKBEDD_02022	CDS	960	minC			septum site-determining protein MinC
EFNKBEDD_02023	CDS	807	minD		COG2894	Septum site-determining protein MinD
EFNKBEDD_02024	CDS	516	minE			Cell division topological specificity factor
EFNKBEDD_02025	CDS	426				hypothetical protein
EFNKBEDD_02026	CDS	639	rssB_9			Regulator of RpoS
EFNKBEDD_02027	tRNA	74				tRNA-Thr(tgt)
EFNKBEDD_02028	CDS	264				hypothetical protein
EFNKBEDD_02029	CDS	375				hypothetical protein
EFNKBEDD_02030	CDS	588				hypothetical protein
EFNKBEDD_02031	CDS	1599				hypothetical protein
EFNKBEDD_02032	CDS	2094				hypothetical protein
EFNKBEDD_02033	CDS	267				hypothetical protein
EFNKBEDD_02034	CDS	1428				hypothetical protein
EFNKBEDD_02035	CDS	225				hypothetical protein
EFNKBEDD_02036	CDS	375				hypothetical protein
EFNKBEDD_02037	CDS	444				hypothetical protein
EFNKBEDD_02038	CDS	432				hypothetical protein
EFNKBEDD_02039	CDS	1017	prs	2.7.6.1	COG0462	Ribose-phosphate pyrophosphokinase
EFNKBEDD_02040	CDS	843			COG0204	putative protein
EFNKBEDD_02041	CDS	1968	hcaB_1	1.3.1.87		3-phenylpropionate-dihydrodiol/cinnamic acid-dihydrodiol dehydrogenase
EFNKBEDD_02042	CDS	288	gatC	6.3.5.-	COG0721	Glutamyl-tRNA(Gln) amidotransferase subunit C
EFNKBEDD_02043	CDS	522	ycf3_9			Photosystem I assembly protein Ycf3
EFNKBEDD_02044	CDS	129				hypothetical protein
EFNKBEDD_02045	CDS	318				hypothetical protein
EFNKBEDD_02046	CDS	108				hypothetical protein
EFNKBEDD_02047	CDS	1611				hypothetical protein
EFNKBEDD_02048	CDS	1362	rsmB	2.1.1.176	COG0144	Ribosomal RNA small subunit methyltransferase B
EFNKBEDD_02049	CDS	186				hypothetical protein
EFNKBEDD_02050	CDS	819				hypothetical protein
EFNKBEDD_02051	CDS	525				hypothetical protein
EFNKBEDD_02052	CDS	2442				hypothetical protein
EFNKBEDD_02053	CDS	858				hypothetical protein
EFNKBEDD_02054	CDS	567				hypothetical protein
EFNKBEDD_02055	CDS	1140	fbiC_1		COG1060	FO synthase
EFNKBEDD_02056	CDS	1440	norG		COG1167	HTH-type transcriptional regulator NorG
EFNKBEDD_02057	CDS	294				hypothetical protein
EFNKBEDD_02058	CDS	1107	proB	2.7.2.11	COG0263	Glutamate 5-kinase
EFNKBEDD_02059	CDS	549				hypothetical protein
EFNKBEDD_02060	CDS	1032	mltG	4.2.2.-		Endolytic murein transglycosylase
EFNKBEDD_02061	CDS	549				hypothetical protein
EFNKBEDD_02062	CDS	414	yrrK	3.1.-.-	COG0816	Putative pre-16S rRNA nuclease
EFNKBEDD_02063	CDS	312				hypothetical protein
EFNKBEDD_02064	CDS	360				hypothetical protein
EFNKBEDD_02065	CDS	1242				hypothetical protein
EFNKBEDD_02066	CDS	189				hypothetical protein
EFNKBEDD_02067	CDS	1038				hypothetical protein
EFNKBEDD_02068	CDS	1674	ubiB_3	2.7.-.-	COG0661	putative protein kinase UbiB
EFNKBEDD_02069	CDS	1056	sasA_11	2.7.-.-		Adaptive-response sensory-kinase SasA
EFNKBEDD_02070	CDS	1725				hypothetical protein
EFNKBEDD_02071	CDS	1977	rcsC_56	2.7.13.3		Sensor histidine kinase RcsC
EFNKBEDD_02072	CDS	222				hypothetical protein
EFNKBEDD_02073	CDS	1404				hypothetical protein
EFNKBEDD_02074	CDS	5034	tolB_5			Tol-Pal system protein TolB
EFNKBEDD_02075	tRNA	81				tRNA-Leu(gag)
EFNKBEDD_02076	CDS	1362	accC	6.3.4.14	COG0439	Biotin carboxylase
EFNKBEDD_02077	CDS	195				hypothetical protein
EFNKBEDD_02078	CDS	1479				hypothetical protein
EFNKBEDD_02079	CDS	363	pucM	3.5.2.17	COG2351	5-hydroxyisourate hydrolase
EFNKBEDD_02080	CDS	501	uao			Uric acid degradation bifunctional protein
EFNKBEDD_02081	CDS	1794				hypothetical protein
EFNKBEDD_02082	CDS	216				hypothetical protein
EFNKBEDD_02083	CDS	411	tolR_2			Tol-Pal system protein TolR
EFNKBEDD_02084	CDS	363				hypothetical protein
EFNKBEDD_02085	CDS	312				hypothetical protein
EFNKBEDD_02086	CDS	312				hypothetical protein
EFNKBEDD_02087	CDS	1644				hypothetical protein
EFNKBEDD_02088	CDS	1062				hypothetical protein
EFNKBEDD_02089	CDS	1776				hypothetical protein
EFNKBEDD_02090	CDS	1341	mdtA_4			Multidrug resistance protein MdtA
EFNKBEDD_02091	CDS	618				hypothetical protein
EFNKBEDD_02092	CDS	918				hypothetical protein
EFNKBEDD_02093	CDS	900				hypothetical protein
EFNKBEDD_02094	CDS	792				hypothetical protein
EFNKBEDD_02095	CDS	1164	recF_4			DNA replication and repair protein RecF
EFNKBEDD_02096	CDS	1167	hemH_1	4.99.1.1	COG0276	Ferrochelatase
EFNKBEDD_02097	CDS	1605				hypothetical protein
EFNKBEDD_02098	CDS	171				hypothetical protein
EFNKBEDD_02099	CDS	309				hypothetical protein
EFNKBEDD_02100	CDS	783				hypothetical protein
EFNKBEDD_02101	CDS	726				hypothetical protein
EFNKBEDD_02102	CDS	1272				hypothetical protein
EFNKBEDD_02103	CDS	1368	lutA			Lactate utilization protein A
EFNKBEDD_02104	CDS	1365	sasA_12	2.7.-.-		Adaptive-response sensory-kinase SasA
EFNKBEDD_02105	CDS	546				hypothetical protein
EFNKBEDD_02106	CDS	954				hypothetical protein
EFNKBEDD_02107	CDS	993				hypothetical protein
EFNKBEDD_02108	CDS	453				hypothetical protein
EFNKBEDD_02109	CDS	357				hypothetical protein
EFNKBEDD_02110	CDS	1425	icd	1.1.1.42		Isocitrate dehydrogenase [NADP]
EFNKBEDD_02111	CDS	2748	rcsC_57	2.7.13.3		Sensor histidine kinase RcsC
EFNKBEDD_02112	CDS	1098	prcA	3.4.21.-	COG1404	Calcium-dependent protease
EFNKBEDD_02113	CDS	1107				hypothetical protein
EFNKBEDD_02114	CDS	603				hypothetical protein
EFNKBEDD_02115	CDS	252				hypothetical protein
EFNKBEDD_02116	CDS	324	grxD		COG0278	Glutaredoxin 4
EFNKBEDD_02117	CDS	252				hypothetical protein
EFNKBEDD_02118	CDS	768	sphR_1		COG0745	Alkaline phosphatase synthesis transcriptional regulatory protein SphR
EFNKBEDD_02119	CDS	558				hypothetical protein
EFNKBEDD_02120	CDS	390				hypothetical protein
EFNKBEDD_02121	CDS	363				hypothetical protein
EFNKBEDD_02122	CDS	1602				hypothetical protein
EFNKBEDD_02123	CDS	7314	lgrD			Linear gramicidin synthase subunit D
EFNKBEDD_02124	CDS	894			COG5285	putative protein
EFNKBEDD_02125	CDS	2718	menE_1	6.2.1.26		2-succinylbenzoate--CoA ligase
EFNKBEDD_02126	CDS	3234	menE_2	6.2.1.26		2-succinylbenzoate--CoA ligase
EFNKBEDD_02127	CDS	1548				hypothetical protein
EFNKBEDD_02128	CDS	4074				hypothetical protein
EFNKBEDD_02129	CDS	6030				hypothetical protein
EFNKBEDD_02130	CDS	2952				hypothetical protein
EFNKBEDD_02131	CDS	3000		2.3.1.41	COG3321	Phenolphthiocerol synthesis polyketide synthase type I Pks15/1
EFNKBEDD_02132	CDS	10272				hypothetical protein
EFNKBEDD_02133	CDS	5961	COQ5_7	2.1.1.163		2-methoxy-6-polyprenyl-1,4-benzoquinol methylase, mitochondrial
EFNKBEDD_02134	CDS	1152				IS200/IS605 family transposase ISMae41
EFNKBEDD_02135	CDS	1365				hypothetical protein
EFNKBEDD_02136	CDS	642	pipB2_4		COG1357	Secreted effector protein PipB2
EFNKBEDD_02137	CDS	465	rcsC_58	2.7.13.3		Sensor histidine kinase RcsC
EFNKBEDD_02138	CDS	555				hypothetical protein
EFNKBEDD_02139	CDS	195	rpmG		COG0267	50S ribosomal protein L33
EFNKBEDD_02140	CDS	219				hypothetical protein
EFNKBEDD_02141	CDS	2022	rnr_2	3.1.13.1		Ribonuclease R
EFNKBEDD_02142	CDS	1509				hypothetical protein
EFNKBEDD_02143	CDS	216	dcd_1	3.5.4.13		dCTP deaminase
EFNKBEDD_02144	CDS	1776				hypothetical protein
EFNKBEDD_02145	CDS	243	dcd_2	3.5.4.13	COG0717	dCTP deaminase
EFNKBEDD_02146	CDS	744				hypothetical protein
EFNKBEDD_02147	CDS	948				hypothetical protein
EFNKBEDD_02148	CDS	1182	rtcB_1	6.5.1.-	COG1690	RNA-splicing ligase RtcB
EFNKBEDD_02149	CDS	558				IS630 family transposase ISAtsp7
EFNKBEDD_02150	CDS	399				hypothetical protein
EFNKBEDD_02151	CDS	1320				hypothetical protein
EFNKBEDD_02152	CDS	333				hypothetical protein
EFNKBEDD_02153	CDS	132				hypothetical protein
EFNKBEDD_02154	CDS	762				hypothetical protein
EFNKBEDD_02155	CDS	954				hypothetical protein
EFNKBEDD_02156	CDS	414				hypothetical protein
EFNKBEDD_02157	CDS	666				hypothetical protein
EFNKBEDD_02158	CDS	2502				hypothetical protein
EFNKBEDD_02159	CDS	750				hypothetical protein
EFNKBEDD_02160	CDS	1041				hypothetical protein
EFNKBEDD_02161	CDS	423				hypothetical protein
EFNKBEDD_02162	CDS	696				hypothetical protein
EFNKBEDD_02163	CDS	732	pflA	1.97.1.4	COG1180	Pyruvate formate-lyase 1-activating enzyme
EFNKBEDD_02164	CDS	2289	pflB	2.3.1.54		Formate acetyltransferase
EFNKBEDD_02165	CDS	882				hypothetical protein
EFNKBEDD_02166	CDS	330				hypothetical protein
EFNKBEDD_02167	CDS	108				hypothetical protein
EFNKBEDD_02168	CDS	753	glnQ_1			Glutamine transport ATP-binding protein GlnQ
EFNKBEDD_02169	CDS	1515				hypothetical protein
EFNKBEDD_02170	CDS	2262	selD	2.7.9.3		Selenide, water dikinase
EFNKBEDD_02171	CDS	960	aplIM_1	2.1.1.37	COG0270	Modification methylase AplI
EFNKBEDD_02172	CDS	330				hypothetical protein
EFNKBEDD_02173	CDS	996	dnaJ_6		COG0484	Chaperone protein DnaJ
EFNKBEDD_02174	CDS	2307	dnaK_3			Chaperone protein DnaK
EFNKBEDD_02175	CDS	291				hypothetical protein
EFNKBEDD_02176	CDS	351				hypothetical protein
EFNKBEDD_02177	CDS	174				hypothetical protein
EFNKBEDD_02178	CDS	402				hypothetical protein
EFNKBEDD_02179	CDS	231				hypothetical protein
EFNKBEDD_02180	CDS	165				hypothetical protein
EFNKBEDD_02181	CDS	2415	mutS2	3.1.-.-		Endonuclease MutS2
EFNKBEDD_02182	CDS	540				hypothetical protein
EFNKBEDD_02183	CDS	249				hypothetical protein
EFNKBEDD_02184	CDS	333				hypothetical protein
EFNKBEDD_02185	CDS	558				IS630 family transposase ISAtsp7
EFNKBEDD_02186	CDS	399				hypothetical protein
EFNKBEDD_02187	CDS	315				hypothetical protein
EFNKBEDD_02188	CDS	1389				hypothetical protein
EFNKBEDD_02189	CDS	1614	murJ		COG0728	putative lipid II flippase MurJ
EFNKBEDD_02190	CDS	960				hypothetical protein
EFNKBEDD_02191	CDS	4446				hypothetical protein
EFNKBEDD_02192	CDS	549				hypothetical protein
EFNKBEDD_02193	CDS	324				hypothetical protein
EFNKBEDD_02194	CDS	507	ywnH	2.3.1.183	COG1247	Putative phosphinothricin acetyltransferase YwnH
EFNKBEDD_02195	CDS	1563				hypothetical protein
EFNKBEDD_02196	CDS	2850	rcsC_59	2.7.13.3		Sensor histidine kinase RcsC
EFNKBEDD_02197	CDS	1650				hypothetical protein
EFNKBEDD_02198	CDS	1170	cefD_1	5.1.1.17	COG0520	Isopenicillin N epimerase
EFNKBEDD_02199	CDS	984				hypothetical protein
EFNKBEDD_02200	CDS	984	arnC_1	2.4.2.53		Undecaprenyl-phosphate 4-deoxy-4-formamido-L-arabinose transferase
EFNKBEDD_02201	CDS	999				hypothetical protein
EFNKBEDD_02202	CDS	2055				hypothetical protein
EFNKBEDD_02203	CDS	777				hypothetical protein
EFNKBEDD_02204	CDS	198				hypothetical protein
EFNKBEDD_02205	CDS	210				hypothetical protein
EFNKBEDD_02206	CDS	501	ybeY	3.1.-.-		Endoribonuclease YbeY
EFNKBEDD_02207	CDS	444				hypothetical protein
EFNKBEDD_02208	CDS	594	trpG	4.1.3.27	COG0512	Anthranilate synthase component 2
EFNKBEDD_02209	CDS	561				hypothetical protein
EFNKBEDD_02210	CDS	216				hypothetical protein
EFNKBEDD_02211	CDS	1350	pepP_2	3.4.11.9	COG0006	Xaa-Pro aminopeptidase
EFNKBEDD_02212	CDS	537				hypothetical protein
EFNKBEDD_02213	CDS	348				hypothetical protein
EFNKBEDD_02214	CDS	294				hypothetical protein
EFNKBEDD_02215	CDS	213				hypothetical protein
EFNKBEDD_02216	CDS	294				hypothetical protein
EFNKBEDD_02217	CDS	1710	ureC	3.5.1.5	COG0804	Urease subunit alpha
EFNKBEDD_02218	CDS	228				hypothetical protein
EFNKBEDD_02219	CDS	150				hypothetical protein
EFNKBEDD_02220	CDS	222				hypothetical protein
EFNKBEDD_02221	CDS	348				hypothetical protein
EFNKBEDD_02222	CDS	1311				hypothetical protein
EFNKBEDD_02223	CDS	942				hypothetical protein
EFNKBEDD_02224	CDS	468	bfr_1	1.16.3.1		Bacterioferritin
EFNKBEDD_02225	CDS	465	bfr_2	1.16.3.1	COG2193	Bacterioferritin
EFNKBEDD_02226	CDS	243				hypothetical protein
EFNKBEDD_02227	CDS	843	suhB_2	3.1.3.11	COG0483	Fructose-1,6-bisphosphatase/inositol-1-monophosphatase
EFNKBEDD_02228	CDS	687				hypothetical protein
EFNKBEDD_02229	CDS	921			COG3385	IS4 family transposase ISSysp2
EFNKBEDD_02230	CDS	1191	alr2	5.1.1.1	COG0787	Alanine racemase 2
EFNKBEDD_02231	CDS	561				hypothetical protein
EFNKBEDD_02232	CDS	351				hypothetical protein
EFNKBEDD_02233	CDS	1503	ftsH_4	3.4.24.-		ATP-dependent zinc metalloprotease FtsH
EFNKBEDD_02234	CDS	354				hypothetical protein
EFNKBEDD_02235	CDS	906	cysQ_1	3.1.3.7		3'(2'),5'-bisphosphate nucleotidase CysQ
EFNKBEDD_02236	CDS	1656	ubiB_4	2.7.-.-		protein kinase UbiB
EFNKBEDD_02237	CDS	1008	algA		COG0662	Alginate biosynthesis protein AlgA
EFNKBEDD_02238	CDS	1056	tsaD	2.3.1.234	COG0533	tRNA N6-adenosine threonylcarbamoyltransferase
EFNKBEDD_02239	CDS	495	psaF			Photosystem I reaction center subunit III
EFNKBEDD_02240	CDS	126	psaJ			Photosystem I reaction center subunit IX
EFNKBEDD_02241	CDS	417				hypothetical protein
EFNKBEDD_02242	CDS	810	thiD	2.7.1.49		Hydroxymethylpyrimidine/phosphomethylpyrimidine kinase
EFNKBEDD_02243	CDS	1299	ftsZ			Cell division protein FtsZ
EFNKBEDD_02244	CDS	633	ftsQ			Cell division protein FtsQ
EFNKBEDD_02245	CDS	201				hypothetical protein
EFNKBEDD_02246	CDS	423				hypothetical protein
EFNKBEDD_02247	CDS	1767				hypothetical protein
EFNKBEDD_02248	CDS	219				hypothetical protein
EFNKBEDD_02249	CDS	1119	aguA_1	3.5.3.12	COG2957	Putative agmatine deiminase
EFNKBEDD_02250	CDS	183	pvuIIR	3.1.21.4		Type-2 restriction enzyme PvuII
EFNKBEDD_02251	CDS	180				hypothetical protein
EFNKBEDD_02252	CDS	1920	glmS	2.6.1.16	COG0449	Glutamine--fructose-6-phosphate aminotransferase [isomerizing]
EFNKBEDD_02253	CDS	231				hypothetical protein
EFNKBEDD_02254	CDS	1236	pknD_15	2.7.11.1		Serine/threonine-protein kinase PknD
EFNKBEDD_02255	CDS	165				hypothetical protein
EFNKBEDD_02256	CDS	1164				hypothetical protein
EFNKBEDD_02257	CDS	765				hypothetical protein
EFNKBEDD_02258	CDS	1233				hypothetical protein
EFNKBEDD_02259	CDS	1212				IS200/IS605 family transposase ISAsp18
EFNKBEDD_02260	CDS	1575				hypothetical protein
EFNKBEDD_02261	CDS	1695				hypothetical protein
EFNKBEDD_02262	CDS	1644				hypothetical protein
EFNKBEDD_02263	CDS	255				hypothetical protein
EFNKBEDD_02264	CDS	417				hypothetical protein
EFNKBEDD_02265	CDS	585				hypothetical protein
EFNKBEDD_02266	CDS	396				hypothetical protein
EFNKBEDD_02267	CDS	1764				hypothetical protein
EFNKBEDD_02268	CDS	1932				hypothetical protein
EFNKBEDD_02269	CDS	3372				hypothetical protein
EFNKBEDD_02270	CDS	2442	recG	3.6.4.12		ATP-dependent DNA helicase RecG
EFNKBEDD_02271	CDS	420	fitB_2	3.1.-.-		Toxin FitB
EFNKBEDD_02272	CDS	264				hypothetical protein
EFNKBEDD_02273	CDS	1332	pknD_16	2.7.11.1		Serine/threonine-protein kinase PknD
EFNKBEDD_02274	CDS	468				hypothetical protein
EFNKBEDD_02275	CDS	336				hypothetical protein
EFNKBEDD_02276	CDS	1038				hypothetical protein
EFNKBEDD_02277	CDS	843				hypothetical protein
EFNKBEDD_02278	CDS	1245				hypothetical protein
EFNKBEDD_02279	CDS	630				hypothetical protein
EFNKBEDD_02280	CDS	915				hypothetical protein
EFNKBEDD_02281	CDS	852				hypothetical protein
EFNKBEDD_02282	CDS	819	sunS	2.4.1.-	COG0463	SPbeta prophage-derived glycosyltransferase SunS
EFNKBEDD_02283	CDS	351				hypothetical protein
EFNKBEDD_02284	CDS	1215				hypothetical protein
EFNKBEDD_02285	CDS	2043	sasA_13	2.7.-.-		Adaptive-response sensory-kinase SasA
EFNKBEDD_02286	CDS	543				hypothetical protein
EFNKBEDD_02287	CDS	618		3.6.1.9	COG0424	Nucleoside triphosphate pyrophosphatase
EFNKBEDD_02288	CDS	1092	spkB_4	2.7.11.1		Serine/threonine-protein kinase B
EFNKBEDD_02289	CDS	333				hypothetical protein
EFNKBEDD_02290	CDS	2727	rcsC_60	2.7.13.3		Sensor histidine kinase RcsC
EFNKBEDD_02291	CDS	1302	rcsC_61	2.7.13.3		Sensor histidine kinase RcsC
EFNKBEDD_02292	CDS	696	deoC1	4.1.2.4		Deoxyribose-phosphate aldolase 1
EFNKBEDD_02293	CDS	501				hypothetical protein
EFNKBEDD_02294	CDS	651	mtnB	4.2.1.109	COG0235	Methylthioribulose-1-phosphate dehydratase
EFNKBEDD_02295	CDS	747	mtnC	3.1.3.77		Enolase-phosphatase E1
EFNKBEDD_02296	CDS	846	recO			DNA repair protein RecO
EFNKBEDD_02297	CDS	1359				hypothetical protein
EFNKBEDD_02298	CDS	1188	mshA_5	2.4.1.250		D-inositol-3-phosphate glycosyltransferase
EFNKBEDD_02299	CDS	843				hypothetical protein
EFNKBEDD_02300	CDS	1809	proS	6.1.1.15	COG0442	Proline--tRNA ligase
EFNKBEDD_02301	CDS	1458				hypothetical protein
EFNKBEDD_02302	CDS	1137	tgt	2.4.2.29		Queuine tRNA-ribosyltransferase
EFNKBEDD_02303	CDS	801				hypothetical protein
EFNKBEDD_02304	CDS	138	psbK			Photosystem II reaction center protein K
EFNKBEDD_02305	CDS	555	yfcG_3	1.8.4.-	COG0625	Disulfide-bond oxidoreductase YfcG
EFNKBEDD_02306	CDS	471				hypothetical protein
EFNKBEDD_02307	CDS	684				hypothetical protein
EFNKBEDD_02308	CDS	339				hypothetical protein
EFNKBEDD_02309	CDS	123				hypothetical protein
EFNKBEDD_02310	CDS	603				hypothetical protein
EFNKBEDD_02311	CDS	339				hypothetical protein
EFNKBEDD_02312	CDS	417				hypothetical protein
EFNKBEDD_02313	CDS	1875	ftsH_5	3.4.24.-		ATP-dependent zinc metalloprotease FtsH
EFNKBEDD_02314	CDS	1104	nemA	1.3.1.-	COG1902	N-ethylmaleimide reductase
EFNKBEDD_02315	CDS	690	udg	3.2.2.27	COG1573	Type-4 uracil-DNA glycosylase
EFNKBEDD_02316	CDS	525				hypothetical protein
EFNKBEDD_02317	CDS	279				hypothetical protein
EFNKBEDD_02318	CDS	1482				hypothetical protein
EFNKBEDD_02319	CDS	1554				hypothetical protein
EFNKBEDD_02320	CDS	927	argF	2.1.3.3	COG0078	Ornithine carbamoyltransferase
EFNKBEDD_02321	CDS	747				hypothetical protein
EFNKBEDD_02322	CDS	492				hypothetical protein
EFNKBEDD_02323	CDS	876	argB	2.7.2.8	COG0548	Acetylglutamate kinase
EFNKBEDD_02324	CDS	267				hypothetical protein
EFNKBEDD_02325	CDS	456	aroK	2.7.1.71	COG0703	Shikimate kinase
EFNKBEDD_02326	CDS	1509				hypothetical protein
EFNKBEDD_02327	CDS	2655				hypothetical protein
EFNKBEDD_02328	CDS	708			COG0664	Cyclic AMP receptor protein
EFNKBEDD_02329	CDS	645				hypothetical protein
EFNKBEDD_02330	CDS	387				hypothetical protein
EFNKBEDD_02331	CDS	570				hypothetical protein
EFNKBEDD_02332	CDS	387				hypothetical protein
EFNKBEDD_02333	CDS	1161				hypothetical protein
EFNKBEDD_02334	CDS	2712	rcsC_62	2.7.13.3		Sensor histidine kinase RcsC
EFNKBEDD_02335	CDS	1662	cimA	2.3.1.182	COG0119	(R)-citramalate synthase
EFNKBEDD_02336	CDS	312				hypothetical protein
EFNKBEDD_02337	CDS	1236				IS200/IS605 family transposase ISSoc10
EFNKBEDD_02338	CDS	531				hypothetical protein
EFNKBEDD_02339	CDS	888	plqA	2.5.1.39		4-hydroxybenzoate solanesyltransferase
EFNKBEDD_02340	CDS	1023				hypothetical protein
EFNKBEDD_02341	CDS	1077	hemE	4.1.1.37	COG0407	Uroporphyrinogen decarboxylase
EFNKBEDD_02342	CDS	510	cpcS_2	4.-.-.-		Chromophore lyase CpcS/CpeS
EFNKBEDD_02343	CDS	513	coaD	2.7.7.3	COG0669	Phosphopantetheine adenylyltransferase
EFNKBEDD_02344	CDS	645				hypothetical protein
EFNKBEDD_02345	CDS	714				hypothetical protein
EFNKBEDD_02346	CDS	597				hypothetical protein
EFNKBEDD_02347	CDS	1020				hypothetical protein
EFNKBEDD_02348	CDS	639				hypothetical protein
EFNKBEDD_02349	CDS	1923				hypothetical protein
EFNKBEDD_02350	CDS	729				hypothetical protein
EFNKBEDD_02351	CDS	498	ruvC	3.1.22.4	COG0817	Crossover junction endodeoxyribonuclease RuvC
EFNKBEDD_02352	CDS	1041				hypothetical protein
EFNKBEDD_02353	CDS	186				hypothetical protein
EFNKBEDD_02354	CDS	489				hypothetical protein
EFNKBEDD_02355	CDS	3459				hypothetical protein
EFNKBEDD_02356	CDS	831				hypothetical protein
EFNKBEDD_02357	CDS	180				hypothetical protein
EFNKBEDD_02358	CDS	144				hypothetical protein
EFNKBEDD_02359	CDS	1137				hypothetical protein
EFNKBEDD_02360	CDS	900				hypothetical protein
EFNKBEDD_02361	CDS	390				hypothetical protein
EFNKBEDD_02362	CDS	1392				hypothetical protein
EFNKBEDD_02363	CDS	540				IS630 family transposase ISAtsp4
EFNKBEDD_02364	CDS	519				IS630 family transposase ISAtsp4
EFNKBEDD_02365	CDS	1179		2.5.-.-		Deoxyhypusine synthase-like protein
EFNKBEDD_02366	CDS	360				hypothetical protein
EFNKBEDD_02367	CDS	1146	desV_2	2.6.1.106		dTDP-3-amino-3,4,6-trideoxy-alpha-D-glucose transaminase
EFNKBEDD_02368	CDS	918				hypothetical protein
EFNKBEDD_02369	CDS	756				hypothetical protein
EFNKBEDD_02370	CDS	1338				hypothetical protein
EFNKBEDD_02371	CDS	2292				hypothetical protein
EFNKBEDD_02372	CDS	1029			COG0701	Putative two-component membrane permease complex subunit SMU_747c
EFNKBEDD_02373	CDS	780				hypothetical protein
EFNKBEDD_02374	CDS	1506				hypothetical protein
EFNKBEDD_02375	CDS	1752				hypothetical protein
EFNKBEDD_02376	CDS	459				hypothetical protein
EFNKBEDD_02377	CDS	5166				hypothetical protein
EFNKBEDD_02378	CDS	747				hypothetical protein
EFNKBEDD_02379	CDS	789				hypothetical protein
EFNKBEDD_02380	CDS	486				hypothetical protein
EFNKBEDD_02381	CDS	1269	lpxB_2	2.4.1.182		Lipid-A-disaccharide synthase
EFNKBEDD_02382	CDS	582				hypothetical protein
EFNKBEDD_02383	CDS	3363				hypothetical protein
EFNKBEDD_02384	CDS	2559	leuS	6.1.1.4		Leucine--tRNA ligase
EFNKBEDD_02385	CDS	1059	aplIM_2	2.1.1.37	COG0270	Modification methylase AplI
EFNKBEDD_02386	CDS	1464				hypothetical protein
EFNKBEDD_02387	CDS	561				hypothetical protein
EFNKBEDD_02388	CDS	1092				hypothetical protein
EFNKBEDD_02389	CDS	609				hypothetical protein
EFNKBEDD_02390	CDS	315				hypothetical protein
EFNKBEDD_02391	CDS	369				hypothetical protein
EFNKBEDD_02392	CDS	1800				hypothetical protein
EFNKBEDD_02393	CDS	687				hypothetical protein
EFNKBEDD_02394	CDS	1323	rimO	2.8.4.4	COG0621	Ribosomal protein S12 methylthiotransferase RimO
EFNKBEDD_02395	CDS	1437	crhR	3.6.4.13		RNA helicase CrhR
EFNKBEDD_02396	CDS	453				hypothetical protein
EFNKBEDD_02397	CDS	336				hypothetical protein
EFNKBEDD_02398	CDS	1584				hypothetical protein
EFNKBEDD_02399	CDS	990				hypothetical protein
EFNKBEDD_02400	CDS	675	mprA_4		COG0745	Response regulator MprA
EFNKBEDD_02401	CDS	5235	pknD_17	2.7.11.1		Serine/threonine-protein kinase PknD
EFNKBEDD_02402	CDS	2127				hypothetical protein
EFNKBEDD_02403	CDS	828	lpxG	3.6.1.-	COG1408	UDP-2,3-diacylglucosamine pyrophosphatase LpxG
EFNKBEDD_02404	CDS	612	yfcG_4	1.8.4.-	COG0625	Disulfide-bond oxidoreductase YfcG
EFNKBEDD_02405	CDS	783				hypothetical protein
EFNKBEDD_02406	CDS	507				hypothetical protein
EFNKBEDD_02407	CDS	162				hypothetical protein
EFNKBEDD_02408	CDS	750	cusR		COG0745	Transcriptional regulatory protein CusR
EFNKBEDD_02409	CDS	1407			COG2239	Magnesium transporter MgtE
EFNKBEDD_02410	CDS	708	rpiA	5.3.1.6	COG0120	Ribose-5-phosphate isomerase A
EFNKBEDD_02411	CDS	1449	rcsC_63	2.7.13.3		Sensor histidine kinase RcsC
EFNKBEDD_02412	CDS	414	hupR1_1		COG2204	Hydrogenase transcriptional regulatory protein hupR1
EFNKBEDD_02413	CDS	1800				hypothetical protein
EFNKBEDD_02414	CDS	663				hypothetical protein
EFNKBEDD_02415	CDS	2340	glgB	2.4.1.18	COG0296	1,4-alpha-glucan branching enzyme GlgB
EFNKBEDD_02416	CDS	141				hypothetical protein
EFNKBEDD_02417	CDS	336				hypothetical protein
EFNKBEDD_02418	CDS	387				hypothetical protein
EFNKBEDD_02419	CDS	546				hypothetical protein
EFNKBEDD_02420	CDS	333				hypothetical protein
EFNKBEDD_02421	CDS	294				hypothetical protein
EFNKBEDD_02422	CDS	285				hypothetical protein
EFNKBEDD_02423	CDS	843	qmcA_2		COG0330	Protein QmcA
EFNKBEDD_02424	CDS	654				hypothetical protein
EFNKBEDD_02425	CDS	1830	sasA_14	2.7.-.-		Adaptive-response sensory-kinase SasA
EFNKBEDD_02426	CDS	243				hypothetical protein
EFNKBEDD_02427	CDS	1830	menF	5.4.4.2		Isochorismate synthase MenF
EFNKBEDD_02428	CDS	648				hypothetical protein
EFNKBEDD_02429	CDS	732				hypothetical protein
EFNKBEDD_02430	CDS	1263				hypothetical protein
EFNKBEDD_02431	CDS	1440	bepA_5	3.4.-.-		Beta-barrel assembly-enhancing protease
EFNKBEDD_02432	CDS	543	resA_3			Thiol-disulfide oxidoreductase ResA
EFNKBEDD_02433	CDS	687				hypothetical protein
EFNKBEDD_02434	CDS	519				hypothetical protein
EFNKBEDD_02435	CDS	1374	pmt	2.4.1.109	COG1928	putative dolichyl-phosphate-mannose--protein mannosyltransferase
EFNKBEDD_02436	CDS	246				hypothetical protein
EFNKBEDD_02437	CDS	2724				hypothetical protein
EFNKBEDD_02438	CDS	1023				hypothetical protein
EFNKBEDD_02439	CDS	588				hypothetical protein
EFNKBEDD_02440	CDS	1560	ftsY			Signal recognition particle receptor FtsY
EFNKBEDD_02441	CDS	1401	hemN	1.3.98.3		Oxygen-independent coproporphyrinogen III oxidase
EFNKBEDD_02442	CDS	756	pbsA2	1.14.14.18		Heme oxygenase 2
EFNKBEDD_02443	CDS	396	nusB			Transcription antitermination protein NusB
EFNKBEDD_02444	CDS	249				hypothetical protein
EFNKBEDD_02445	CDS	765				hypothetical protein
EFNKBEDD_02446	CDS	900				hypothetical protein
EFNKBEDD_02447	CDS	798				hypothetical protein
EFNKBEDD_02448	CDS	654	cpoB_6			Cell division coordinator CpoB
EFNKBEDD_02449	CDS	1587	apnhaP			Na(+)/H(+) antiporter ApNhaP
EFNKBEDD_02450	CDS	237				hypothetical protein
EFNKBEDD_02451	CDS	246				hypothetical protein
EFNKBEDD_02452	CDS	549				hypothetical protein
EFNKBEDD_02453	CDS	444	cynS	4.2.1.104		Cyanate hydratase
EFNKBEDD_02454	CDS	567	cmpD	3.6.3.-	COG1116	Bicarbonate transport ATP-binding protein CmpD
EFNKBEDD_02455	CDS	360	btuD_4	7.6.2.8		Vitamin B12 import ATP-binding protein BtuD
EFNKBEDD_02456	CDS	837	nrtB		COG0600	Nitrate import permease protein NrtB
EFNKBEDD_02457	CDS	1638				hypothetical protein
EFNKBEDD_02458	CDS	792	rssB_10			Regulator of RpoS
EFNKBEDD_02459	CDS	1245	todS	2.7.13.3		Sensor histidine kinase TodS
EFNKBEDD_02460	CDS	2652	mutS		COG0249	DNA mismatch repair protein MutS
EFNKBEDD_02461	CDS	1692				putative protein
EFNKBEDD_02462	CDS	1851				putative protein
EFNKBEDD_02463	CDS	321		4.2.1.96	COG2154	Putative pterin-4-alpha-carbinolamine dehydratase
EFNKBEDD_02464	CDS	1122	psbD_3	1.10.3.9		Photosystem II D2 protein
EFNKBEDD_02465	CDS	270				hypothetical protein
EFNKBEDD_02466	CDS	690	ecfA1	7.-.-.-	COG1122	Energy-coupling factor transporter ATP-binding protein EcfA1
EFNKBEDD_02467	CDS	597				hypothetical protein
EFNKBEDD_02468	CDS	627				hypothetical protein
EFNKBEDD_02469	CDS	456				hypothetical protein
EFNKBEDD_02470	CDS	552				hypothetical protein
EFNKBEDD_02471	tRNA	75				tRNA-Asn(gtt)
EFNKBEDD_02472	CDS	1215	cefD_2	5.1.1.17	COG0520	Isopenicillin N epimerase
EFNKBEDD_02473	CDS	189				hypothetical protein
EFNKBEDD_02474	CDS	108				hypothetical protein
EFNKBEDD_02475	CDS	477				hypothetical protein
EFNKBEDD_02476	CDS	684				hypothetical protein
EFNKBEDD_02477	CDS	327				hypothetical protein
EFNKBEDD_02478	CDS	594				hypothetical protein
EFNKBEDD_02479	CDS	1911	dxs_2	2.2.1.7	COG1154	1-deoxy-D-xylulose-5-phosphate synthase
EFNKBEDD_02480	CDS	225				hypothetical protein
EFNKBEDD_02481	CDS	1281				hypothetical protein
EFNKBEDD_02482	CDS	729				hypothetical protein
EFNKBEDD_02483	CDS	558				hypothetical protein
EFNKBEDD_02484	CDS	1728	ycf3_10			Photosystem I assembly protein Ycf3
EFNKBEDD_02485	CDS	198				hypothetical protein
EFNKBEDD_02486	CDS	1434				hypothetical protein
EFNKBEDD_02487	CDS	498				hypothetical protein
EFNKBEDD_02488	CDS	231				hypothetical protein
EFNKBEDD_02489	CDS	588	leuD	4.2.1.33	COG0066	3-isopropylmalate dehydratase small subunit
EFNKBEDD_02490	CDS	1260	fpgS	6.3.2.17		Folylpolyglutamate synthase
EFNKBEDD_02491	CDS	447				hypothetical protein
EFNKBEDD_02492	CDS	633	ecfA2	3.6.3.-	COG1122	Energy-coupling factor transporter ATP-binding protein EcfA2
EFNKBEDD_02493	CDS	969				hypothetical protein
EFNKBEDD_02494	CDS	507				hypothetical protein
EFNKBEDD_02495	CDS	498				hypothetical protein
EFNKBEDD_02496	CDS	1242				hypothetical protein
EFNKBEDD_02497	CDS	630				IS200/IS605 family transposase ISTel2
EFNKBEDD_02498	CDS	1464				hypothetical protein
EFNKBEDD_02499	CDS	582				hypothetical protein
EFNKBEDD_02500	CDS	273	cysO		COG1977	Sulfur carrier protein CysO
EFNKBEDD_02501	CDS	1305	trpB_1	4.2.1.20		Tryptophan synthase beta chain
EFNKBEDD_02502	CDS	828				hypothetical protein
EFNKBEDD_02503	CDS	2031	ftsH_6	3.4.24.-		ATP-dependent zinc metalloprotease FtsH
EFNKBEDD_02504	CDS	780				hypothetical protein
EFNKBEDD_02505	CDS	465	lptA			Lipopolysaccharide export system protein LptA
EFNKBEDD_02506	CDS	684	lptB	3.6.3.-	COG1137	Lipopolysaccharide export system ATP-binding protein LptB
EFNKBEDD_02507	CDS	1182				hypothetical protein
EFNKBEDD_02508	CDS	348				hypothetical protein
EFNKBEDD_02509	CDS	1374				hypothetical protein
EFNKBEDD_02510	CDS	1926	dnaG	2.7.7.-	COG0358	DNA primase
EFNKBEDD_02511	CDS	210				hypothetical protein
EFNKBEDD_02512	CDS	1110	thiE	2.5.1.3		Thiamine-phosphate synthase
EFNKBEDD_02513	CDS	378				hypothetical protein
EFNKBEDD_02514	CDS	219				hypothetical protein
EFNKBEDD_02515	CDS	558				IS630 family transposase ISAtsp7
EFNKBEDD_02516	CDS	432				hypothetical protein
EFNKBEDD_02517	CDS	618	rluE	5.4.99.20	COG1187	Ribosomal large subunit pseudouridine synthase E
EFNKBEDD_02518	CDS	1386				hypothetical protein
EFNKBEDD_02519	CDS	3420	rcsC_64	2.7.13.3		Sensor histidine kinase RcsC
EFNKBEDD_02520	CDS	1365	rcsC_65	2.7.13.3		Sensor histidine kinase RcsC
EFNKBEDD_02521	CDS	5325	pknD_18	2.7.11.1		Serine/threonine-protein kinase PknD
EFNKBEDD_02522	CDS	5490	pknD_19	2.7.11.1		Serine/threonine-protein kinase PknD
EFNKBEDD_02523	CDS	2826	uvrA_1		COG0178	UvrABC system protein A
EFNKBEDD_02524	CDS	339	glpE_2	2.8.1.1		Thiosulfate sulfurtransferase GlpE
EFNKBEDD_02525	CDS	423				hypothetical protein
EFNKBEDD_02526	CDS	720				hypothetical protein
EFNKBEDD_02527	CDS	1146				hypothetical protein
EFNKBEDD_02528	CDS	1128				hypothetical protein
EFNKBEDD_02529	CDS	564				hypothetical protein
EFNKBEDD_02530	CDS	279				hypothetical protein
EFNKBEDD_02531	CDS	693				hypothetical protein
EFNKBEDD_02532	CDS	2310				hypothetical protein
EFNKBEDD_02533	CDS	837	pphC_1	3.1.3.16		Serine/threonine-protein phosphatase 3
EFNKBEDD_02534	CDS	534				hypothetical protein
EFNKBEDD_02535	CDS	819				hypothetical protein
EFNKBEDD_02536	CDS	1779				hypothetical protein
EFNKBEDD_02537	CDS	3072				hypothetical protein
EFNKBEDD_02538	CDS	669				hypothetical protein
EFNKBEDD_02539	CDS	1236	yfcJ			putative MFS-type transporter YfcJ
EFNKBEDD_02540	CDS	201				hypothetical protein
EFNKBEDD_02541	CDS	2430	sasA_15	2.7.-.-		Adaptive-response sensory-kinase SasA
EFNKBEDD_02542	CDS	4428				hypothetical protein
EFNKBEDD_02543	CDS	1185				hypothetical protein
EFNKBEDD_02544	CDS	1182				hypothetical protein
EFNKBEDD_02545	CDS	774	glnQ_2	3.6.3.-	COG1126	Glutamine transport ATP-binding protein GlnQ
EFNKBEDD_02546	CDS	723	livF		COG0410	High-affinity branched-chain amino acid transport ATP-binding protein LivF
EFNKBEDD_02547	CDS	495		3.6.1.25	COG2954	Inorganic triphosphatase
EFNKBEDD_02548	CDS	1125				hypothetical protein
EFNKBEDD_02549	CDS	1179				hypothetical protein
EFNKBEDD_02550	CDS	1122	recA			Protein RecA
EFNKBEDD_02551	CDS	1476	glgA_1	2.4.1.21	COG0297	Glycogen synthase
EFNKBEDD_02552	CDS	222				hypothetical protein
EFNKBEDD_02553	CDS	327	rnz_1	3.1.26.11	COG1234	Ribonuclease Z
EFNKBEDD_02554	CDS	654	rnz_2	3.1.26.11	COG1234	Ribonuclease Z
EFNKBEDD_02555	CDS	408				hypothetical protein
EFNKBEDD_02556	CDS	660	resA_4			Thiol-disulfide oxidoreductase ResA
EFNKBEDD_02557	CDS	1377	pknD_20	2.7.11.1		Serine/threonine-protein kinase PknD
EFNKBEDD_02558	CDS	648				hypothetical protein
EFNKBEDD_02559	CDS	435				hypothetical protein
EFNKBEDD_02560	CDS	1026	dppB_1		COG0601	Dipeptide transport system permease protein DppB
EFNKBEDD_02561	CDS	1083	psbA2_1	1.10.3.9		Photosystem II protein D1 2
EFNKBEDD_02562	CDS	711				hypothetical protein
EFNKBEDD_02563	CDS	819				hypothetical protein
EFNKBEDD_02564	CDS	1383				hypothetical protein
EFNKBEDD_02565	CDS	5178				hypothetical protein
EFNKBEDD_02566	CDS	1560	dinG	3.1.-.-		3'-5' exonuclease DinG
EFNKBEDD_02567	CDS	855	pheA			Bifunctional chorismate mutase/prephenate dehydratase
EFNKBEDD_02568	CDS	2388				hypothetical protein
EFNKBEDD_02569	CDS	504				hypothetical protein
EFNKBEDD_02570	CDS	531				hypothetical protein
EFNKBEDD_02571	CDS	987				hypothetical protein
EFNKBEDD_02572	CDS	147				hypothetical protein
EFNKBEDD_02573	CDS	465				hypothetical protein
EFNKBEDD_02574	CDS	1194	petH	1.18.1.2	COG0369	Ferredoxin--NADP reductase
EFNKBEDD_02575	CDS	1005	prk	2.7.1.19		Phosphoribulokinase
EFNKBEDD_02576	CDS	2769	valS	6.1.1.9	COG0525	Valine--tRNA ligase
EFNKBEDD_02577	CDS	555				hypothetical protein
EFNKBEDD_02578	CDS	789				hypothetical protein
EFNKBEDD_02579	CDS	990	btuD_5	7.6.2.8		Vitamin B12 import ATP-binding protein BtuD
EFNKBEDD_02580	CDS	1941	sir_1	1.8.7.1		Sulfite reductase [ferredoxin]
EFNKBEDD_02581	CDS	261				hypothetical protein
EFNKBEDD_02582	CDS	570				hypothetical protein
EFNKBEDD_02583	CDS	255				hypothetical protein
EFNKBEDD_02584	CDS	312				hypothetical protein
EFNKBEDD_02585	CDS	480				hypothetical protein
EFNKBEDD_02586	CDS	789				hypothetical protein
EFNKBEDD_02587	CDS	339	rpsF		COG0360	30S ribosomal protein S6
EFNKBEDD_02588	CDS	681				hypothetical protein
EFNKBEDD_02589	CDS	1716				hypothetical protein
EFNKBEDD_02590	CDS	921				hypothetical protein
EFNKBEDD_02591	CDS	1353				hypothetical protein
EFNKBEDD_02592	CDS	285				hypothetical protein
EFNKBEDD_02593	CDS	897				hypothetical protein
EFNKBEDD_02594	CDS	1893				hypothetical protein
EFNKBEDD_02595	CDS	459				hypothetical protein
EFNKBEDD_02596	CDS	1746	yheI	3.6.3.-	COG1132	putative multidrug resistance ABC transporter ATP-binding/permease protein YheI
EFNKBEDD_02597	CDS	363	ndhC	7.1.1.-		NAD(P)H-quinone oxidoreductase subunit 3
EFNKBEDD_02598	CDS	729	ndhK1	7.1.1.-		NAD(P)H-quinone oxidoreductase subunit K 1
EFNKBEDD_02599	CDS	510	ndhJ	7.1.1.-		NAD(P)H-quinone oxidoreductase subunit J
EFNKBEDD_02600	CDS	393				hypothetical protein
EFNKBEDD_02601	CDS	249				hypothetical protein
EFNKBEDD_02602	CDS	558				IS630 family transposase ISAtsp7
EFNKBEDD_02603	CDS	399				hypothetical protein
EFNKBEDD_02604	CDS	5811				hypothetical protein
EFNKBEDD_02605	CDS	1314				hypothetical protein
EFNKBEDD_02606	CDS	582				hypothetical protein
EFNKBEDD_02607	CDS	558				hypothetical protein
EFNKBEDD_02608	CDS	342				hypothetical protein
EFNKBEDD_02609	CDS	219				hypothetical protein
EFNKBEDD_02610	CDS	408				hypothetical protein
EFNKBEDD_02611	CDS	939	yeaD	5.1.3.15	COG0676	Putative glucose-6-phosphate 1-epimerase
EFNKBEDD_02612	CDS	2481	ctpE	7.2.2.10	COG0474	Calcium-transporting ATPase CtpE
EFNKBEDD_02613	CDS	228				hypothetical protein
EFNKBEDD_02614	CDS	429				hypothetical protein
EFNKBEDD_02615	CDS	204				hypothetical protein
EFNKBEDD_02616	CDS	534				hypothetical protein
EFNKBEDD_02617	CDS	261				hypothetical protein
EFNKBEDD_02618	CDS	306				hypothetical protein
EFNKBEDD_02619	CDS	1257				hypothetical protein
EFNKBEDD_02620	CDS	369				hypothetical protein
EFNKBEDD_02621	CDS	1452	tagU_2	2.7.8.-		Polyisoprenyl-teichoic acid--peptidoglycan teichoic acid transferase TagU
EFNKBEDD_02622	CDS	1590		2.4.1.18	COG1543	1,4-alpha-glucan branching enzyme
EFNKBEDD_02623	CDS	573				hypothetical protein
EFNKBEDD_02624	CDS	2196	rcsC_66	2.7.13.3		Sensor histidine kinase RcsC
EFNKBEDD_02625	CDS	525				hypothetical protein
EFNKBEDD_02626	CDS	1614	rsxC	7.-.-.-		Ion-translocating oxidoreductase complex subunit C
EFNKBEDD_02627	CDS	1644	hcp	1.7.99.1	COG1151	Hydroxylamine reductase
EFNKBEDD_02628	CDS	717	hoxU	1.12.1.2		NAD-reducing hydrogenase HoxS subunit gamma
EFNKBEDD_02629	CDS	492				hypothetical protein
EFNKBEDD_02630	CDS	498	hoxY	1.12.1.2		NAD-reducing hydrogenase HoxS subunit delta
EFNKBEDD_02631	CDS	1431	hoxH	1.12.1.2		NAD-reducing hydrogenase HoxS subunit beta
EFNKBEDD_02632	CDS	507				IS630 family transposase ISAtsp4
EFNKBEDD_02633	CDS	285				hypothetical protein
EFNKBEDD_02634	CDS	1335				IS701 family transposase ISNpu6
EFNKBEDD_02635	CDS	954				IS630 family transposase ISMae26
EFNKBEDD_02636	CDS	129				hypothetical protein
EFNKBEDD_02637	CDS	1068				IS630 family transposase ISAtsp4
EFNKBEDD_02638	CDS	291			COG3039	IS5 family transposase ISCaa13
EFNKBEDD_02639	CDS	363			COG3039	IS5 family transposase ISCaa13
EFNKBEDD_02640	CDS	300			COG3385	IS4 family transposase ISAcma19
EFNKBEDD_02641	CDS	450			COG3385	IS4 family transposase ISAtsp5
EFNKBEDD_02642	CDS	216	ndhL	7.1.1.-		NAD(P)H-quinone oxidoreductase subunit L
EFNKBEDD_02643	CDS	321				hypothetical protein
EFNKBEDD_02644	CDS	786	trpA	4.2.1.20	COG0159	Tryptophan synthase alpha chain
EFNKBEDD_02645	CDS	198				hypothetical protein
EFNKBEDD_02646	CDS	363			COG3039	IS5 family transposase ISCaa13
EFNKBEDD_02647	CDS	708				hypothetical protein
EFNKBEDD_02648	CDS	273				hypothetical protein
EFNKBEDD_02649	CDS	168				hypothetical protein
EFNKBEDD_02650	CDS	408				hypothetical protein
EFNKBEDD_02651	CDS	291				hypothetical protein
EFNKBEDD_02652	CDS	354				IS701 family transposase ISNpu6
EFNKBEDD_02653	tRNA	73				tRNA-Arg(ccg)
EFNKBEDD_02654	CDS	1539	purH			Bifunctional purine biosynthesis protein PurH
EFNKBEDD_02655	CDS	195				hypothetical protein
EFNKBEDD_02656	CDS	426				hypothetical protein
EFNKBEDD_02657	CDS	282				hypothetical protein
EFNKBEDD_02658	CDS	558				IS630 family transposase ISAtsp7
EFNKBEDD_02659	CDS	399				hypothetical protein
EFNKBEDD_02660	CDS	591				hypothetical protein
EFNKBEDD_02661	CDS	294				hypothetical protein
EFNKBEDD_02662	CDS	1218				ISAs1 family transposase ISCysp6
EFNKBEDD_02663	CDS	234				hypothetical protein
EFNKBEDD_02664	CDS	2196				hypothetical protein
EFNKBEDD_02665	CDS	789				hypothetical protein
EFNKBEDD_02666	CDS	1074				hypothetical protein
EFNKBEDD_02667	CDS	1098			COG3385	IS4 family transposase ISSysp2
EFNKBEDD_02668	CDS	360	rsmA_1	2.1.1.182	COG0030	Ribosomal RNA small subunit methyltransferase A
EFNKBEDD_02669	CDS	456	rsmA_2	2.1.1.182	COG0030	Ribosomal RNA small subunit methyltransferase A
EFNKBEDD_02670	CDS	759	lgrE	1.1.-.-		Linear gramicidin dehydrogenase LgrE
EFNKBEDD_02671	CDS	1920	rcsC_67	2.7.13.3		Sensor histidine kinase RcsC
EFNKBEDD_02672	CDS	300				hypothetical protein
EFNKBEDD_02673	CDS	852				hypothetical protein
EFNKBEDD_02674	tmRNA	386	ssrA			transfer-messenger RNA, SsrA
EFNKBEDD_02675	CDS	462				hypothetical protein
EFNKBEDD_02676	CDS	216				hypothetical protein
EFNKBEDD_02677	CDS	225				hypothetical protein
EFNKBEDD_02678	CDS	492				hypothetical protein
EFNKBEDD_02679	CDS	1137				hypothetical protein
EFNKBEDD_02680	CDS	288				hypothetical protein
EFNKBEDD_02681	CDS	714				hypothetical protein
EFNKBEDD_02682	CDS	558				hypothetical protein
EFNKBEDD_02683	CDS	399				hypothetical protein
EFNKBEDD_02684	CDS	528				hypothetical protein
EFNKBEDD_02685	CDS	600				hypothetical protein
EFNKBEDD_02686	CDS	207				hypothetical protein
EFNKBEDD_02687	CDS	207				hypothetical protein
EFNKBEDD_02688	CDS	891				hypothetical protein
EFNKBEDD_02689	CDS	258				hypothetical protein
EFNKBEDD_02690	CDS	1314				hypothetical protein
EFNKBEDD_02691	CDS	276				hypothetical protein
EFNKBEDD_02692	CDS	723				hypothetical protein
EFNKBEDD_02693	CDS	426				hypothetical protein
EFNKBEDD_02694	CDS	150				hypothetical protein
EFNKBEDD_02695	CDS	279				hypothetical protein
EFNKBEDD_02696	CDS	1089				hypothetical protein
EFNKBEDD_02697	CDS	858				hypothetical protein
EFNKBEDD_02698	CDS	2433				hypothetical protein
EFNKBEDD_02699	CDS	222				hypothetical protein
EFNKBEDD_02700	CDS	540				hypothetical protein
EFNKBEDD_02701	CDS	945				hypothetical protein
EFNKBEDD_02702	CDS	201				IS630 family transposase ISMae21
EFNKBEDD_02703	CDS	558				IS630 family transposase ISAtsp7
EFNKBEDD_02704	CDS	399				hypothetical protein
EFNKBEDD_02705	CDS	270				IS630 family transposase ISMae21
EFNKBEDD_02706	CDS	408				hypothetical protein
EFNKBEDD_02707	CDS	696	dnaJ_7			Chaperone protein DnaJ
EFNKBEDD_02708	CDS	939	cysK1_1	2.5.1.47	COG0031	O-acetylserine sulfhydrylase
EFNKBEDD_02709	CDS	459	guaB	1.1.1.205	COG0516	Inosine-5'-monophosphate dehydrogenase
EFNKBEDD_02710	CDS	666				hypothetical protein
EFNKBEDD_02711	CDS	252				hypothetical protein
EFNKBEDD_02712	CDS	2883	polA	2.7.7.7	COG0258	DNA polymerase I
EFNKBEDD_02713	CDS	633				hypothetical protein
EFNKBEDD_02714	CDS	1152	hemH_2	4.99.1.1		Ferrochelatase
EFNKBEDD_02715	CDS	462				hypothetical protein
EFNKBEDD_02716	CDS	2910				hypothetical protein
EFNKBEDD_02717	CDS	1479	thyX	2.1.1.148		Flavin-dependent thymidylate synthase
EFNKBEDD_02718	CDS	1404	merA_1	1.16.1.1		Mercuric reductase
EFNKBEDD_02719	CDS	687	spsB	3.4.21.89		Signal peptidase IB
EFNKBEDD_02720	CDS	1428	cnrA_2			Nickel and cobalt resistance protein CnrA
EFNKBEDD_02721	CDS	525				hypothetical protein
EFNKBEDD_02722	CDS	558				IS630 family transposase ISAtsp7
EFNKBEDD_02723	CDS	399				hypothetical protein
EFNKBEDD_02724	CDS	195				hypothetical protein
EFNKBEDD_02725	CDS	651				hypothetical protein
EFNKBEDD_02726	CDS	693	tcrA		COG0745	Transcriptional regulatory protein TcrA
EFNKBEDD_02727	CDS	1350	sasA_16	2.7.-.-		Adaptive-response sensory-kinase SasA
EFNKBEDD_02728	CDS	156				hypothetical protein
EFNKBEDD_02729	CDS	1959	speA_1	4.1.1.19	COG1166	Biosynthetic arginine decarboxylase
EFNKBEDD_02730	CDS	561				hypothetical protein
EFNKBEDD_02731	CDS	624				hypothetical protein
EFNKBEDD_02732	CDS	1734				hypothetical protein
EFNKBEDD_02733	CDS	249				hypothetical protein
EFNKBEDD_02734	CDS	429				hypothetical protein
EFNKBEDD_02735	CDS	2244	cobN_1	6.6.1.2		Aerobic cobaltochelatase subunit CobN
EFNKBEDD_02736	CDS	339				hypothetical protein
EFNKBEDD_02737	CDS	1497				hypothetical protein
EFNKBEDD_02738	CDS	555				hypothetical protein
EFNKBEDD_02739	CDS	1020	hindIIIM	2.1.1.72		Modification methylase HindIII
EFNKBEDD_02740	CDS	300				hypothetical protein
EFNKBEDD_02741	CDS	279	vapC1_1	3.1.-.-		Ribonuclease VapC1
EFNKBEDD_02742	CDS	705	chlM	2.1.1.11		Magnesium-protoporphyrin O-methyltransferase
EFNKBEDD_02743	CDS	390				hypothetical protein
EFNKBEDD_02744	CDS	1146				hypothetical protein
EFNKBEDD_02745	CDS	1074				hypothetical protein
EFNKBEDD_02746	CDS	1056		5.1.1.20	COG4948	L-Ala-D/L-Glu epimerase
EFNKBEDD_02747	CDS	831				hypothetical protein
EFNKBEDD_02748	CDS	1314	btuD_6	7.6.2.8		Vitamin B12 import ATP-binding protein BtuD
EFNKBEDD_02749	CDS	720				hypothetical protein
EFNKBEDD_02750	CDS	267				hypothetical protein
EFNKBEDD_02751	CDS	1035				hypothetical protein
EFNKBEDD_02752	CDS	198				hypothetical protein
EFNKBEDD_02753	CDS	969				hypothetical protein
EFNKBEDD_02754	CDS	111				hypothetical protein
EFNKBEDD_02755	CDS	954	galE_1	5.1.3.2	COG1087	UDP-glucose 4-epimerase
EFNKBEDD_02756	CDS	723	hddC	2.7.7.71		D-glycero-alpha-D-manno-heptose 1-phosphate guanylyltransferase
EFNKBEDD_02757	CDS	582	gmhB	3.1.3.82	COG0241	D-glycero-beta-D-manno-heptose-1,7-bisphosphate 7-phosphatase
EFNKBEDD_02758	CDS	597	gmhA	5.3.1.28	COG0279	Phosphoheptose isomerase
EFNKBEDD_02759	CDS	1095	hddA	2.7.1.168		D-glycero-alpha-D-manno-heptose 7-phosphate kinase
EFNKBEDD_02760	CDS	996	rmd	1.1.1.281		GDP-6-deoxy-D-mannose reductase
EFNKBEDD_02761	CDS	144				hypothetical protein
EFNKBEDD_02762	CDS	942	acoA_2	1.1.1.-	COG1071	Acetoin:2,6-dichlorophenolindophenol oxidoreductase subunit alpha
EFNKBEDD_02763	CDS	1050	acoB	1.1.1.-	COG0022	Acetoin:2,6-dichlorophenolindophenol oxidoreductase subunit beta
EFNKBEDD_02764	CDS	1197	colD	4.2.1.168		GDP-4-keto-6-deoxy-D-mannose 3-dehydratase
EFNKBEDD_02765	CDS	1008	fcl_1	1.1.1.271	COG0451	GDP-L-fucose synthase
EFNKBEDD_02766	CDS	1995				hypothetical protein
EFNKBEDD_02767	CDS	969	fcl_2	1.1.1.271	COG0451	GDP-L-fucose synthase
EFNKBEDD_02768	CDS	606	act	3.-.-.-		Methanol dehydrogenase activator
EFNKBEDD_02769	CDS	1161				hypothetical protein
EFNKBEDD_02770	CDS	1365				hypothetical protein
EFNKBEDD_02771	CDS	900				hypothetical protein
EFNKBEDD_02772	CDS	1029	mshA_6	2.4.1.250		D-inositol-3-phosphate glycosyltransferase
EFNKBEDD_02773	CDS	807	mshA_7	2.4.1.250	COG0438	D-inositol 3-phosphate glycosyltransferase
EFNKBEDD_02774	CDS	612				hypothetical protein
EFNKBEDD_02775	CDS	756				hypothetical protein
EFNKBEDD_02776	CDS	879				hypothetical protein
EFNKBEDD_02777	CDS	1140	mshA_8	2.4.1.250		D-inositol-3-phosphate glycosyltransferase
EFNKBEDD_02778	CDS	1110				hypothetical protein
EFNKBEDD_02779	CDS	1203	mshA_9	2.4.1.250		D-inositol-3-phosphate glycosyltransferase
EFNKBEDD_02780	CDS	1422				hypothetical protein
EFNKBEDD_02781	CDS	1251	mshA_10	2.4.1.250		D-inositol-3-phosphate glycosyltransferase
EFNKBEDD_02782	CDS	696	COQ3_4	2.1.1.222		Ubiquinone biosynthesis O-methyltransferase, mitochondrial
EFNKBEDD_02783	CDS	1188	mshA_11	2.4.1.250		D-inositol-3-phosphate glycosyltransferase
EFNKBEDD_02784	CDS	1794	asnB	6.3.5.4	COG0367	Asparagine synthetase [glutamine-hydrolyzing] 1
EFNKBEDD_02785	CDS	354				hypothetical protein
EFNKBEDD_02786	CDS	945	mshA_12	2.4.1.250		D-inositol-3-phosphate glycosyltransferase
EFNKBEDD_02787	tRNA	82				tRNA-Leu(caa)
EFNKBEDD_02788	CDS	291				hypothetical protein
EFNKBEDD_02789	CDS	552				IS701 family transposase ISNpu6
EFNKBEDD_02790	CDS	561				hypothetical protein
EFNKBEDD_02791	CDS	678				IS701 family transposase ISNpu6
EFNKBEDD_02792	CDS	279				hypothetical protein
EFNKBEDD_02793	CDS	222				hypothetical protein
EFNKBEDD_02794	CDS	285				hypothetical protein
EFNKBEDD_02795	CDS	111				hypothetical protein
EFNKBEDD_02796	CDS	210				hypothetical protein
EFNKBEDD_02797	CDS	846	aviRb	2.1.1.208		23S rRNA (uridine(2479)-2'-O)-methyltransferase
EFNKBEDD_02798	CDS	327				hypothetical protein
EFNKBEDD_02799	CDS	942	ceo_1	1.5.1.24		N(5)-(carboxyethyl)ornithine synthase
EFNKBEDD_02800	CDS	708				hypothetical protein
EFNKBEDD_02801	CDS	1371	dgdA	4.1.1.64		2,2-dialkylglycine decarboxylase
EFNKBEDD_02802	CDS	1149		1.12.-.-		Soluble hydrogenase 42 kDa subunit
EFNKBEDD_02803	CDS	339	csaA_2		COG0073	putative chaperone CsaA
EFNKBEDD_02804	CDS	147				hypothetical protein
EFNKBEDD_02805	CDS	783				hypothetical protein
EFNKBEDD_02806	CDS	363	ndoA	3.1.27.-	COG2337	Endoribonuclease EndoA
EFNKBEDD_02807	CDS	225				hypothetical protein
EFNKBEDD_02808	CDS	162				hypothetical protein
EFNKBEDD_02809	CDS	1617	prfC			Peptide chain release factor 3
EFNKBEDD_02810	CDS	594				hypothetical protein
EFNKBEDD_02811	CDS	816		2.7.4.1		Polyphosphate:ADP phosphotransferase 3
EFNKBEDD_02812	CDS	669	msrA	1.8.4.11	COG0225	Peptide methionine sulfoxide reductase MsrA
EFNKBEDD_02813	tRNA	74				tRNA-Asp(gtc)
EFNKBEDD_02814	CDS	225				hypothetical protein
EFNKBEDD_02815	CDS	1002	cbiX_2	4.99.1.3		Sirohydrochlorin cobaltochelatase
EFNKBEDD_02816	CDS	1263	pdhC	2.3.1.12	COG0508	Dihydrolipoyllysine-residue acetyltransferase component of pyruvate dehydrogenase complex
EFNKBEDD_02817	CDS	420				hypothetical protein
EFNKBEDD_02818	CDS	2067		6.2.1.3	COG1022	Long-chain-fatty-acid--CoA ligase FadD15
EFNKBEDD_02819	CDS	492	psbV_1			Cytochrome c-550
EFNKBEDD_02820	CDS	570	psbV_2			Cytochrome c-550
EFNKBEDD_02821	CDS	861	rsmH	2.1.1.199		Ribosomal RNA small subunit methyltransferase H
EFNKBEDD_02822	CDS	411				hypothetical protein
EFNKBEDD_02823	CDS	756				hypothetical protein
EFNKBEDD_02824	CDS	2712	rcsC_68	2.7.13.3		Sensor histidine kinase RcsC
EFNKBEDD_02825	CDS	663	trmR	2.1.1.-		tRNA 5-hydroxyuridine methyltransferase
EFNKBEDD_02826	CDS	774	rutB	3.5.1.110	COG1335	Peroxyureidoacrylate/ureidoacrylate amidohydrolase RutB
EFNKBEDD_02827	CDS	468				hypothetical protein
EFNKBEDD_02828	CDS	633				hypothetical protein
EFNKBEDD_02829	CDS	774	ygiD	1.13.11.29	COG3384	4,5-DOPA dioxygenase extradiol
EFNKBEDD_02830	CDS	855				hypothetical protein
EFNKBEDD_02831	CDS	168				hypothetical protein
EFNKBEDD_02832	CDS	195				hypothetical protein
EFNKBEDD_02833	CDS	1062	argC	1.2.1.38	COG0002	N-acetyl-gamma-glutamyl-phosphate reductase
EFNKBEDD_02834	CDS	1371	rlmCD	2.1.1.189	COG2265	23S rRNA (uracil-C(5))-methyltransferase RlmCD
EFNKBEDD_02835	CDS	486				Allophycocyanin alpha-B chain
EFNKBEDD_02836	CDS	387				hypothetical protein
EFNKBEDD_02837	CDS	426				hypothetical protein
EFNKBEDD_02838	CDS	717				hypothetical protein
EFNKBEDD_02839	CDS	678				hypothetical protein
EFNKBEDD_02840	CDS	363	trxA_1			Thioredoxin 1
EFNKBEDD_02841	CDS	1083	leuB	1.1.1.85	COG0473	3-isopropylmalate dehydrogenase
EFNKBEDD_02842	CDS	273				hypothetical protein
EFNKBEDD_02843	CDS	1392				hypothetical protein
EFNKBEDD_02844	CDS	4689	tolB_6			Tol-Pal system protein TolB
EFNKBEDD_02845	CDS	771				hypothetical protein
EFNKBEDD_02846	CDS	1773				hypothetical protein
EFNKBEDD_02847	CDS	1155				hypothetical protein
EFNKBEDD_02848	CDS	1131	mgtA	2.4.1.-	COG0438	GDP-mannose-dependent alpha-mannosyltransferase
EFNKBEDD_02849	CDS	252				hypothetical protein
EFNKBEDD_02850	CDS	3186	infB			Translation initiation factor IF-2
EFNKBEDD_02851	CDS	288				hypothetical protein
EFNKBEDD_02852	CDS	531	nusA_1			Transcription termination/antitermination protein NusA
EFNKBEDD_02853	CDS	810	nusA_2		COG0195	Transcription termination/antitermination protein NusA
EFNKBEDD_02854	CDS	453	rimP		COG0779	Ribosome maturation factor RimP
EFNKBEDD_02855	CDS	1485				hypothetical protein
EFNKBEDD_02856	CDS	1641				hypothetical protein
EFNKBEDD_02857	CDS	900	bmrU	2.7.1.-	COG1597	Putative lipid kinase BmrU
EFNKBEDD_02858	CDS	426				hypothetical protein
EFNKBEDD_02859	CDS	2733		2.7.7.-		A-adding tRNA nucleotidyltransferase
EFNKBEDD_02860	CDS	936				hypothetical protein
EFNKBEDD_02861	CDS	243	mazE		COG2336	Antitoxin MazE
EFNKBEDD_02862	CDS	345	mazF_1	3.1.27.-	COG2337	Endoribonuclease toxin MazF
EFNKBEDD_02863	CDS	1065				hypothetical protein
EFNKBEDD_02864	CDS	318				hypothetical protein
EFNKBEDD_02865	CDS	1452				hypothetical protein
EFNKBEDD_02866	CDS	996				hypothetical protein
EFNKBEDD_02867	CDS	270				hypothetical protein
EFNKBEDD_02868	CDS	417				hypothetical protein
EFNKBEDD_02869	CDS	216				hypothetical protein
EFNKBEDD_02870	CDS	225				hypothetical protein
EFNKBEDD_02871	CDS	1113	flhA	1.1.1.284	COG1062	S-(hydroxymethyl)glutathione dehydrogenase
EFNKBEDD_02872	CDS	1389				hypothetical protein
EFNKBEDD_02873	CDS	306				hypothetical protein
EFNKBEDD_02874	CDS	966				hypothetical protein
EFNKBEDD_02875	CDS	1299	proA_2	1.2.1.41	COG0014	Gamma-glutamyl phosphate reductase
EFNKBEDD_02876	CDS	837				hypothetical protein
EFNKBEDD_02877	CDS	357				hypothetical protein
EFNKBEDD_02878	CDS	378				hypothetical protein
EFNKBEDD_02879	CDS	2778	clpB1_1		COG0542	Chaperone protein ClpB 1
EFNKBEDD_02880	CDS	975				hypothetical protein
EFNKBEDD_02881	CDS	975				hypothetical protein
EFNKBEDD_02882	CDS	1824	thrS	6.1.1.3	COG0441	Threonine--tRNA ligase
EFNKBEDD_02883	CDS	108				hypothetical protein
EFNKBEDD_02884	CDS	321				hypothetical protein
EFNKBEDD_02885	CDS	780				hypothetical protein
EFNKBEDD_02886	CDS	1623	ndhD1_3	7.1.1.-	COG1008	NAD(P)H-quinone oxidoreductase chain 4 1
EFNKBEDD_02887	CDS	633	rcsC_69	2.7.13.3		Sensor histidine kinase RcsC
EFNKBEDD_02888	CDS	609				hypothetical protein
EFNKBEDD_02889	CDS	624				hypothetical protein
EFNKBEDD_02890	CDS	774	prfB			Peptide chain release factor 2
EFNKBEDD_02891	CDS	123				hypothetical protein
EFNKBEDD_02892	CDS	243				hypothetical protein
EFNKBEDD_02893	CDS	966				hypothetical protein
EFNKBEDD_02894	CDS	894				hypothetical protein
EFNKBEDD_02895	CDS	846				hypothetical protein
EFNKBEDD_02896	CDS	504				hypothetical protein
EFNKBEDD_02897	CDS	1323	egtB_3	1.14.99.50		Hercynine oxygenase
EFNKBEDD_02898	CDS	1002	egtD_1	2.1.1.44	COG4301	Histidine N-alpha-methyltransferase
EFNKBEDD_02899	CDS	933				hypothetical protein
EFNKBEDD_02900	CDS	1035	purM	6.3.3.1	COG0150	Phosphoribosylformylglycinamidine cyclo-ligase
EFNKBEDD_02901	CDS	1131	rlpA	4.2.2.-		Endolytic peptidoglycan transglycosylase RlpA
EFNKBEDD_02902	CDS	753	panC	6.3.2.1	COG0414	Pantothenate synthetase
EFNKBEDD_02903	CDS	951	cmk	2.7.4.25	COG0283	Cytidylate kinase
EFNKBEDD_02904	CDS	138				hypothetical protein
EFNKBEDD_02905	CDS	378				hypothetical protein
EFNKBEDD_02906	CDS	1041	ousX_3		COG2113	Glycine betaine-binding periplasmic protein OusX
EFNKBEDD_02907	CDS	858	gltS_1	1.4.7.1		Ferredoxin-dependent glutamate synthase 2
EFNKBEDD_02908	CDS	3816	gltS_2	1.4.7.1		Ferredoxin-dependent glutamate synthase 2
EFNKBEDD_02909	CDS	846	murI	5.1.1.3	COG0796	Glutamate racemase
EFNKBEDD_02910	CDS	1548				hypothetical protein
EFNKBEDD_02911	CDS	1923				hypothetical protein
EFNKBEDD_02912	CDS	1434	nhaS3			High-affinity Na(+)/H(+) antiporter NhaS3
EFNKBEDD_02913	CDS	810	nit1	3.5.1.128		Deaminated glutathione amidase
EFNKBEDD_02914	CDS	624				hypothetical protein
EFNKBEDD_02915	CDS	1335				hypothetical protein
EFNKBEDD_02916	CDS	201				hypothetical protein
EFNKBEDD_02917	CDS	93				hypothetical protein
EFNKBEDD_02918	CDS	471	def_1	3.5.1.88		Peptide deformylase
EFNKBEDD_02919	CDS	189				hypothetical protein
EFNKBEDD_02920	CDS	984				hypothetical protein
EFNKBEDD_02921	CDS	2583				hypothetical protein
EFNKBEDD_02922	CDS	1131	pstS		COG0226	Phosphate-binding protein PstS
EFNKBEDD_02923	CDS	951				hypothetical protein
EFNKBEDD_02924	CDS	897	pstA_2		COG0581	Phosphate transport system permease protein PstA
EFNKBEDD_02925	CDS	834	pstB_2	7.3.2.1		Phosphate import ATP-binding protein PstB
EFNKBEDD_02926	CDS	423				Photosystem II lipoprotein Psb27
EFNKBEDD_02927	CDS	1047	add	3.5.4.4	COG1816	Adenosine deaminase
EFNKBEDD_02928	CDS	1335	murAA	2.5.1.7	COG0766	UDP-N-acetylglucosamine 1-carboxyvinyltransferase 1
EFNKBEDD_02929	CDS	618			COG0586	putative membrane protein
EFNKBEDD_02930	CDS	357				hypothetical protein
EFNKBEDD_02931	CDS	642				hypothetical protein
EFNKBEDD_02932	CDS	531				hypothetical protein
EFNKBEDD_02933	CDS	990	sasA_17	2.7.-.-		Adaptive-response sensory-kinase SasA
EFNKBEDD_02934	CDS	1080				hypothetical protein
EFNKBEDD_02935	CDS	573	purD_1	6.3.4.13	COG0151	Phosphoribosylamine--glycine ligase
EFNKBEDD_02936	CDS	714	purD_2	6.3.4.13	COG0151	Phosphoribosylamine--glycine ligase
EFNKBEDD_02937	CDS	636				hypothetical protein
EFNKBEDD_02938	CDS	1482	murL	5.1.1.23		UDP-N-acetyl-alpha-D-muramoyl-L-alanyl-L-glutamate epimerase
EFNKBEDD_02939	CDS	1563				hypothetical protein
EFNKBEDD_02940	CDS	1341				hypothetical protein
EFNKBEDD_02941	CDS	927				hypothetical protein
EFNKBEDD_02942	CDS	402				hypothetical protein
EFNKBEDD_02943	CDS	939	vldW	1.14.11.52		Validamycin A dioxygenase
EFNKBEDD_02944	CDS	735				hypothetical protein
EFNKBEDD_02945	CDS	411				hypothetical protein
EFNKBEDD_02946	CDS	966		4.2.1.171		Cis-3-hydroxy-L-proline dehydratase
EFNKBEDD_02947	CDS	525				hypothetical protein
EFNKBEDD_02948	CDS	468				hypothetical protein
EFNKBEDD_02949	CDS	849	garR_1	1.1.1.60	COG2084	2-hydroxy-3-oxopropionate reductase
EFNKBEDD_02950	CDS	228				hypothetical protein
EFNKBEDD_02951	CDS	717	rspB	1.1.1.-	COG1063	Starvation-sensing protein RspB
EFNKBEDD_02952	CDS	693	COQ3_5	2.1.1.222		Ubiquinone biosynthesis O-methyltransferase, mitochondrial
EFNKBEDD_02953	CDS	528				hypothetical protein
EFNKBEDD_02954	CDS	174				hypothetical protein
EFNKBEDD_02955	CDS	1674				hypothetical protein
EFNKBEDD_02956	CDS	636				hypothetical protein
EFNKBEDD_02957	CDS	714	kaiB_1			Circadian clock protein KaiB
EFNKBEDD_02958	CDS	1284				hypothetical protein
EFNKBEDD_02959	CDS	213				hypothetical protein
EFNKBEDD_02960	CDS	1113	mnaA	5.1.3.14	COG0381	UDP-N-acetylglucosamine 2-epimerase
EFNKBEDD_02961	CDS	2925				hypothetical protein
EFNKBEDD_02962	CDS	579				hypothetical protein
EFNKBEDD_02963	CDS	1053				hypothetical protein
EFNKBEDD_02964	CDS	177				hypothetical protein
EFNKBEDD_02965	CDS	363				Ferredoxin-1
EFNKBEDD_02966	CDS	1185				IS200/IS605 family transposase ISMae41
EFNKBEDD_02967	CDS	1140	purK	6.3.4.18	COG0026	N5-carboxyaminoimidazole ribonucleotide synthase
EFNKBEDD_02968	CDS	777	acr1	1.2.1.-	COG3320	Fatty acyl-CoA reductase
EFNKBEDD_02969	CDS	963	egtD_2	2.1.1.44	COG4301	Histidine N-alpha-methyltransferase
EFNKBEDD_02970	CDS	1734	dfa3_1	1.-.-.-		Putative diflavin flavoprotein A 3
EFNKBEDD_02971	CDS	399				hypothetical protein
EFNKBEDD_02972	CDS	558				IS630 family transposase ISAtsp7
EFNKBEDD_02973	CDS	552	cpeS2	4.-.-.-		Putative phycocyanobilin lyase CpcS 2
EFNKBEDD_02974	CDS	366				hypothetical protein
EFNKBEDD_02975	CDS	279				hypothetical protein
EFNKBEDD_02976	CDS	342				hypothetical protein
EFNKBEDD_02977	CDS	414				hypothetical protein
EFNKBEDD_02978	CDS	1323				hypothetical protein
EFNKBEDD_02979	CDS	582				hypothetical protein
EFNKBEDD_02980	CDS	876				hypothetical protein
EFNKBEDD_02981	CDS	531				hypothetical protein
EFNKBEDD_02982	CDS	318				hypothetical protein
EFNKBEDD_02983	CDS	372				hypothetical protein
EFNKBEDD_02984	CDS	288				hypothetical protein
EFNKBEDD_02985	CDS	162				hypothetical protein
EFNKBEDD_02986	CDS	1896				Iron-sulfur cluster carrier protein
EFNKBEDD_02987	CDS	300				hypothetical protein
EFNKBEDD_02988	CDS	393				hypothetical protein
EFNKBEDD_02989	CDS	2502	ppsA_2	2.7.9.2	COG0574	Phosphoenolpyruvate synthase
EFNKBEDD_02990	CDS	135				hypothetical protein
EFNKBEDD_02991	CDS	2154				hypothetical protein
EFNKBEDD_02992	CDS	510				hypothetical protein
EFNKBEDD_02993	CDS	378				hypothetical protein
EFNKBEDD_02994	CDS	420				hypothetical protein
EFNKBEDD_02995	CDS	486				hypothetical protein
EFNKBEDD_02996	CDS	1674	clcA			H(+)/Cl(-) exchange transporter ClcA
EFNKBEDD_02997	CDS	4884				hypothetical protein
EFNKBEDD_02998	CDS	222				hypothetical protein
EFNKBEDD_02999	CDS	1434				hypothetical protein
EFNKBEDD_03000	CDS	1800	recJ	3.1.-.-	COG0608	Single-stranded-DNA-specific exonuclease RecJ
EFNKBEDD_03001	CDS	474				hypothetical protein
EFNKBEDD_03002	CDS	345				hypothetical protein
EFNKBEDD_03003	CDS	879				hypothetical protein
EFNKBEDD_03004	CDS	1035	lnrL_2	3.6.3.-	COG1131	Linearmycin resistance ATP-binding protein LnrL
EFNKBEDD_03005	CDS	171				hypothetical protein
EFNKBEDD_03006	CDS	1368				hypothetical protein
EFNKBEDD_03007	CDS	543	truB	5.4.99.25	COG0130	tRNA pseudouridine synthase B
EFNKBEDD_03008	CDS	339				hypothetical protein
EFNKBEDD_03009	CDS	789	salL	2.5.1.94	COG1912	Adenosyl-chloride synthase
EFNKBEDD_03010	CDS	528				hypothetical protein
EFNKBEDD_03011	CDS	267				hypothetical protein
EFNKBEDD_03012	CDS	438				IS701 family transposase ISNpu6
EFNKBEDD_03013	CDS	261				hypothetical protein
EFNKBEDD_03014	tRNA	92				tRNA-Ser(gct)
EFNKBEDD_03015	CDS	1140				hypothetical protein
EFNKBEDD_03016	CDS	705	clcD_2	3.1.1.45		Carboxymethylenebutenolidase
EFNKBEDD_03017	CDS	1317	codAch2	3.5.4.11	COG0402	Pterin deaminase
EFNKBEDD_03018	CDS	690	thf1			Protein Thf1
EFNKBEDD_03019	CDS	357	spoIIAA			Anti-sigma F factor antagonist
EFNKBEDD_03020	CDS	528				hypothetical protein
EFNKBEDD_03021	CDS	1080	apbC		COG0489	Iron-sulfur cluster carrier protein
EFNKBEDD_03022	CDS	144				hypothetical protein
EFNKBEDD_03023	CDS	1272	mrdB	2.4.1.129	COG0772	Peptidoglycan glycosyltransferase MrdB
EFNKBEDD_03024	CDS	186				hypothetical protein
EFNKBEDD_03025	CDS	774				hypothetical protein
EFNKBEDD_03026	CDS	771				hypothetical protein
EFNKBEDD_03027	CDS	399				hypothetical protein
EFNKBEDD_03028	CDS	558				IS630 family transposase ISAtsp7
EFNKBEDD_03029	CDS	1974	ycf3_11			Photosystem I assembly protein Ycf3
EFNKBEDD_03030	CDS	1089				hypothetical protein
EFNKBEDD_03031	CDS	1263				hypothetical protein
EFNKBEDD_03032	CDS	678				hypothetical protein
EFNKBEDD_03033	CDS	1209				hypothetical protein
EFNKBEDD_03034	CDS	879				hypothetical protein
EFNKBEDD_03035	tRNA	73				tRNA-Ala(ggc)
EFNKBEDD_03036	CDS	1077				hypothetical protein
EFNKBEDD_03037	CDS	447				hypothetical protein
EFNKBEDD_03038	CDS	1095	cheB2	3.1.1.61	COG2201	Protein-glutamate methylesterase/protein-glutamine glutaminase 2
EFNKBEDD_03039	CDS	984				hypothetical protein
EFNKBEDD_03040	CDS	492	pds_2	1.3.5.5	COG3349	15-cis-phytoene desaturase
EFNKBEDD_03041	CDS	963	pds_3	1.3.5.5	COG3349	15-cis-phytoene desaturase
EFNKBEDD_03042	CDS	237				hypothetical protein
EFNKBEDD_03043	CDS	417				hypothetical protein
EFNKBEDD_03044	CDS	261				hypothetical protein
EFNKBEDD_03045	CDS	315				hypothetical protein
EFNKBEDD_03046	CDS	1371				hypothetical protein
EFNKBEDD_03047	CDS	363				hypothetical protein
EFNKBEDD_03048	CDS	405	vapC_2	3.1.-.-	COG1487	tRNA(fMet)-specific endonuclease VapC
EFNKBEDD_03049	CDS	243				hypothetical protein
EFNKBEDD_03050	CDS	357	cysQ_2	3.1.3.7		3'(2'),5'-bisphosphate nucleotidase CysQ
EFNKBEDD_03051	CDS	555	cysQ_3	3.1.3.7		3'(2'),5'-bisphosphate nucleotidase CysQ
EFNKBEDD_03052	CDS	1065	hldE		COG2870	Bifunctional protein HldE
EFNKBEDD_03053	CDS	1074	rffG	4.2.1.46	COG1088	dTDP-glucose 4,6-dehydratase 2
EFNKBEDD_03054	CDS	462				hypothetical protein
EFNKBEDD_03055	CDS	630	rnd	3.1.13.5		Ribonuclease D
EFNKBEDD_03056	CDS	270				hypothetical protein
EFNKBEDD_03057	CDS	498				hypothetical protein
EFNKBEDD_03058	CDS	666	nfi	3.1.21.7	COG1515	Endonuclease V
EFNKBEDD_03059	CDS	198				hypothetical protein
EFNKBEDD_03060	CDS	273				hypothetical protein
EFNKBEDD_03061	CDS	204				hypothetical protein
EFNKBEDD_03062	CDS	2064				hypothetical protein
EFNKBEDD_03063	CDS	1992	uvrB			UvrABC system protein B
EFNKBEDD_03064	CDS	516				hypothetical protein
EFNKBEDD_03065	CDS	639				hypothetical protein
EFNKBEDD_03066	CDS	444	glpE_3	2.8.1.1		Thiosulfate sulfurtransferase GlpE
EFNKBEDD_03067	CDS	1830				hypothetical protein
EFNKBEDD_03068	CDS	2478				hypothetical protein
EFNKBEDD_03069	CDS	219				hypothetical protein
EFNKBEDD_03070	CDS	786	aldH1_1	1.2.1.-	COG1012	4,4'-diaponeurosporen-aldehyde dehydrogenase
EFNKBEDD_03071	CDS	669				hypothetical protein
EFNKBEDD_03072	CDS	867				hypothetical protein
EFNKBEDD_03073	CDS	1011	preA	1.3.1.1	COG0167	NAD-dependent dihydropyrimidine dehydrogenase subunit PreA
EFNKBEDD_03074	CDS	2043	nifJ_1	1.2.7.-	COG0674	Pyruvate-flavodoxin oxidoreductase
EFNKBEDD_03075	CDS	1461	nifJ_2	1.2.7.-	COG0674	Pyruvate-flavodoxin oxidoreductase
EFNKBEDD_03076	CDS	234	hybG		COG0298	Hydrogenase maturation factor HybG
EFNKBEDD_03077	CDS	1290				hypothetical protein
EFNKBEDD_03078	CDS	1854	rhlB	3.6.4.13		ATP-dependent RNA helicase RhlB
EFNKBEDD_03079	CDS	276				hypothetical protein
EFNKBEDD_03080	CDS	1689				hypothetical protein
EFNKBEDD_03081	CDS	714	cmoA	2.1.3.-		Carboxy-S-adenosyl-L-methionine synthase
EFNKBEDD_03082	CDS	750				hypothetical protein
EFNKBEDD_03083	CDS	558	alaS_1	6.1.1.7	COG0013	Alanine--tRNA ligase
EFNKBEDD_03084	CDS	2088	alaS_2	6.1.1.7		Alanine--tRNA ligase
EFNKBEDD_03085	CDS	285				hypothetical protein
EFNKBEDD_03086	CDS	1062	mnmA	2.8.1.13	COG0482	tRNA-specific 2-thiouridylase MnmA
EFNKBEDD_03087	CDS	711				hypothetical protein
EFNKBEDD_03088	CDS	210				hypothetical protein
EFNKBEDD_03089	CDS	969	yqjG	1.8.5.7	COG0435	Glutathionyl-hydroquinone reductase YqjG
EFNKBEDD_03090	CDS	1533	APOA1BP	5.1.99.6		NAD(P)H-hydrate epimerase
EFNKBEDD_03091	CDS	834				hypothetical protein
EFNKBEDD_03092	CDS	222	ndhO	7.1.1.-		NAD(P)H-quinone oxidoreductase subunit O
EFNKBEDD_03093	CDS	963	mdh	1.1.1.37		Malate dehydrogenase
EFNKBEDD_03094	CDS	1677	ribBA_2	3.5.4.25		Riboflavin biosynthesis protein RibBA
EFNKBEDD_03095	CDS	243				hypothetical protein
EFNKBEDD_03096	CDS	1047				IS607 family transposase ISSoc2
EFNKBEDD_03097	CDS	594				hypothetical protein
EFNKBEDD_03098	CDS	444	dtd	3.1.1.96	COG1490	D-aminoacyl-tRNA deacylase
EFNKBEDD_03099	CDS	1029	isiA			Iron stress-induced chlorophyll-binding protein
EFNKBEDD_03100	CDS	516	isiB		COG0716	Flavodoxin
EFNKBEDD_03101	CDS	732				hypothetical protein
EFNKBEDD_03102	CDS	1167	yciC		COG0523	Putative metal chaperone YciC
EFNKBEDD_03103	CDS	156				hypothetical protein
EFNKBEDD_03104	CDS	1143				hypothetical protein
EFNKBEDD_03105	CDS	579				hypothetical protein
EFNKBEDD_03106	CDS	2337				hypothetical protein
EFNKBEDD_03107	CDS	348				hypothetical protein
EFNKBEDD_03108	CDS	276				hypothetical protein
EFNKBEDD_03109	CDS	402	vapC_3	3.1.-.-	COG1487	tRNA(fMet)-specific endonuclease VapC
EFNKBEDD_03110	CDS	1395				hypothetical protein
EFNKBEDD_03111	CDS	1965				hypothetical protein
EFNKBEDD_03112	CDS	933	cysK1_2	2.5.1.47	COG0031	O-acetylserine sulfhydrylase
EFNKBEDD_03113	CDS	1674				hypothetical protein
EFNKBEDD_03114	CDS	996				hypothetical protein
EFNKBEDD_03115	CDS	111				hypothetical protein
EFNKBEDD_03116	CDS	261				hypothetical protein
EFNKBEDD_03117	CDS	315				hypothetical protein
EFNKBEDD_03118	CDS	237				hypothetical protein
EFNKBEDD_03119	CDS	1725			COG1132	putative ABC transporter ATP-binding protein
EFNKBEDD_03120	CDS	444				hypothetical protein
EFNKBEDD_03121	CDS	204				hypothetical protein
EFNKBEDD_03122	CDS	399				hypothetical protein
EFNKBEDD_03123	CDS	1068	nhaP2			K(+)/H(+) antiporter NhaP2
EFNKBEDD_03124	CDS	963				hypothetical protein
EFNKBEDD_03125	CDS	285				hypothetical protein
EFNKBEDD_03126	CDS	1497				hypothetical protein
EFNKBEDD_03127	CDS	915				hypothetical protein
EFNKBEDD_03128	CDS	3861				hypothetical protein
EFNKBEDD_03129	CDS	936				hypothetical protein
EFNKBEDD_03130	CDS	648				hypothetical protein
EFNKBEDD_03131	CDS	1320				hypothetical protein
EFNKBEDD_03132	CDS	1335				hypothetical protein
EFNKBEDD_03133	CDS	1533				hypothetical protein
EFNKBEDD_03134	CDS	2316				hypothetical protein
EFNKBEDD_03135	CDS	786				hypothetical protein
EFNKBEDD_03136	CDS	987	rgtE	2.4.1.-	COG0463	Dodecaprenyl-phosphate galacturonate synthase
EFNKBEDD_03137	CDS	933				hypothetical protein
EFNKBEDD_03138	CDS	1647				hypothetical protein
EFNKBEDD_03139	CDS	888				hypothetical protein
EFNKBEDD_03140	CDS	1134				hypothetical protein
EFNKBEDD_03141	CDS	1077	hldD	5.1.3.20		ADP-L-glycero-D-manno-heptose-6-epimerase
EFNKBEDD_03142	CDS	807	wecG	2.4.1.180	COG1922	UDP-N-acetyl-D-mannosaminuronic acid transferase
EFNKBEDD_03143	CDS	1428				hypothetical protein
EFNKBEDD_03144	CDS	510				hypothetical protein
EFNKBEDD_03145	CDS	984	yqeN		COG1466	putative protein YqeN
EFNKBEDD_03146	CDS	1122			COG4663	Monocarboxylate 2-oxoacid-binding periplasmic protein
EFNKBEDD_03147	CDS	2217	sasA_18	2.7.-.-		Adaptive-response sensory-kinase SasA
EFNKBEDD_03148	CDS	2379	pcrA_2	3.6.4.12		ATP-dependent DNA helicase PcrA
EFNKBEDD_03149	CDS	972	ousX_4		COG2113	Glycine betaine-binding periplasmic protein OusX
EFNKBEDD_03150	CDS	1014	ousX_5		COG2113	Glycine betaine-binding periplasmic protein OusX
EFNKBEDD_03151	CDS	3579	mshA_13	2.4.1.250		D-inositol-3-phosphate glycosyltransferase
EFNKBEDD_03152	CDS	699	larB	2.5.1.143	COG1691	Pyridinium-3,5-biscarboxylic acid mononucleotide synthase
EFNKBEDD_03153	CDS	1767			COG0747	putative ABC transporter-binding protein
EFNKBEDD_03154	CDS	579				hypothetical protein
EFNKBEDD_03155	CDS	597				hypothetical protein
EFNKBEDD_03156	CDS	1386				hypothetical protein
EFNKBEDD_03157	CDS	147				hypothetical protein
EFNKBEDD_03158	CDS	786				hypothetical protein
EFNKBEDD_03159	CDS	576				hypothetical protein
EFNKBEDD_03160	CDS	297				hypothetical protein
EFNKBEDD_03161	CDS	870	lipA	2.8.1.8	COG0320	Lipoyl synthase
EFNKBEDD_03162	tRNA	74				tRNA-Pro(cgg)
EFNKBEDD_03163	CDS	639				hypothetical protein
EFNKBEDD_03164	tRNA	76				tRNA-Arg(tct)
EFNKBEDD_03165	CDS	348				hypothetical protein
EFNKBEDD_03166	CDS	2535				hypothetical protein
EFNKBEDD_03167	CDS	897				hypothetical protein
EFNKBEDD_03168	CDS	717				hypothetical protein
EFNKBEDD_03169	CDS	663				hypothetical protein
EFNKBEDD_03170	CDS	435				hypothetical protein
EFNKBEDD_03171	CDS	306				hypothetical protein
EFNKBEDD_03172	CDS	225				hypothetical protein
EFNKBEDD_03173	CDS	1560				hypothetical protein
EFNKBEDD_03174	CDS	336				hypothetical protein
EFNKBEDD_03175	CDS	1440	ndhB_2	7.1.1.-		NAD(P)H-quinone oxidoreductase subunit 2, chloroplastic
EFNKBEDD_03176	CDS	411				hypothetical protein
EFNKBEDD_03177	CDS	252				hypothetical protein
EFNKBEDD_03178	CDS	279				hypothetical protein
EFNKBEDD_03179	CDS	1440	mrpD		COG0651	Na(+)/H(+) antiporter subunit D
EFNKBEDD_03180	CDS	546				hypothetical protein
EFNKBEDD_03181	CDS	663				hypothetical protein
EFNKBEDD_03182	CDS	405		3.1.-.-	COG3744	Ribonuclease VapC22
EFNKBEDD_03183	CDS	1461	cysS	6.1.1.16	COG0215	Cysteine--tRNA ligase
EFNKBEDD_03184	CDS	1095				hypothetical protein
EFNKBEDD_03185	CDS	288				hypothetical protein
EFNKBEDD_03186	CDS	858				hypothetical protein
EFNKBEDD_03187	CDS	723				hypothetical protein
EFNKBEDD_03188	CDS	594				hypothetical protein
EFNKBEDD_03189	CDS	828	dapH	2.3.1.89		2,3,4,5-tetrahydropyridine-2,6-dicarboxylate N-acetyltransferase
EFNKBEDD_03190	CDS	423				hypothetical protein
EFNKBEDD_03191	CDS	1137	rssB_11			Regulator of RpoS
EFNKBEDD_03192	CDS	324	rsbV		COG1366	Anti-sigma-B factor antagonist
EFNKBEDD_03193	CDS	471				hypothetical protein
EFNKBEDD_03194	CDS	603				hypothetical protein
EFNKBEDD_03195	CDS	417	gumD	2.7.8.31	COG2148	UDP-glucose:undecaprenyl-phosphate glucose-1-phosphate transferase
EFNKBEDD_03196	CDS	96				hypothetical protein
EFNKBEDD_03197	CDS	438	recR		COG0353	Recombination protein RecR
EFNKBEDD_03198	CDS	105				hypothetical protein
EFNKBEDD_03199	CDS	483	cheB_5	3.5.1.44		Protein-glutamate methylesterase/protein-glutamine glutaminase
EFNKBEDD_03200	CDS	924	lipA2	2.8.1.8	COG0320	Lipoyl synthase 2
EFNKBEDD_03201	CDS	255				hypothetical protein
EFNKBEDD_03202	CDS	5571				hypothetical protein
EFNKBEDD_03203	CDS	1377				hypothetical protein
EFNKBEDD_03204	CDS	1695				hypothetical protein
EFNKBEDD_03205	CDS	414				hypothetical protein
EFNKBEDD_03206	CDS	183				hypothetical protein
EFNKBEDD_03207	CDS	261				hypothetical protein
EFNKBEDD_03208	CDS	768			COG0217	putative transcriptional regulatory protein
EFNKBEDD_03209	CDS	654	ppaX	3.6.1.1	COG0546	Pyrophosphatase PpaX
EFNKBEDD_03210	CDS	528				hypothetical protein
EFNKBEDD_03211	CDS	651	purN	2.1.2.2		Phosphoribosylglycinamide formyltransferase
EFNKBEDD_03212	CDS	1482				hypothetical protein
EFNKBEDD_03213	CDS	1032				hypothetical protein
EFNKBEDD_03214	CDS	1839	pknD_21	2.7.11.1		Serine/threonine-protein kinase PknD
EFNKBEDD_03215	CDS	1695				hypothetical protein
EFNKBEDD_03216	CDS	204				hypothetical protein
EFNKBEDD_03217	CDS	2748				hypothetical protein
EFNKBEDD_03218	CDS	2499				hypothetical protein
EFNKBEDD_03219	CDS	465				hypothetical protein
EFNKBEDD_03220	CDS	345				hypothetical protein
EFNKBEDD_03221	CDS	255				hypothetical protein
EFNKBEDD_03222	CDS	513				hypothetical protein
EFNKBEDD_03223	CDS	345	rip3_1		COG0517	Putative zinc metalloprotease Rip3
EFNKBEDD_03224	CDS	813	rip3_2		COG0517	Putative zinc metalloprotease Rip3
EFNKBEDD_03225	CDS	363				hypothetical protein
EFNKBEDD_03226	CDS	336				hypothetical protein
EFNKBEDD_03227	CDS	495				hypothetical protein
EFNKBEDD_03228	CDS	471				hypothetical protein
EFNKBEDD_03229	CDS	981	msrP	1.8.5.-	COG2041	Protein-methionine-sulfoxide reductase catalytic subunit MsrP
EFNKBEDD_03230	CDS	252				hypothetical protein
EFNKBEDD_03231	CDS	576				hypothetical protein
EFNKBEDD_03232	CDS	1230	cpdA_2	3.1.4.53		3',5'-cyclic adenosine monophosphate phosphodiesterase CpdA
EFNKBEDD_03233	CDS	261				hypothetical protein
EFNKBEDD_03234	CDS	1887				hypothetical protein
EFNKBEDD_03235	CDS	156				hypothetical protein
EFNKBEDD_03236	CDS	405				hypothetical protein
EFNKBEDD_03237	CDS	390			COG0346	Virulence protein
EFNKBEDD_03238	CDS	1035				hypothetical protein
EFNKBEDD_03239	CDS	423	yfcG_5	1.8.4.-	COG0625	Disulfide-bond oxidoreductase YfcG
EFNKBEDD_03240	CDS	906	rbn_2	3.1.26.11		Ribonuclease BN
EFNKBEDD_03241	CDS	513	ppa	3.6.1.1		Inorganic pyrophosphatase
EFNKBEDD_03242	CDS	453				hypothetical protein
EFNKBEDD_03243	CDS	588				hypothetical protein
EFNKBEDD_03244	CDS	3129				hypothetical protein
EFNKBEDD_03245	CDS	1728	recN		COG0497	DNA repair protein RecN
EFNKBEDD_03246	CDS	336				hypothetical protein
EFNKBEDD_03247	CDS	1743	ubiB_5	2.7.-.-		protein kinase UbiB
EFNKBEDD_03248	CDS	285				hypothetical protein
EFNKBEDD_03249	CDS	111				hypothetical protein
EFNKBEDD_03250	CDS	105				hypothetical protein
EFNKBEDD_03251	CDS	204				hypothetical protein
EFNKBEDD_03252	CDS	363				hypothetical protein
EFNKBEDD_03253	CDS	4488				hypothetical protein
EFNKBEDD_03254	CDS	1098	nupX_2		COG1972	Putative nucleoside permease NupX
EFNKBEDD_03255	CDS	336				hypothetical protein
EFNKBEDD_03256	CDS	357				hypothetical protein
EFNKBEDD_03257	CDS	342	ndhM	7.1.1.-		NAD(P)H-quinone oxidoreductase subunit M
EFNKBEDD_03258	CDS	1452				hypothetical protein
EFNKBEDD_03259	CDS	1695				hypothetical protein
EFNKBEDD_03260	CDS	993				hypothetical protein
EFNKBEDD_03261	CDS	1167	mshA_14	2.4.1.250		D-inositol-3-phosphate glycosyltransferase
EFNKBEDD_03262	CDS	1182	mshA_15	2.4.1.250		D-inositol-3-phosphate glycosyltransferase
EFNKBEDD_03263	CDS	189				hypothetical protein
EFNKBEDD_03264	CDS	357				hypothetical protein
EFNKBEDD_03265	CDS	657				hypothetical protein
EFNKBEDD_03266	CDS	678				hypothetical protein
EFNKBEDD_03267	CDS	471				hypothetical protein
EFNKBEDD_03268	CDS	312	ureB	3.5.1.5	COG0832	Urease subunit beta
EFNKBEDD_03269	CDS	306	ureA	3.5.1.5	COG0831	Urease subunit gamma
EFNKBEDD_03270	CDS	864	ureD			Urease accessory protein UreD
EFNKBEDD_03271	CDS	3057	rcsC_70	2.7.13.3		Sensor histidine kinase RcsC
EFNKBEDD_03272	CDS	345	rpsN		COG0199	30S ribosomal protein S14
EFNKBEDD_03273	CDS	333				hypothetical protein
EFNKBEDD_03274	CDS	594	aat	2.3.2.6		Leucyl/phenylalanyl-tRNA--protein transferase
EFNKBEDD_03275	CDS	849				hypothetical protein
EFNKBEDD_03276	CDS	297				hypothetical protein
EFNKBEDD_03277	CDS	552				hypothetical protein
EFNKBEDD_03278	CDS	402				hypothetical protein
EFNKBEDD_03279	CDS	2157	pnp	2.7.7.8	COG1185	Polyribonucleotide nucleotidyltransferase
EFNKBEDD_03280	CDS	393				hypothetical protein
EFNKBEDD_03281	CDS	312				hypothetical protein
EFNKBEDD_03282	CDS	228				hypothetical protein
EFNKBEDD_03283	CDS	807	mftE	3.5.-.-	COG1402	Putative mycofactocin system creatinine amidohydrolase family protein MftE
EFNKBEDD_03284	CDS	1383	pleD_1			Response regulator PleD
EFNKBEDD_03285	CDS	1392				hypothetical protein
EFNKBEDD_03286	CDS	432				hypothetical protein
EFNKBEDD_03287	CDS	909				hypothetical protein
EFNKBEDD_03288	CDS	1716	hflX			GTPase HflX
EFNKBEDD_03289	CDS	978				hypothetical protein
EFNKBEDD_03290	CDS	720	walR_1		COG0745	Transcriptional regulatory protein WalR
EFNKBEDD_03291	CDS	972				hypothetical protein
EFNKBEDD_03292	CDS	279				hypothetical protein
EFNKBEDD_03293	CDS	912				hypothetical protein
EFNKBEDD_03294	CDS	435				hypothetical protein
EFNKBEDD_03295	CDS	606				hypothetical protein
EFNKBEDD_03296	CDS	1503	dbpA_1	3.6.4.13		ATP-dependent RNA helicase DbpA
EFNKBEDD_03297	CDS	891				hypothetical protein
EFNKBEDD_03298	CDS	576				hypothetical protein
EFNKBEDD_03299	CDS	363				hypothetical protein
EFNKBEDD_03300	CDS	912				hypothetical protein
EFNKBEDD_03301	CDS	357				hypothetical protein
EFNKBEDD_03302	CDS	606				hypothetical protein
EFNKBEDD_03303	CDS	981		1.-.-.-	COG0667	putative oxidoreductase
EFNKBEDD_03304	CDS	444	fosB	2.5.1.-		Metallothiol transferase FosB
EFNKBEDD_03305	CDS	453	moaE	2.8.1.12		Molybdopterin synthase catalytic subunit
EFNKBEDD_03306	CDS	432				hypothetical protein
EFNKBEDD_03307	CDS	966				hypothetical protein
EFNKBEDD_03308	CDS	207				hypothetical protein
EFNKBEDD_03309	CDS	594				hypothetical protein
EFNKBEDD_03310	CDS	2082	rne	3.1.26.12		Ribonuclease E
EFNKBEDD_03311	CDS	570	rnhB	3.1.26.4	COG0164	Ribonuclease HII
EFNKBEDD_03312	CDS	438				hypothetical protein
EFNKBEDD_03313	CDS	357	metE_1	2.1.1.14	COG0620	5-methyltetrahydropteroyltriglutamate--homocysteine methyltransferase
EFNKBEDD_03314	CDS	1950	metE_2	2.1.1.14	COG0620	5-methyltetrahydropteroyltriglutamate--homocysteine methyltransferase
EFNKBEDD_03315	CDS	1500				hypothetical protein
EFNKBEDD_03316	CDS	2385				hypothetical protein
EFNKBEDD_03317	CDS	726				hypothetical protein
EFNKBEDD_03318	CDS	1080		2.4.1.11	COG0438	Glycogen synthase
EFNKBEDD_03319	CDS	924	phnD2		COG3221	putative ABC transporter phosphonate/phosphite binding protein PhnD2
EFNKBEDD_03320	CDS	1596	sasA_19	2.7.-.-		Adaptive-response sensory-kinase SasA
EFNKBEDD_03321	CDS	483				hypothetical protein
EFNKBEDD_03322	CDS	147				hypothetical protein
EFNKBEDD_03323	CDS	1341	pncB2	6.3.4.21	COG1488	Nicotinate phosphoribosyltransferase pncB2
EFNKBEDD_03324	CDS	606	nadD	2.7.7.18		putative nicotinate-nucleotide adenylyltransferase
EFNKBEDD_03325	CDS	735				hypothetical protein
EFNKBEDD_03326	CDS	729				hypothetical protein
EFNKBEDD_03327	CDS	1698	nadE	6.3.5.1	COG0171	Glutamine-dependent NAD(+) synthetase
EFNKBEDD_03328	CDS	210				hypothetical protein
EFNKBEDD_03329	CDS	303				hypothetical protein
EFNKBEDD_03330	CDS	963				hypothetical protein
EFNKBEDD_03331	CDS	1449				hypothetical protein
EFNKBEDD_03332	CDS	477				hypothetical protein
EFNKBEDD_03333	CDS	462				hypothetical protein
EFNKBEDD_03334	CDS	5382	pknD_22	2.7.11.1		Serine/threonine-protein kinase PknD
EFNKBEDD_03335	CDS	3285	rcsC_71	2.7.13.3		Sensor histidine kinase RcsC
EFNKBEDD_03336	CDS	555				hypothetical protein
EFNKBEDD_03337	CDS	690	ndhH_1	7.1.1.-		NAD(P)H-quinone oxidoreductase subunit H
EFNKBEDD_03338	CDS	516	ndhH_2	7.1.1.-		NAD(P)H-quinone oxidoreductase subunit H
EFNKBEDD_03339	CDS	5820				hypothetical protein
EFNKBEDD_03340	CDS	312				hypothetical protein
EFNKBEDD_03341	CDS	780				hypothetical protein
EFNKBEDD_03342	CDS	1923	gyrB	5.6.2.2	COG0187	DNA gyrase subunit B
EFNKBEDD_03343	CDS	909	miaA	2.5.1.75	COG0324	tRNA dimethylallyltransferase
EFNKBEDD_03344	CDS	423				hypothetical protein
EFNKBEDD_03345	CDS	327				hypothetical protein
EFNKBEDD_03346	CDS	180				hypothetical protein
EFNKBEDD_03347	tRNA	72				tRNA-Lys(ctt)
EFNKBEDD_03348	CDS	957	nadK_1	2.7.1.23		NAD kinase
EFNKBEDD_03349	CDS	987				hypothetical protein
EFNKBEDD_03350	CDS	108	petM			Cytochrome b6-f complex subunit 7
EFNKBEDD_03351	CDS	1089	pdxA2	1.1.1.408	COG1995	D-threonate 4-phosphate dehydrogenase
EFNKBEDD_03352	CDS	222				hypothetical protein
EFNKBEDD_03353	CDS	384				hypothetical protein
EFNKBEDD_03354	CDS	774	iscS_4	2.8.1.7	COG1104	Cysteine desulfurase IscS
EFNKBEDD_03355	CDS	381	iscS_5	2.8.1.7	COG1104	Cysteine desulfurase IscS
EFNKBEDD_03356	CDS	222				hypothetical protein
EFNKBEDD_03357	CDS	219				hypothetical protein
EFNKBEDD_03358	CDS	2073	smc_5			Chromosome partition protein Smc
EFNKBEDD_03359	CDS	2532				hypothetical protein
EFNKBEDD_03360	CDS	648				hypothetical protein
EFNKBEDD_03361	CDS	2673	adhE_1		COG1012	Aldehyde-alcohol dehydrogenase
EFNKBEDD_03362	CDS	1359				hypothetical protein
EFNKBEDD_03363	CDS	264				hypothetical protein
EFNKBEDD_03364	CDS	552	scpB			Segregation and condensation protein B
EFNKBEDD_03365	CDS	852	lnrL_3	3.6.3.-	COG1131	Linearmycin resistance ATP-binding protein LnrL
EFNKBEDD_03366	CDS	1206				hypothetical protein
EFNKBEDD_03367	CDS	90				hypothetical protein
EFNKBEDD_03368	CDS	267				hypothetical protein
EFNKBEDD_03369	CDS	207				hypothetical protein
EFNKBEDD_03370	CDS	264				hypothetical protein
EFNKBEDD_03371	CDS	1164	hpxO	1.14.13.113	COG0654	FAD-dependent urate hydroxylase
EFNKBEDD_03372	CDS	312				hypothetical protein
EFNKBEDD_03373	CDS	207				hypothetical protein
EFNKBEDD_03374	CDS	162				hypothetical protein
EFNKBEDD_03375	CDS	387	phoP_2		COG0745	Alkaline phosphatase synthesis transcriptional regulatory protein PhoP
EFNKBEDD_03376	CDS	1623	sasA_20	2.7.-.-		Adaptive-response sensory-kinase SasA
EFNKBEDD_03377	CDS	3783				hypothetical protein
EFNKBEDD_03378	CDS	1575				hypothetical protein
EFNKBEDD_03379	CDS	750				hypothetical protein
EFNKBEDD_03380	CDS	900	acs	6.2.1.1	COG0365	Acetyl-coenzyme A synthetase
EFNKBEDD_03381	CDS	1056	acsA	6.2.1.1	COG0365	Acetyl-coenzyme A synthetase
EFNKBEDD_03382	CDS	306				hypothetical protein
EFNKBEDD_03383	CDS	819				hypothetical protein
EFNKBEDD_03384	CDS	897	RBKS	2.7.1.15		Ribokinase
EFNKBEDD_03385	CDS	336				hypothetical protein
EFNKBEDD_03386	CDS	420				hypothetical protein
EFNKBEDD_03387	CDS	336				hypothetical protein
EFNKBEDD_03388	CDS	414				hypothetical protein
EFNKBEDD_03389	CDS	690	fabG_2	1.1.1.100		3-oxoacyl-[acyl-carrier-protein] reductase FabG
EFNKBEDD_03390	CDS	933				hypothetical protein
EFNKBEDD_03391	CDS	732				hypothetical protein
EFNKBEDD_03392	CDS	942	ceo_2	1.5.1.24		N(5)-(carboxyethyl)ornithine synthase
EFNKBEDD_03393	CDS	1089		1.14.11.1		Gamma-butyrobetaine dioxygenase
EFNKBEDD_03394	CDS	1272				hypothetical protein
EFNKBEDD_03395	CDS	570				hypothetical protein
EFNKBEDD_03396	CDS	1317	btrK	4.1.1.95		L-glutamyl-[BtrI acyl-carrier protein] decarboxylase
EFNKBEDD_03397	CDS	855	cpoB_7			Cell division coordinator CpoB
EFNKBEDD_03398	CDS	372				hypothetical protein
EFNKBEDD_03399	CDS	558				IS630 family transposase ISAtsp7
EFNKBEDD_03400	CDS	399				hypothetical protein
EFNKBEDD_03401	CDS	735				hypothetical protein
EFNKBEDD_03402	CDS	399	bfmBAB	1.2.4.4	COG0022	2-oxoisovalerate dehydrogenase subunit beta
EFNKBEDD_03403	CDS	624	pdhB	1.2.4.1		Pyruvate dehydrogenase E1 component subunit beta
EFNKBEDD_03404	CDS	1407	secD		COG0342	Protein translocase subunit SecD
EFNKBEDD_03405	CDS	954	secF		COG0341	Protein translocase subunit SecF
EFNKBEDD_03406	CDS	1734				hypothetical protein
EFNKBEDD_03407	CDS	456				hypothetical protein
EFNKBEDD_03408	CDS	429				hypothetical protein
EFNKBEDD_03409	CDS	846	thiG	2.8.1.10	COG2022	Thiazole synthase
EFNKBEDD_03410	CDS	891				hypothetical protein
EFNKBEDD_03411	CDS	933	gmd_2	4.2.1.47		GDP-mannose 4,6-dehydratase
EFNKBEDD_03412	CDS	702	rpe	5.1.3.1		Ribulose-phosphate 3-epimerase
EFNKBEDD_03413	CDS	537				hypothetical protein
EFNKBEDD_03414	CDS	549	def_2	3.5.1.88	COG0242	Peptide deformylase
EFNKBEDD_03415	CDS	381				hypothetical protein
EFNKBEDD_03416	CDS	1197	argG	6.3.4.5		Argininosuccinate synthase
EFNKBEDD_03417	CDS	1722	bacA		COG4178	Vitamin B12 transport ATP-binding protein BacA
EFNKBEDD_03418	CDS	3201				hypothetical protein
EFNKBEDD_03419	CDS	2331				hypothetical protein
EFNKBEDD_03420	CDS	3186				hypothetical protein
EFNKBEDD_03421	CDS	351				hypothetical protein
EFNKBEDD_03422	CDS	393				hypothetical protein
EFNKBEDD_03423	CDS	123				hypothetical protein
EFNKBEDD_03424	CDS	330				hypothetical protein
EFNKBEDD_03425	CDS	2010				hypothetical protein
EFNKBEDD_03426	CDS	840				hypothetical protein
EFNKBEDD_03427	CDS	867	chlL	1.3.7.7	COG1348	Light-independent protochlorophyllide reductase iron-sulfur ATP-binding protein
EFNKBEDD_03428	CDS	363				hypothetical protein
EFNKBEDD_03429	CDS	1404	chlN	1.3.7.7	COG2710	Light-independent protochlorophyllide reductase subunit N
EFNKBEDD_03430	CDS	1443				hypothetical protein
EFNKBEDD_03431	CDS	258				hypothetical protein
EFNKBEDD_03432	CDS	1992	shc	4.2.1.129	COG1657	Squalene--hopene cyclase
EFNKBEDD_03433	CDS	351				hypothetical protein
EFNKBEDD_03434	CDS	399				hypothetical protein
EFNKBEDD_03435	CDS	558				IS630 family transposase ISAtsp7
EFNKBEDD_03436	CDS	1698				hypothetical protein
EFNKBEDD_03437	CDS	726				hypothetical protein
EFNKBEDD_03438	CDS	915				hypothetical protein
EFNKBEDD_03439	CDS	816				hypothetical protein
EFNKBEDD_03440	CDS	1425				hypothetical protein
EFNKBEDD_03441	CDS	936	ribF		COG0196	Bifunctional riboflavin kinase/FMN adenylyltransferase
EFNKBEDD_03442	CDS	264				hypothetical protein
EFNKBEDD_03443	CDS	654	rbn_3	3.1.26.11		Ribonuclease BN
EFNKBEDD_03444	CDS	834	surE_1	3.1.3.5	COG0496	5'-nucleotidase SurE
EFNKBEDD_03445	CDS	831				hypothetical protein
EFNKBEDD_03446	CDS	900	todF	3.7.1.25		2-hydroxy-6-oxo-2,4-heptadienoate hydrolase
EFNKBEDD_03447	CDS	324	trxB		COG0526	Thioredoxin 2
EFNKBEDD_03448	CDS	1176	dapL_1	2.6.1.83	COG0436	LL-diaminopimelate aminotransferase
EFNKBEDD_03449	CDS	876				hypothetical protein
EFNKBEDD_03450	CDS	5427	pknD_23	2.7.11.1		Serine/threonine-protein kinase PknD
EFNKBEDD_03451	CDS	237				hypothetical protein
EFNKBEDD_03452	CDS	1098			COG3385	IS4 family transposase ISSysp2
EFNKBEDD_03453	CDS	3366	ycf3_12			Photosystem I assembly protein Ycf3
EFNKBEDD_03454	CDS	597				hypothetical protein
EFNKBEDD_03455	CDS	909	smc_6			Chromosome partition protein Smc
EFNKBEDD_03456	CDS	216				hypothetical protein
EFNKBEDD_03457	CDS	1191				hypothetical protein
EFNKBEDD_03458	CDS	243				hypothetical protein
EFNKBEDD_03459	CDS	1266				hypothetical protein
EFNKBEDD_03460	CDS	585				hypothetical protein
EFNKBEDD_03461	CDS	582				hypothetical protein
EFNKBEDD_03462	CDS	174				hypothetical protein
EFNKBEDD_03463	CDS	579				hypothetical protein
EFNKBEDD_03464	CDS	1266				hypothetical protein
EFNKBEDD_03465	CDS	1581				hypothetical protein
EFNKBEDD_03466	CDS	243				hypothetical protein
EFNKBEDD_03467	CDS	312				hypothetical protein
EFNKBEDD_03468	CDS	1341				hypothetical protein
EFNKBEDD_03469	CDS	561				hypothetical protein
EFNKBEDD_03470	CDS	537				hypothetical protein
EFNKBEDD_03471	CDS	399				hypothetical protein
EFNKBEDD_03472	CDS	558				IS630 family transposase ISAtsp7
EFNKBEDD_03473	CDS	594				hypothetical protein
EFNKBEDD_03474	CDS	3585	smc_7		COG1196	Chromosome partition protein Smc
EFNKBEDD_03475	CDS	183				hypothetical protein
EFNKBEDD_03476	CDS	1299				hypothetical protein
EFNKBEDD_03477	CDS	504				hypothetical protein
EFNKBEDD_03478	CDS	858				hypothetical protein
EFNKBEDD_03479	CDS	375				hypothetical protein
EFNKBEDD_03480	CDS	354				hypothetical protein
EFNKBEDD_03481	CDS	540				hypothetical protein
EFNKBEDD_03482	CDS	354				hypothetical protein
EFNKBEDD_03483	CDS	453				hypothetical protein
EFNKBEDD_03484	CDS	228				hypothetical protein
EFNKBEDD_03485	CDS	519				hypothetical protein
EFNKBEDD_03486	CDS	1146	gldA	1.1.1.6	COG0371	Glycerol dehydrogenase
EFNKBEDD_03487	CDS	489				hypothetical protein
EFNKBEDD_03488	CDS	189				hypothetical protein
EFNKBEDD_03489	CDS	807				IS630 family transposase ISAtsp4
EFNKBEDD_03490	CDS	450				hypothetical protein
EFNKBEDD_03491	CDS	1029	dhaK	2.7.1.121	COG2376	PEP-dependent dihydroxyacetone kinase, dihydroxyacetone-binding subunit DhaK
EFNKBEDD_03492	CDS	639	dhaL	2.7.1.121	COG2376	PEP-dependent dihydroxyacetone kinase, ADP-binding subunit DhaL
EFNKBEDD_03493	CDS	606				hypothetical protein
EFNKBEDD_03494	CDS	279	higB	3.1.-.-		Endoribonuclease HigB
EFNKBEDD_03495	CDS	315				hypothetical protein
EFNKBEDD_03496	CDS	789	cbbY_1	3.1.3.-	COG0637	Protein CbbY
EFNKBEDD_03497	CDS	852	fbaA_1	4.1.2.13	COG0191	putative fructose-bisphosphate aldolase
EFNKBEDD_03498	CDS	858				hypothetical protein
EFNKBEDD_03499	CDS	177				hypothetical protein
EFNKBEDD_03500	CDS	117	psbI			Photosystem II reaction center protein I
EFNKBEDD_03501	CDS	828				hypothetical protein
EFNKBEDD_03502	CDS	3063				hypothetical protein
EFNKBEDD_03503	CDS	276				hypothetical protein
EFNKBEDD_03504	CDS	150				hypothetical protein
EFNKBEDD_03505	CDS	285				hypothetical protein
EFNKBEDD_03506	CDS	285				hypothetical protein
EFNKBEDD_03507	CDS	771	ecfT_2			Energy-coupling factor transporter transmembrane protein EcfT
EFNKBEDD_03508	CDS	3783	dnaE	2.7.7.7	COG0587	DNA polymerase III subunit alpha
EFNKBEDD_03509	CDS	300				hypothetical protein
EFNKBEDD_03510	CDS	303				hypothetical protein
EFNKBEDD_03511	CDS	2931	gcvP	1.4.4.2		Glycine dehydrogenase (decarboxylating)
EFNKBEDD_03512	CDS	402	gcvH			Glycine cleavage system H protein
EFNKBEDD_03513	CDS	1473	pleD_2			Response regulator PleD
EFNKBEDD_03514	CDS	615				hypothetical protein
EFNKBEDD_03515	CDS	678				hypothetical protein
EFNKBEDD_03516	CDS	1164				hypothetical protein
EFNKBEDD_03517	CDS	780				hypothetical protein
EFNKBEDD_03518	CDS	600	queE	4.3.99.3		7-carboxy-7-deazaguanine synthase
EFNKBEDD_03519	CDS	204				hypothetical protein
EFNKBEDD_03520	CDS	1263	coaBC		COG0452	Coenzyme A biosynthesis bifunctional protein CoaBC
EFNKBEDD_03521	CDS	984	hemB	4.2.1.24		Delta-aminolevulinic acid dehydratase
EFNKBEDD_03522	CDS	1812	lepA	3.6.5.-	COG0481	Elongation factor 4
EFNKBEDD_03523	CDS	1197				IS200/IS605 family transposase ISMae41
EFNKBEDD_03524	CDS	231				hypothetical protein
EFNKBEDD_03525	CDS	1743	rcsC_72	2.7.13.3		Sensor histidine kinase RcsC
EFNKBEDD_03526	CDS	897	pleC	2.7.13.3		Non-motile and phage-resistance protein
EFNKBEDD_03527	CDS	798	rutD	3.5.1.-		Putative aminoacrylate hydrolase RutD
EFNKBEDD_03528	CDS	1599	metG	6.1.1.10	COG0143	Methionine--tRNA ligase
EFNKBEDD_03529	CDS	618				hypothetical protein
EFNKBEDD_03530	CDS	1200	lptC			Lipopolysaccharide export system protein LptC
EFNKBEDD_03531	CDS	1683				hypothetical protein
EFNKBEDD_03532	CDS	234				hypothetical protein
EFNKBEDD_03533	CDS	669				hypothetical protein
EFNKBEDD_03534	CDS	1938	yqiK		COG2268	Inner membrane protein YqiK
EFNKBEDD_03535	CDS	1164		1.-.-.-	COG0516	putative oxidoreductase/MSMEI_1564
EFNKBEDD_03536	CDS	378	trxA_2			Thioredoxin 1
EFNKBEDD_03537	CDS	1062				hypothetical protein
EFNKBEDD_03538	CDS	2190				hypothetical protein
EFNKBEDD_03539	CDS	1944	cpoB_8			Cell division coordinator CpoB
EFNKBEDD_03540	CDS	1008	oppF		COG4608	Oligopeptide transport ATP-binding protein OppF
EFNKBEDD_03541	CDS	648				hypothetical protein
EFNKBEDD_03542	CDS	561				hypothetical protein
EFNKBEDD_03543	CDS	1014	oppD		COG0444	Oligopeptide transport ATP-binding protein OppD
EFNKBEDD_03544	CDS	975	slrP	2.3.2.27	COG4886	E3 ubiquitin-protein ligase SlrP
EFNKBEDD_03545	CDS	1143				hypothetical protein
EFNKBEDD_03546	CDS	1026	dppB_2		COG0601	Dipeptide transport system permease protein DppB
EFNKBEDD_03547	CDS	483				hypothetical protein
EFNKBEDD_03548	CDS	447				hypothetical protein
EFNKBEDD_03549	CDS	411				hypothetical protein
EFNKBEDD_03550	CDS	1257				IS200/IS605 family transposase ISSoc12
EFNKBEDD_03551	CDS	2142				hypothetical protein
EFNKBEDD_03552	CDS	825				hypothetical protein
EFNKBEDD_03553	CDS	459				hypothetical protein
EFNKBEDD_03554	CDS	519	phnZ	1.13.11.78		2-amino-1-hydroxyethylphosphonate dioxygenase (glycine-forming)
EFNKBEDD_03555	CDS	504				hypothetical protein
EFNKBEDD_03556	CDS	732		1.-.-.-		putative oxidoreductase
EFNKBEDD_03557	CDS	873	rhaS_2			HTH-type transcriptional activator RhaS
EFNKBEDD_03558	CDS	549	sodC1	1.15.1.1	COG2032	Superoxide dismutase [Cu-Zn] 1
EFNKBEDD_03559	CDS	1146	mnmC_2	2.1.1.61		tRNA 5-methylaminomethyl-2-thiouridine biosynthesis bifunctional protein MnmC
EFNKBEDD_03560	CDS	666	allA	4.3.2.3		Ureidoglycolate lyase
EFNKBEDD_03561	CDS	732	phnX	3.11.1.1		Phosphonoacetaldehyde hydrolase
EFNKBEDD_03562	CDS	225				hypothetical protein
EFNKBEDD_03563	CDS	2337	feoB		COG0370	Fe(2+) transporter FeoB
EFNKBEDD_03564	CDS	666				hypothetical protein
EFNKBEDD_03565	CDS	612				hypothetical protein
EFNKBEDD_03566	CDS	2130	ctpC	3.6.3.-	COG2217	Manganese-exporting P-type ATPase
EFNKBEDD_03567	CDS	243				hypothetical protein
EFNKBEDD_03568	CDS	291				hypothetical protein
EFNKBEDD_03569	CDS	795	mlaE		COG0767	Intermembrane phospholipid transport system permease protein MlaE
EFNKBEDD_03570	CDS	432	vhb			Bacterial hemoglobin
EFNKBEDD_03571	CDS	648				hypothetical protein
EFNKBEDD_03572	CDS	795				hypothetical protein
EFNKBEDD_03573	CDS	657				hypothetical protein
EFNKBEDD_03574	CDS	603				hypothetical protein
EFNKBEDD_03575	CDS	486	dsbD_1	1.8.1.8		Thiol:disulfide interchange protein DsbD
EFNKBEDD_03576	CDS	927				hypothetical protein
EFNKBEDD_03577	CDS	1446				hypothetical protein
EFNKBEDD_03578	CDS	429	vapC4	3.1.-.-	COG1487	Ribonuclease VapC4
EFNKBEDD_03579	CDS	243				hypothetical protein
EFNKBEDD_03580	CDS	1686	ccsA_2			Cytochrome c biogenesis protein CcsA
EFNKBEDD_03581	CDS	435	petC_1	7.1.1.6		Cytochrome b6-f complex iron-sulfur subunit
EFNKBEDD_03582	CDS	222				hypothetical protein
EFNKBEDD_03583	CDS	345				hypothetical protein
EFNKBEDD_03584	CDS	1407				hypothetical protein
EFNKBEDD_03585	CDS	171				hypothetical protein
EFNKBEDD_03586	CDS	123				hypothetical protein
EFNKBEDD_03587	CDS	228				hypothetical protein
EFNKBEDD_03588	CDS	423	fitB_3	3.1.-.-		Toxin FitB
EFNKBEDD_03589	CDS	555				hypothetical protein
EFNKBEDD_03590	CDS	405				hypothetical protein
EFNKBEDD_03591	CDS	1314				hypothetical protein
EFNKBEDD_03592	CDS	768	plsY	2.3.1.275	COG0344	Glycerol-3-phosphate acyltransferase
EFNKBEDD_03593	CDS	975	gshB	6.3.2.3	COG0189	Glutathione synthetase
EFNKBEDD_03594	CDS	573				hypothetical protein
EFNKBEDD_03595	CDS	942				hypothetical protein
EFNKBEDD_03596	CDS	1152				hypothetical protein
EFNKBEDD_03597	CDS	3564				hypothetical protein
EFNKBEDD_03598	CDS	2958				hypothetical protein
EFNKBEDD_03599	CDS	132	psbN			Protein PsbN
EFNKBEDD_03600	CDS	204	psbH			Photosystem II reaction center protein H
EFNKBEDD_03601	CDS	294	tatA_2			Sec-independent protein translocase protein TatA
EFNKBEDD_03602	CDS	645	pth	3.1.1.29		Peptidyl-tRNA hydrolase
EFNKBEDD_03603	CDS	264				hypothetical protein
EFNKBEDD_03604	CDS	870				hypothetical protein
EFNKBEDD_03605	CDS	705	apaH	3.6.1.41		Bis(5'-nucleosyl)-tetraphosphatase, symmetrical
EFNKBEDD_03606	CDS	837				hypothetical protein
EFNKBEDD_03607	CDS	1398	yagG		COG2211	Putative glycoside/cation symporter YagG
EFNKBEDD_03608	CDS	525	gpt	2.4.2.22		Xanthine phosphoribosyltransferase
EFNKBEDD_03609	CDS	1641		2.7.8.-		Cardiolipin synthase
EFNKBEDD_03610	CDS	183	rpsU1		COG0828	30S ribosomal protein S21 A
EFNKBEDD_03611	CDS	660				hypothetical protein
EFNKBEDD_03612	CDS	348				hypothetical protein
EFNKBEDD_03613	CDS	270				hypothetical protein
EFNKBEDD_03614	CDS	390	yabJ	3.5.99.10	COG0251	2-iminobutanoate/2-iminopropanoate deaminase
EFNKBEDD_03615	CDS	432				hypothetical protein
EFNKBEDD_03616	CDS	1518	malQ	2.4.1.25	COG1640	4-alpha-glucanotransferase
EFNKBEDD_03617	CDS	825				hypothetical protein
EFNKBEDD_03618	CDS	798	rluB	5.4.99.22	COG1187	Ribosomal large subunit pseudouridine synthase B
EFNKBEDD_03619	CDS	1371	sphS	2.7.13.3	COG0642	Sensor protein SphS
EFNKBEDD_03620	CDS	762	sphR_2		COG0745	Alkaline phosphatase synthesis transcriptional regulatory protein SphR
EFNKBEDD_03621	CDS	450				hypothetical protein
EFNKBEDD_03622	CDS	1230	nifS	2.8.1.7	COG1104	Cysteine desulfurase NifS
EFNKBEDD_03623	CDS	936	nfuA_1			Fe/S biogenesis protein NfuA
EFNKBEDD_03624	CDS	825	nifH1	1.18.6.1		Nitrogenase iron protein 1
EFNKBEDD_03625	CDS	387	glnB_2		COG0347	Nitrogen regulatory protein P-II
EFNKBEDD_03626	CDS	411	glnB_3		COG0347	Nitrogen regulatory protein P-II
EFNKBEDD_03627	CDS	1656	nifD_1	1.18.6.1		Nitrogenase molybdenum-iron protein alpha chain
EFNKBEDD_03628	CDS	843	nifK_1	1.18.6.1		Nitrogenase molybdenum-iron protein beta chain
EFNKBEDD_03629	CDS	585	nifK_2	1.18.6.1		Nitrogenase molybdenum-iron protein beta chain
EFNKBEDD_03630	CDS	318				Ferredoxin, 2Fe-2S
EFNKBEDD_03631	CDS	1350	nifD_2	1.18.6.1		Nitrogenase molybdenum-iron protein alpha chain
EFNKBEDD_03632	CDS	1395	nifK_3	1.18.6.1		Nitrogenase molybdenum-iron protein beta chain
EFNKBEDD_03633	CDS	1062	nifB	4.-.-.-	COG0535	FeMo cofactor biosynthesis protein NifB
EFNKBEDD_03634	CDS	741	cysE	2.3.1.30	COG1045	Serine acetyltransferase
EFNKBEDD_03635	CDS	1164	frbC	2.3.3.19		2-phosphonomethylmalate synthase
EFNKBEDD_03636	CDS	303				hypothetical protein
EFNKBEDD_03637	CDS	783	modA		COG0725	Molybdate-binding protein ModA
EFNKBEDD_03638	CDS	210	mopA		COG2005	Molybdenum-pterin-binding protein MopA
EFNKBEDD_03639	CDS	1863	btuD_7	7.6.2.8		Vitamin B12 import ATP-binding protein BtuD
EFNKBEDD_03640	CDS	2598				hypothetical protein
EFNKBEDD_03641	CDS	228				hypothetical protein
EFNKBEDD_03642	CDS	618	cbiC_2	5.4.99.60	COG2082	Cobalt-precorrin-8 methylmutase
EFNKBEDD_03643	CDS	804				hypothetical protein
EFNKBEDD_03644	CDS	507				hypothetical protein
EFNKBEDD_03645	CDS	417				hypothetical protein
EFNKBEDD_03646	CDS	306				hypothetical protein
EFNKBEDD_03647	CDS	2292				hypothetical protein
EFNKBEDD_03648	CDS	909				Epimerase family protein
EFNKBEDD_03649	CDS	3231	rcsC_73	2.7.13.3		Sensor histidine kinase RcsC
EFNKBEDD_03650	CDS	483				hypothetical protein
EFNKBEDD_03651	CDS	1518				hypothetical protein
EFNKBEDD_03652	CDS	417				hypothetical protein
EFNKBEDD_03653	CDS	282				hypothetical protein
EFNKBEDD_03654	CDS	222				hypothetical protein
EFNKBEDD_03655	CDS	234				hypothetical protein
EFNKBEDD_03656	CDS	219				hypothetical protein
EFNKBEDD_03657	CDS	195				hypothetical protein
EFNKBEDD_03658	CDS	147				hypothetical protein
EFNKBEDD_03659	CDS	447			COG3385	IS4 family transposase ISSysp2
EFNKBEDD_03660	CDS	177				hypothetical protein
EFNKBEDD_03661	CDS	144				hypothetical protein
EFNKBEDD_03662	CDS	564				hypothetical protein
EFNKBEDD_03663	CDS	2079				hypothetical protein
EFNKBEDD_03664	CDS	429				hypothetical protein
EFNKBEDD_03665	CDS	243				hypothetical protein
EFNKBEDD_03666	CDS	3099	ppc	4.1.1.31	COG2352	Phosphoenolpyruvate carboxylase
EFNKBEDD_03667	CDS	231				hypothetical protein
EFNKBEDD_03668	CDS	366				hypothetical protein
EFNKBEDD_03669	CDS	1881			COG1132	putative ABC transporter ATP-binding protein
EFNKBEDD_03670	CDS	549	nudF_1	3.6.1.13	COG0494	ADP-ribose pyrophosphatase
EFNKBEDD_03671	CDS	228				hypothetical protein
EFNKBEDD_03672	CDS	210				hypothetical protein
EFNKBEDD_03673	CDS	555		1.11.1.15		Peroxiredoxin
EFNKBEDD_03674	CDS	258	purS	6.3.5.3	COG1828	Phosphoribosylformylglycinamidine synthase subunit PurS
EFNKBEDD_03675	CDS	669	purQ	6.3.5.3	COG0047	Phosphoribosylformylglycinamidine synthase subunit PurQ
EFNKBEDD_03676	CDS	2202	rcsC_74	2.7.13.3		Sensor histidine kinase RcsC
EFNKBEDD_03677	CDS	540				hypothetical protein
EFNKBEDD_03678	CDS	711				hypothetical protein
EFNKBEDD_03679	CDS	945	rluD	5.4.99.23	COG0564	Ribosomal large subunit pseudouridine synthase D
EFNKBEDD_03680	CDS	765	cpcG_1			Phycobilisome rod-core linker polypeptide CpcG
EFNKBEDD_03681	CDS	1293	eno	4.2.1.11	COG0148	Enolase
EFNKBEDD_03682	CDS	387	gloA	4.4.1.5	COG0346	Lactoylglutathione lyase
EFNKBEDD_03683	CDS	1707				hypothetical protein
EFNKBEDD_03684	CDS	2733	mdtC_3			Multidrug resistance protein MdtC
EFNKBEDD_03685	CDS	336				hypothetical protein
EFNKBEDD_03686	CDS	735				hypothetical protein
EFNKBEDD_03687	CDS	873				hypothetical protein
EFNKBEDD_03688	CDS	777	hisF	4.3.2.10	COG0107	Imidazole glycerol phosphate synthase subunit HisF
EFNKBEDD_03689	CDS	315				hypothetical protein
EFNKBEDD_03690	CDS	369	hupR1_2		COG2204	Hydrogenase transcriptional regulatory protein hupR1
EFNKBEDD_03691	CDS	342				hypothetical protein
EFNKBEDD_03692	CDS	687	menG	2.1.1.163		Demethylmenaquinone methyltransferase
EFNKBEDD_03693	CDS	1230				hypothetical protein
EFNKBEDD_03694	CDS	408	atzF	3.5.1.54		Allophanate hydrolase
EFNKBEDD_03695	CDS	573	lepB	3.4.21.89	COG0681	Signal peptidase I
EFNKBEDD_03696	CDS	579				hypothetical protein
EFNKBEDD_03697	CDS	582				hypothetical protein
EFNKBEDD_03698	CDS	420				hypothetical protein
EFNKBEDD_03699	CDS	1638	alsS	2.2.1.6	COG0028	Acetolactate synthase
EFNKBEDD_03700	CDS	1368	gabD1	1.2.1.79	COG1012	Succinate-semialdehyde dehydrogenase [NADP(+)] 1
EFNKBEDD_03701	CDS	1191	lhgD	1.1.5.-	COG0579	L-2-hydroxyglutarate dehydrogenase
EFNKBEDD_03702	CDS	3546	metH	2.1.1.13	COG0646	Methionine synthase
EFNKBEDD_03703	CDS	957				hypothetical protein
EFNKBEDD_03704	CDS	774				hypothetical protein
EFNKBEDD_03705	CDS	342				hypothetical protein
EFNKBEDD_03706	CDS	339				hypothetical protein
EFNKBEDD_03707	CDS	594				hypothetical protein
EFNKBEDD_03708	CDS	381	phoP_3		COG0745	Alkaline phosphatase synthesis transcriptional regulatory protein PhoP
EFNKBEDD_03709	CDS	1410				hypothetical protein
EFNKBEDD_03710	CDS	3156	rcsC_75	2.7.13.3		Sensor histidine kinase RcsC
EFNKBEDD_03711	CDS	1425				hypothetical protein
EFNKBEDD_03712	CDS	2058				hypothetical protein
EFNKBEDD_03713	CDS	636				hypothetical protein
EFNKBEDD_03714	CDS	357				hypothetical protein
EFNKBEDD_03715	CDS	510				hypothetical protein
EFNKBEDD_03716	CDS	918	COQ5_8	2.1.1.163		2-methoxy-6-polyprenyl-1,4-benzoquinol methylase, mitochondrial
EFNKBEDD_03717	CDS	942				hypothetical protein
EFNKBEDD_03718	CDS	684				hypothetical protein
EFNKBEDD_03719	CDS	696				hypothetical protein
EFNKBEDD_03720	CDS	489	accB		COG0511	Biotin carboxyl carrier protein of acetyl-CoA carboxylase
EFNKBEDD_03721	CDS	561	efp		COG0231	Elongation factor P
EFNKBEDD_03722	CDS	1365	argJ		COG1364	Arginine biosynthesis bifunctional protein ArgJ
EFNKBEDD_03723	CDS	1485	gatB	6.3.5.-	COG0064	Aspartyl/glutamyl-tRNA(Asn/Gln) amidotransferase subunit B
EFNKBEDD_03724	CDS	1395	pbuG		COG2252	Guanine/hypoxanthine permease PbuG
EFNKBEDD_03725	CDS	390				hypothetical protein
EFNKBEDD_03726	CDS	3285	sasA_21	2.7.-.-		Adaptive-response sensory-kinase SasA
EFNKBEDD_03727	CDS	456	rcp1			Response regulator rcp1
EFNKBEDD_03728	CDS	2016				hypothetical protein
EFNKBEDD_03729	CDS	1167	sasA_22	2.7.-.-		Adaptive-response sensory-kinase SasA
EFNKBEDD_03730	CDS	363				hypothetical protein
EFNKBEDD_03731	CDS	2289	relA	2.7.6.5	COG0317	GTP pyrophosphokinase
EFNKBEDD_03732	CDS	1440	selO	2.7.7.-		Protein adenylyltransferase SelO
EFNKBEDD_03733	CDS	2256	rcsC_76	2.7.13.3		Sensor histidine kinase RcsC
EFNKBEDD_03734	CDS	186				hypothetical protein
EFNKBEDD_03735	CDS	837				hypothetical protein
EFNKBEDD_03736	CDS	597				hypothetical protein
EFNKBEDD_03737	CDS	360				hypothetical protein
EFNKBEDD_03738	CDS	2109				hypothetical protein
EFNKBEDD_03739	CDS	660				hypothetical protein
EFNKBEDD_03740	CDS	438				hypothetical protein
EFNKBEDD_03741	CDS	900				hypothetical protein
EFNKBEDD_03742	CDS	1395				hypothetical protein
EFNKBEDD_03743	CDS	843				hypothetical protein
EFNKBEDD_03744	CDS	390				hypothetical protein
EFNKBEDD_03745	CDS	1179	queA	2.4.99.17	COG0809	S-adenosylmethionine:tRNA ribosyltransferase-isomerase
EFNKBEDD_03746	CDS	663	ycf3_13			Photosystem I assembly protein Ycf3
EFNKBEDD_03747	CDS	1269	rcsC_77	2.7.13.3		Sensor histidine kinase RcsC
EFNKBEDD_03748	CDS	669	rcsC_78	2.7.13.3		Sensor histidine kinase RcsC
EFNKBEDD_03749	CDS	174				hypothetical protein
EFNKBEDD_03750	CDS	330	cya	4.6.1.1	COG2114	Adenylate cyclase
EFNKBEDD_03751	CDS	687				hypothetical protein
EFNKBEDD_03752	CDS	255	nfuA_2			Fe/S biogenesis protein NfuA
EFNKBEDD_03753	CDS	636				hypothetical protein
EFNKBEDD_03754	CDS	1809	ymdB	3.1.1.106		O-acetyl-ADP-ribose deacetylase
EFNKBEDD_03755	CDS	180				hypothetical protein
EFNKBEDD_03756	CDS	681	bioD1	6.3.3.3	COG0132	ATP-dependent dethiobiotin synthetase BioD 1
EFNKBEDD_03757	CDS	687				hypothetical protein
EFNKBEDD_03758	CDS	90				hypothetical protein
EFNKBEDD_03759	CDS	1755	sasA_23	2.7.-.-		Adaptive-response sensory-kinase SasA
EFNKBEDD_03760	CDS	1248	cpdA_3	3.1.4.53		3',5'-cyclic adenosine monophosphate phosphodiesterase CpdA
EFNKBEDD_03761	CDS	456	rppH	3.6.1.-		RNA pyrophosphohydrolase
EFNKBEDD_03762	CDS	186				hypothetical protein
EFNKBEDD_03763	CDS	1392	argH	4.3.2.1	COG0165	Argininosuccinate lyase
EFNKBEDD_03764	CDS	201				hypothetical protein
EFNKBEDD_03765	CDS	1407				hypothetical protein
EFNKBEDD_03766	CDS	6132				hypothetical protein
EFNKBEDD_03767	CDS	168				hypothetical protein
EFNKBEDD_03768	CDS	348				hypothetical protein
EFNKBEDD_03769	CDS	831				hypothetical protein
EFNKBEDD_03770	CDS	900				hypothetical protein
EFNKBEDD_03771	CDS	1386				hypothetical protein
EFNKBEDD_03772	CDS	897	rarD_1		COG2962	Protein RarD
EFNKBEDD_03773	CDS	1149				hypothetical protein
EFNKBEDD_03774	CDS	213				hypothetical protein
EFNKBEDD_03775	CDS	1260	ycf3_14			Photosystem I assembly protein Ycf3
EFNKBEDD_03776	CDS	1359				hypothetical protein
EFNKBEDD_03777	CDS	1014				hypothetical protein
EFNKBEDD_03778	CDS	1719	yheS		COG0488	putative ABC transporter ATP-binding protein YheS
EFNKBEDD_03779	CDS	267				hypothetical protein
EFNKBEDD_03780	CDS	1356				hypothetical protein
EFNKBEDD_03781	CDS	1434				hypothetical protein
EFNKBEDD_03782	CDS	447				hypothetical protein
EFNKBEDD_03783	CDS	246				hypothetical protein
EFNKBEDD_03784	CDS	1530				hypothetical protein
EFNKBEDD_03785	CDS	201				hypothetical protein
EFNKBEDD_03786	CDS	756	sfsA		COG1489	Sugar fermentation stimulation protein A
EFNKBEDD_03787	CDS	438				hypothetical protein
EFNKBEDD_03788	CDS	192	hrcA_1			Heat-inducible transcription repressor HrcA
EFNKBEDD_03789	CDS	942	hrcA_2			Heat-inducible transcription repressor HrcA
EFNKBEDD_03790	CDS	1776	sasA_24	2.7.-.-		Adaptive-response sensory-kinase SasA
EFNKBEDD_03791	CDS	2220				hypothetical protein
EFNKBEDD_03792	CDS	315				hypothetical protein
EFNKBEDD_03793	CDS	744				hypothetical protein
EFNKBEDD_03794	CDS	447				hypothetical protein
EFNKBEDD_03795	CDS	387				hypothetical protein
EFNKBEDD_03796	CDS	210				hypothetical protein
EFNKBEDD_03797	CDS	1002				hypothetical protein
EFNKBEDD_03798	CDS	687				hypothetical protein
EFNKBEDD_03799	CDS	342				hypothetical protein
EFNKBEDD_03800	CDS	474				IS630 family transposase ISMae21
EFNKBEDD_03801	CDS	303				hypothetical protein
EFNKBEDD_03802	CDS	357				hypothetical protein
EFNKBEDD_03803	CDS	558				IS630 family transposase ISAtsp7
EFNKBEDD_03804	CDS	399				hypothetical protein
EFNKBEDD_03805	CDS	2475	tolB_7			Tol-Pal system protein TolB
EFNKBEDD_03806	CDS	729				hypothetical protein
EFNKBEDD_03807	CDS	399			COG3385	IS4 family transposase ISAcma19
EFNKBEDD_03808	CDS	465				hypothetical protein
EFNKBEDD_03809	CDS	324				hypothetical protein
EFNKBEDD_03810	CDS	918	dpnM	2.1.1.72		Modification methylase DpnIIA
EFNKBEDD_03811	CDS	1290				hypothetical protein
EFNKBEDD_03812	CDS	1989				hypothetical protein
EFNKBEDD_03813	CDS	513	moaC	4.6.1.17	COG0315	Cyclic pyranopterin monophosphate synthase
EFNKBEDD_03814	tRNA	74				tRNA-Arg(acg)
EFNKBEDD_03815	CDS	135				hypothetical protein
EFNKBEDD_03816	CDS	720				hypothetical protein
EFNKBEDD_03817	CDS	216				hypothetical protein
EFNKBEDD_03818	CDS	153				hypothetical protein
EFNKBEDD_03819	CDS	387				hypothetical protein
EFNKBEDD_03820	CDS	267				IS630 family transposase ISMae21
EFNKBEDD_03821	CDS	399				hypothetical protein
EFNKBEDD_03822	CDS	558				IS630 family transposase ISAtsp7
EFNKBEDD_03823	CDS	417				hypothetical protein
EFNKBEDD_03824	CDS	525				hypothetical protein
EFNKBEDD_03825	CDS	177				hypothetical protein
EFNKBEDD_03826	CDS	1593				hypothetical protein
EFNKBEDD_03827	CDS	1872				hypothetical protein
EFNKBEDD_03828	CDS	1131	trpD2	2.4.2.18	COG0547	Anthranilate phosphoribosyltransferase 2
EFNKBEDD_03829	CDS	627				hypothetical protein
EFNKBEDD_03830	CDS	1083	psbA2_2	1.10.3.9		Photosystem II protein D1 2
EFNKBEDD_03831	CDS	963	fbiC_2		COG1060	FO synthase
EFNKBEDD_03832	tRNA	72				tRNA-Cys(gca)
EFNKBEDD_03833	CDS	1341	pmbA	3.4.-.-	COG0312	Metalloprotease PmbA
EFNKBEDD_03834	CDS	1479	tldD_2	3.4.-.-	COG0312	Metalloprotease TldD
EFNKBEDD_03835	CDS	1311				hypothetical protein
EFNKBEDD_03836	CDS	651	udk_2	2.7.1.48		Uridine kinase
EFNKBEDD_03837	CDS	363				hypothetical protein
EFNKBEDD_03838	CDS	348				hypothetical protein
EFNKBEDD_03839	CDS	1491	cysG_2	4.99.1.4		Siroheme synthase
EFNKBEDD_03840	CDS	252				hypothetical protein
EFNKBEDD_03841	CDS	288				hypothetical protein
EFNKBEDD_03842	CDS	258				hypothetical protein
EFNKBEDD_03843	CDS	336				hypothetical protein
EFNKBEDD_03844	CDS	198				hypothetical protein
EFNKBEDD_03845	CDS	423				hypothetical protein
EFNKBEDD_03846	CDS	357			COG0316	Protein
EFNKBEDD_03847	CDS	1509				hypothetical protein
EFNKBEDD_03848	CDS	495	putC	1.2.1.88	COG1012	1-pyrroline-5-carboxylate dehydrogenase 2
EFNKBEDD_03849	CDS	2487	rocA	1.2.1.88		1-pyrroline-5-carboxylate dehydrogenase
EFNKBEDD_03850	CDS	174				hypothetical protein
EFNKBEDD_03851	CDS	2175	katG	1.11.1.21	COG0376	Catalase-peroxidase
EFNKBEDD_03852	CDS	435				hypothetical protein
EFNKBEDD_03853	CDS	339				hypothetical protein
EFNKBEDD_03854	CDS	393				hypothetical protein
EFNKBEDD_03855	CDS	807				hypothetical protein
EFNKBEDD_03856	CDS	558				IS630 family transposase ISAtsp7
EFNKBEDD_03857	CDS	399				hypothetical protein
EFNKBEDD_03858	CDS	828				hypothetical protein
EFNKBEDD_03859	CDS	1029	pyrC_2	3.5.2.3	COG0418	Dihydroorotase
EFNKBEDD_03860	CDS	1668			COG1292	Glycine betaine/proline/choline transporter
EFNKBEDD_03861	CDS	624	COQ3_6	2.1.1.222		Ubiquinone biosynthesis O-methyltransferase, mitochondrial
EFNKBEDD_03862	CDS	384				hypothetical protein
EFNKBEDD_03863	CDS	219				hypothetical protein
EFNKBEDD_03864	CDS	228				hypothetical protein
EFNKBEDD_03865	CDS	468				hypothetical protein
EFNKBEDD_03866	CDS	543				hypothetical protein
EFNKBEDD_03867	CDS	303				hypothetical protein
EFNKBEDD_03868	CDS	666				hypothetical protein
EFNKBEDD_03869	CDS	1335	gabR		COG1167	HTH-type transcriptional regulatory protein GabR
EFNKBEDD_03870	CDS	1185				hypothetical protein
EFNKBEDD_03871	CDS	696	ribD_1		COG0117	Riboflavin biosynthesis protein RibD
EFNKBEDD_03872	CDS	774	sigF		COG1191	RNA polymerase sigma-F factor
EFNKBEDD_03873	CDS	1197				hypothetical protein
EFNKBEDD_03874	CDS	786				hypothetical protein
EFNKBEDD_03875	CDS	2235				hypothetical protein
EFNKBEDD_03876	CDS	981				hypothetical protein
EFNKBEDD_03877	CDS	120				hypothetical protein
EFNKBEDD_03878	CDS	861				hypothetical protein
EFNKBEDD_03879	CDS	816				hypothetical protein
EFNKBEDD_03880	CDS	585				hypothetical protein
EFNKBEDD_03881	CDS	252				hypothetical protein
EFNKBEDD_03882	CDS	1089	mraY	2.7.8.13		Phospho-N-acetylmuramoyl-pentapeptide-transferase
EFNKBEDD_03883	CDS	213				hypothetical protein
EFNKBEDD_03884	CDS	228				hypothetical protein
EFNKBEDD_03885	CDS	195				hypothetical protein
EFNKBEDD_03886	CDS	1260	csd	2.8.1.7		putative cysteine desulfurase
EFNKBEDD_03887	CDS	1380	sufD		COG0719	FeS cluster assembly protein SufD
EFNKBEDD_03888	CDS	768	sufC		COG0396	putative ATP-dependent transporter SufC
EFNKBEDD_03889	CDS	1437	sufB		COG0719	FeS cluster assembly protein SufB
EFNKBEDD_03890	CDS	372	ftrC	1.8.7.2		Ferredoxin-thioredoxin reductase, catalytic chain
EFNKBEDD_03891	CDS	696				hypothetical protein
EFNKBEDD_03892	CDS	381				hypothetical protein
EFNKBEDD_03893	CDS	1272				hypothetical protein
EFNKBEDD_03894	CDS	249				hypothetical protein
EFNKBEDD_03895	CDS	318				hypothetical protein
EFNKBEDD_03896	CDS	3147	rapA	3.6.4.-		RNA polymerase-associated protein RapA
EFNKBEDD_03897	CDS	177				hypothetical protein
EFNKBEDD_03898	CDS	198				hypothetical protein
EFNKBEDD_03899	CDS	1044				hypothetical protein
EFNKBEDD_03900	CDS	591				hypothetical protein
EFNKBEDD_03901	CDS	729				hypothetical protein
EFNKBEDD_03902	CDS	585				hypothetical protein
EFNKBEDD_03903	CDS	984				hypothetical protein
EFNKBEDD_03904	CDS	1296				hypothetical protein
EFNKBEDD_03905	CDS	1359				hypothetical protein
EFNKBEDD_03906	CDS	1098			COG3385	IS4 family transposase ISSysp2
EFNKBEDD_03907	CDS	435				hypothetical protein
EFNKBEDD_03908	CDS	1080	fbaA_2	4.1.2.13		Fructose-bisphosphate aldolase class 2
EFNKBEDD_03909	CDS	1236	dapL_2	2.6.1.83		LL-diaminopimelate aminotransferase
EFNKBEDD_03910	CDS	996	ilvC	1.1.1.86		Ketol-acid reductoisomerase (NADP(+))
EFNKBEDD_03911	CDS	351				hypothetical protein
EFNKBEDD_03912	CDS	546				IS630 family transposase ISAtsp7
EFNKBEDD_03913	CDS	558				IS630 family transposase ISAtsp7
EFNKBEDD_03914	CDS	399				hypothetical protein
EFNKBEDD_03915	CDS	291				hypothetical protein
EFNKBEDD_03916	CDS	270				hypothetical protein
EFNKBEDD_03917	CDS	432			COG3039	IS5 family transposase ISAli12B
EFNKBEDD_03918	CDS	666				hypothetical protein
EFNKBEDD_03919	CDS	462				hypothetical protein
EFNKBEDD_03920	CDS	828				hypothetical protein
EFNKBEDD_03921	CDS	720		3.4.21.-		putative CtpA-like serine protease
EFNKBEDD_03922	CDS	555				hypothetical protein
EFNKBEDD_03923	CDS	1224	ispG	1.17.7.1	COG0821	4-hydroxy-3-methylbut-2-en-1-yl diphosphate synthase (ferredoxin)
EFNKBEDD_03924	CDS	216				hypothetical protein
EFNKBEDD_03925	tRNA	74				tRNA-Val(gac)
EFNKBEDD_03926	CDS	1179				hypothetical protein
EFNKBEDD_03927	CDS	645				hypothetical protein
EFNKBEDD_03928	CDS	267				hypothetical protein
EFNKBEDD_03929	CDS	489				hypothetical protein
EFNKBEDD_03930	CDS	261				hypothetical protein
EFNKBEDD_03931	CDS	2631				hypothetical protein
EFNKBEDD_03932	CDS	288				hypothetical protein
EFNKBEDD_03933	CDS	378				hypothetical protein
EFNKBEDD_03934	CDS	726	walR_2		COG0745	Transcriptional regulatory protein WalR
EFNKBEDD_03935	CDS	1020	plsX	2.3.1.274	COG0416	Phosphate acyltransferase
EFNKBEDD_03936	CDS	984	fabH_1	2.3.1.180	COG0332	3-oxoacyl-[acyl-carrier-protein] synthase 3
EFNKBEDD_03937	CDS	882	fabD	2.3.1.39		Malonyl CoA-acyl carrier protein transacylase
EFNKBEDD_03938	CDS	897				hypothetical protein
EFNKBEDD_03939	CDS	981	iolG_3	1.1.1.369		Inositol 2-dehydrogenase/D-chiro-inositol 3-dehydrogenase
EFNKBEDD_03940	CDS	285				hypothetical protein
EFNKBEDD_03941	CDS	420				hypothetical protein
EFNKBEDD_03942	CDS	786				hypothetical protein
EFNKBEDD_03943	CDS	399				hypothetical protein
EFNKBEDD_03944	CDS	558				IS630 family transposase ISAtsp7
EFNKBEDD_03945	CDS	594	yrdA		COG0663	Protein YrdA
EFNKBEDD_03946	CDS	510				hypothetical protein
EFNKBEDD_03947	CDS	417				hypothetical protein
EFNKBEDD_03948	CDS	369	petE		COG3794	Plastocyanin
EFNKBEDD_03949	CDS	1158				hypothetical protein
EFNKBEDD_03950	CDS	450	uspA2		COG0589	Universal stress protein A 
EFNKBEDD_03951	CDS	1077	trpD	2.4.2.18	COG0547	Anthranilate phosphoribosyltransferase
EFNKBEDD_03952	CDS	948	cmpR_2		COG0583	HTH-type transcriptional activator CmpR
EFNKBEDD_03953	CDS	1023				hypothetical protein
EFNKBEDD_03954	CDS	2829	secA		COG0653	Protein translocase subunit SecA
EFNKBEDD_03955	CDS	2316				hypothetical protein
EFNKBEDD_03956	CDS	1437				hypothetical protein
EFNKBEDD_03957	CDS	330				hypothetical protein
EFNKBEDD_03958	CDS	414				hypothetical protein
EFNKBEDD_03959	CDS	1371				hypothetical protein
EFNKBEDD_03960	CDS	198				hypothetical protein
EFNKBEDD_03961	CDS	861				hypothetical protein
EFNKBEDD_03962	CDS	228				hypothetical protein
EFNKBEDD_03963	CDS	483				hypothetical protein
EFNKBEDD_03964	CDS	873	dhaA_1	3.8.1.5		Haloalkane dehalogenase 3
EFNKBEDD_03965	CDS	396	yqgF	3.1.-.-		Putative pre-16S rRNA nuclease
EFNKBEDD_03966	CDS	462				hypothetical protein
EFNKBEDD_03967	CDS	213				hypothetical protein
EFNKBEDD_03968	CDS	1110	thiO	1.4.3.19	COG0665	Glycine oxidase
EFNKBEDD_03969	CDS	831				hypothetical protein
EFNKBEDD_03970	CDS	102				hypothetical protein
EFNKBEDD_03971	CDS	870	fls	3.4.21.-		Fervidolysin
EFNKBEDD_03972	CDS	291				hypothetical protein
EFNKBEDD_03973	CDS	549				hypothetical protein
EFNKBEDD_03974	CDS	957				hypothetical protein
EFNKBEDD_03975	CDS	240				hypothetical protein
EFNKBEDD_03976	CDS	921				hypothetical protein
EFNKBEDD_03977	CDS	1092				hypothetical protein
EFNKBEDD_03978	CDS	777				hypothetical protein
EFNKBEDD_03979	CDS	843				hypothetical protein
EFNKBEDD_03980	CDS	1596				hypothetical protein
EFNKBEDD_03981	CDS	270				hypothetical protein
EFNKBEDD_03982	CDS	5748	pknD_24	2.7.11.1		Serine/threonine-protein kinase PknD
EFNKBEDD_03983	CDS	1326				hypothetical protein
EFNKBEDD_03984	CDS	486				hypothetical protein
EFNKBEDD_03985	CDS	627	estB	3.1.1.1	COG0400	Carboxylesterase 2
EFNKBEDD_03986	CDS	2247	kefB			Glutathione-regulated potassium-efflux system protein KefB
EFNKBEDD_03987	CDS	468				hypothetical protein
EFNKBEDD_03988	CDS	1254				hypothetical protein
EFNKBEDD_03989	CDS	3579				hypothetical protein
EFNKBEDD_03990	CDS	447				hypothetical protein
EFNKBEDD_03991	CDS	285				hypothetical protein
EFNKBEDD_03992	CDS	315				hypothetical protein
EFNKBEDD_03993	CDS	651	upp_2	2.4.2.9	COG0035	Uracil phosphoribosyltransferase
EFNKBEDD_03994	CDS	459				hypothetical protein
EFNKBEDD_03995	CDS	1086	crtNb	1.14.99.44		4,4'-diapolycopene oxygenase
EFNKBEDD_03996	CDS	1866				hypothetical protein
EFNKBEDD_03997	CDS	801				hypothetical protein
EFNKBEDD_03998	CDS	291				hypothetical protein
EFNKBEDD_03999	CDS	348				hypothetical protein
EFNKBEDD_04000	CDS	390	vapC1_2	3.1.-.-		Ribonuclease VapC1
EFNKBEDD_04001	CDS	222				hypothetical protein
EFNKBEDD_04002	CDS	2874	ycf3_15			Photosystem I assembly protein Ycf3
EFNKBEDD_04003	CDS	549				hypothetical protein
EFNKBEDD_04004	CDS	1038	ribY		COG0715	Riboflavin-binding protein RibY
EFNKBEDD_04005	CDS	762	ssuB	3.6.3.-	COG1116	Aliphatic sulfonates import ATP-binding protein SsuB
EFNKBEDD_04006	CDS	801	ribX			Riboflavin transport system permease protein RibX
EFNKBEDD_04007	CDS	198				hypothetical protein
EFNKBEDD_04008	CDS	345				hypothetical protein
EFNKBEDD_04009	CDS	516				hypothetical protein
EFNKBEDD_04010	CDS	480	ispF	4.6.1.12	COG0245	2-C-methyl-D-erythritol 2,4-cyclodiphosphate synthase
EFNKBEDD_04011	CDS	204				hypothetical protein
EFNKBEDD_04012	CDS	1080				hypothetical protein
EFNKBEDD_04013	CDS	555	resA_5			Thiol-disulfide oxidoreductase ResA
EFNKBEDD_04014	CDS	729	pyrH	2.7.4.22	COG0528	Uridylate kinase
EFNKBEDD_04015	CDS	549	frr		COG0233	Ribosome-recycling factor
EFNKBEDD_04016	CDS	189				hypothetical protein
EFNKBEDD_04017	CDS	1107				hypothetical protein
EFNKBEDD_04018	CDS	612				hypothetical protein
EFNKBEDD_04019	CDS	879	yhdN_2	1.1.1.-	COG0667	Aldo-keto reductase YhdN
EFNKBEDD_04020	CDS	309				hypothetical protein
EFNKBEDD_04021	CDS	1020				hypothetical protein
EFNKBEDD_04022	CDS	225				hypothetical protein
EFNKBEDD_04023	CDS	471				hypothetical protein
EFNKBEDD_04024	CDS	1416				hypothetical protein
EFNKBEDD_04025	CDS	216				hypothetical protein
EFNKBEDD_04026	CDS	495				hypothetical protein
EFNKBEDD_04027	CDS	3144	mshA_16	2.4.1.250		D-inositol-3-phosphate glycosyltransferase
EFNKBEDD_04028	CDS	1431				hypothetical protein
EFNKBEDD_04029	CDS	807				hypothetical protein
EFNKBEDD_04030	CDS	417				hypothetical protein
EFNKBEDD_04031	CDS	1548				hypothetical protein
EFNKBEDD_04032	CDS	2226				hypothetical protein
EFNKBEDD_04033	CDS	582				hypothetical protein
EFNKBEDD_04034	CDS	1311	COQ3_7	2.1.1.222		Ubiquinone biosynthesis O-methyltransferase, mitochondrial
EFNKBEDD_04035	CDS	1380		1.18.1.2		Ferredoxin--NADP reductase
EFNKBEDD_04036	CDS	1728	bicA_2		COG0659	Bicarbonate transporter BicA
EFNKBEDD_04037	CDS	609				hypothetical protein
EFNKBEDD_04038	CDS	1125				hypothetical protein
EFNKBEDD_04039	CDS	318				Membrane-associated protein
EFNKBEDD_04040	CDS	600				hypothetical protein
EFNKBEDD_04041	CDS	798	rpsB			30S ribosomal protein S2
EFNKBEDD_04042	CDS	660	tsf			Elongation factor Ts
EFNKBEDD_04043	CDS	1062				hypothetical protein
EFNKBEDD_04044	CDS	351				hypothetical protein
EFNKBEDD_04045	CDS	507				hypothetical protein
EFNKBEDD_04046	CDS	552				hypothetical protein
EFNKBEDD_04047	CDS	855				hypothetical protein
EFNKBEDD_04048	CDS	561				hypothetical protein
EFNKBEDD_04049	CDS	2058				hypothetical protein
EFNKBEDD_04050	CDS	1110	bchI	6.6.1.1	COG1239	Magnesium-chelatase 38 kDa subunit
EFNKBEDD_04051	CDS	255				hypothetical protein
EFNKBEDD_04052	CDS	441				hypothetical protein
EFNKBEDD_04053	CDS	1806	ruvB_1	3.6.4.12		Holliday junction ATP-dependent DNA helicase RuvB
EFNKBEDD_04054	CDS	570				hypothetical protein
EFNKBEDD_04055	CDS	1107				hypothetical protein
EFNKBEDD_04056	CDS	996				hypothetical protein
EFNKBEDD_04057	CDS	312				hypothetical protein
EFNKBEDD_04058	CDS	1203				IS200/IS605 family transposase ISSoc10
EFNKBEDD_04059	CDS	4434				hypothetical protein
EFNKBEDD_04060	CDS	1716	sasA_25	2.7.-.-		Adaptive-response sensory-kinase SasA
EFNKBEDD_04061	CDS	786				hypothetical protein
EFNKBEDD_04062	CDS	585				hypothetical protein
EFNKBEDD_04063	CDS	1032				hypothetical protein
EFNKBEDD_04064	CDS	720				hypothetical protein
EFNKBEDD_04065	CDS	174				hypothetical protein
EFNKBEDD_04066	CDS	432				hypothetical protein
EFNKBEDD_04067	CDS	1500	ftsH_7	3.4.24.-		ATP-dependent zinc metalloprotease FtsH
EFNKBEDD_04068	CDS	810				hypothetical protein
EFNKBEDD_04069	CDS	300				hypothetical protein
EFNKBEDD_04070	CDS	765				hypothetical protein
EFNKBEDD_04071	CDS	1707	sasA_26	2.7.-.-		Adaptive-response sensory-kinase SasA
EFNKBEDD_04072	CDS	915	kaiA			Circadian clock protein KaiA
EFNKBEDD_04073	CDS	315	kaiB_2			Circadian clock protein KaiB
EFNKBEDD_04074	CDS	1041	kaiC_1	2.7.11.1		Circadian clock protein kinase KaiC
EFNKBEDD_04075	CDS	555	kaiC_2	2.7.11.1		Circadian clock protein kinase KaiC
EFNKBEDD_04076	CDS	387				hypothetical protein
EFNKBEDD_04077	CDS	954				IS630 family transposase ISMae26
EFNKBEDD_04078	CDS	2532				hypothetical protein
EFNKBEDD_04079	CDS	834				hypothetical protein
EFNKBEDD_04080	CDS	1221	kmo_1	1.14.13.9		Kynurenine 3-monooxygenase
EFNKBEDD_04081	CDS	129				hypothetical protein
EFNKBEDD_04082	CDS	1188				hypothetical protein
EFNKBEDD_04083	CDS	162	rd	1.-.-.-	COG1773	Rubredoxin
EFNKBEDD_04084	CDS	1230			COG2081	putative protein
EFNKBEDD_04085	CDS	612				hypothetical protein
EFNKBEDD_04086	CDS	459				hypothetical protein
EFNKBEDD_04087	CDS	1170	dnaN			Beta sliding clamp
EFNKBEDD_04088	CDS	1113	rcsC_79	2.7.13.3		Sensor histidine kinase RcsC
EFNKBEDD_04089	CDS	2496				hypothetical protein
EFNKBEDD_04090	CDS	1059				hypothetical protein
EFNKBEDD_04091	CDS	1263			COG4398	putative protein
EFNKBEDD_04092	CDS	237				hypothetical protein
EFNKBEDD_04093	CDS	726				hypothetical protein
EFNKBEDD_04094	CDS	2544				hypothetical protein
EFNKBEDD_04095	CDS	1437	alsT		COG1115	Amino-acid carrier protein AlsT
EFNKBEDD_04096	CDS	837	nylA	3.5.2.12		6-aminohexanoate-cyclic-dimer hydrolase
EFNKBEDD_04097	CDS	585	aam	3.5.1.13	COG0154	Acylamidase
EFNKBEDD_04098	CDS	828	map_1	3.4.11.18	COG0024	Methionine aminopeptidase 1
EFNKBEDD_04099	CDS	861				hypothetical protein
EFNKBEDD_04100	CDS	1008				hypothetical protein
EFNKBEDD_04101	CDS	822				hypothetical protein
EFNKBEDD_04102	CDS	1062	murG	2.4.1.227	COG0707	UDP-N-acetylglucosamine--N-acetylmuramyl-(pentapeptide) pyrophosphoryl-undecaprenol N-acetylglucosamine transferase
EFNKBEDD_04103	CDS	5598				hypothetical protein
EFNKBEDD_04104	CDS	1182				hypothetical protein
EFNKBEDD_04105	CDS	996				hypothetical protein
EFNKBEDD_04106	CDS	204				hypothetical protein
EFNKBEDD_04107	CDS	879				hypothetical protein
EFNKBEDD_04108	CDS	303	kaiB_3			Circadian clock protein KaiB
EFNKBEDD_04109	CDS	1536	kaiC_3	2.7.11.1		Circadian clock protein kinase KaiC
EFNKBEDD_04110	CDS	138				hypothetical protein
EFNKBEDD_04111	CDS	282				hypothetical protein
EFNKBEDD_04112	CDS	699				hypothetical protein
EFNKBEDD_04113	CDS	1158	yeaW	1.14.13.239	COG4638	Carnitine monooxygenase oxygenase subunit
EFNKBEDD_04114	CDS	861	MENG	2.1.1.329		2-phytyl-1,4-beta-naphthoquinone methyltransferase, chloroplastic
EFNKBEDD_04115	CDS	873				hypothetical protein
EFNKBEDD_04116	CDS	1440	rtcB_2	6.5.1.-	COG1690	RNA-splicing ligase RtcB
EFNKBEDD_04117	CDS	900	glsA2	3.5.1.2	COG2066	Glutaminase 2
EFNKBEDD_04118	CDS	600				hypothetical protein
EFNKBEDD_04119	CDS	684		3.5.1.104	COG0726	Peptidoglycan-N-acetylglucosamine deacetylase
EFNKBEDD_04120	CDS	1104	apc3	6.4.1.8	COG0145	Acetophenone carboxylase gamma subunit
EFNKBEDD_04121	CDS	2754				hypothetical protein
EFNKBEDD_04122	CDS	417				hypothetical protein
EFNKBEDD_04123	CDS	336				hypothetical protein
EFNKBEDD_04124	CDS	606				hypothetical protein
EFNKBEDD_04125	CDS	663				hypothetical protein
EFNKBEDD_04126	CDS	969				hypothetical protein
EFNKBEDD_04127	CDS	1608				hypothetical protein
EFNKBEDD_04128	CDS	615				hypothetical protein
EFNKBEDD_04129	CDS	1395	aldH1_2	1.2.1.-	COG1012	4,4'-diaponeurosporen-aldehyde dehydrogenase
EFNKBEDD_04130	CDS	1224	adhB	1.1.1.1		Alcohol dehydrogenase 2
EFNKBEDD_04131	CDS	456				hypothetical protein
EFNKBEDD_04132	CDS	1908	rpoC	2.7.7.6	COG0086	DNA-directed RNA polymerase subunit beta'
EFNKBEDD_04133	CDS	480		1.5.1.-		putative flavin reductase
EFNKBEDD_04134	CDS	351				hypothetical protein
EFNKBEDD_04135	CDS	447				hypothetical protein
EFNKBEDD_04136	CDS	963	hpr	1.1.1.81	COG1052	Hydroxypyruvate reductase
EFNKBEDD_04137	CDS	1386	ccsB			Cytochrome c biogenesis protein CcsB
EFNKBEDD_04138	CDS	738	dsbD_2	1.8.1.8		Thiol:disulfide interchange protein DsbD
EFNKBEDD_04139	CDS	336				hypothetical protein
EFNKBEDD_04140	CDS	324				hypothetical protein
EFNKBEDD_04141	CDS	546	nudF_2	3.6.1.13	COG0494	ADP-ribose pyrophosphatase
EFNKBEDD_04142	CDS	348				hypothetical protein
EFNKBEDD_04143	CDS	1230	mdrP			Na(+), Li(+), K(+)/H(+) antiporter
EFNKBEDD_04144	CDS	1116				hypothetical protein
EFNKBEDD_04145	CDS	1020				hypothetical protein
EFNKBEDD_04146	CDS	918				hypothetical protein
EFNKBEDD_04147	CDS	441	phrA_1	4.1.99.3		Deoxyribodipyrimidine photo-lyase
EFNKBEDD_04148	CDS	918	phrA_2	4.1.99.3		Deoxyribodipyrimidine photo-lyase
EFNKBEDD_04149	CDS	171				hypothetical protein
EFNKBEDD_04150	CDS	486				hypothetical protein
EFNKBEDD_04151	CDS	1809	hxuB_1		COG2831	Heme/hemopexin transporter protein HuxB
EFNKBEDD_04152	CDS	888				hypothetical protein
EFNKBEDD_04153	CDS	1005				hypothetical protein
EFNKBEDD_04154	CDS	255				hypothetical protein
EFNKBEDD_04155	CDS	2121	glgX	3.2.1.-	COG1523	Glycogen operon protein GlgX 
EFNKBEDD_04156	CDS	345			COG1366	Putative anti-sigma factor antagonist
EFNKBEDD_04157	CDS	2061				hypothetical protein
EFNKBEDD_04158	CDS	1245				L-lactate transporter
EFNKBEDD_04159	CDS	1356				hypothetical protein
EFNKBEDD_04160	CDS	1482				hypothetical protein
EFNKBEDD_04161	CDS	1191				hypothetical protein
EFNKBEDD_04162	CDS	1497				hypothetical protein
EFNKBEDD_04163	CDS	1824				hypothetical protein
EFNKBEDD_04164	CDS	594	cpcT1	4.-.-.-		Phycocyanobilin lyase CpcT
EFNKBEDD_04165	CDS	513				hypothetical protein
EFNKBEDD_04166	CDS	1113	thrC	4.2.3.1	COG0498	Threonine synthase
EFNKBEDD_04167	CDS	147				hypothetical protein
EFNKBEDD_04168	CDS	2394				hypothetical protein
EFNKBEDD_04169	CDS	1812		4.3.1.24	COG2986	Phenylalanine ammonia-lyase
EFNKBEDD_04170	CDS	1512	lcfB	6.2.1.3	COG0318	Long-chain-fatty-acid--CoA ligase
EFNKBEDD_04171	CDS	1026	aziB2	2.1.1.302		3-hydroxy-5-methyl-1-naphthoate 3-O-methyltransferase
EFNKBEDD_04172	CDS	1884	ilvB2	2.2.1.6	COG0028	Putative acetolactate synthase large subunit IlvB2
EFNKBEDD_04173	CDS	1119	fabH_2	2.3.1.180	COG0332	3-oxoacyl-[acyl-carrier-protein] synthase 3
EFNKBEDD_04174	CDS	1143	fabH_3	2.3.1.180	COG0332	3-oxoacyl-[acyl-carrier-protein] synthase 3
EFNKBEDD_04175	CDS	3018				hypothetical protein
EFNKBEDD_04176	CDS	1797				hypothetical protein
EFNKBEDD_04177	CDS	288				hypothetical protein
EFNKBEDD_04178	CDS	639				hypothetical protein
EFNKBEDD_04179	CDS	804	fetB		COG0390	putative iron export permease protein FetB
EFNKBEDD_04180	CDS	411				hypothetical protein
EFNKBEDD_04181	CDS	399				hypothetical protein
EFNKBEDD_04182	CDS	1236				hypothetical protein
EFNKBEDD_04183	CDS	507				IS630 family transposase ISAtsp7
EFNKBEDD_04184	CDS	468	smpB		COG0691	SsrA-binding protein
EFNKBEDD_04185	CDS	267				hypothetical protein
EFNKBEDD_04186	CDS	558	thpR	3.1.4.58		RNA 2',3'-cyclic phosphodiesterase
EFNKBEDD_04187	CDS	459				hypothetical protein
EFNKBEDD_04188	CDS	1395	kmo_2	1.14.13.9		Kynurenine 3-monooxygenase
EFNKBEDD_04189	CDS	570				hypothetical protein
EFNKBEDD_04190	CDS	1416	pntB	7.1.1.1	COG1282	NAD(P) transhydrogenase subunit beta
EFNKBEDD_04191	CDS	288	pntA_1	7.1.1.1	COG3288	NAD(P) transhydrogenase subunit alpha
EFNKBEDD_04192	CDS	1152	pntA_2	7.1.1.1	COG3288	NAD(P) transhydrogenase subunit alpha
EFNKBEDD_04193	CDS	204				hypothetical protein
EFNKBEDD_04194	CDS	276				hypothetical protein
EFNKBEDD_04195	CDS	381				hypothetical protein
EFNKBEDD_04196	CDS	1380				hypothetical protein
EFNKBEDD_04197	CDS	354				hypothetical protein
EFNKBEDD_04198	CDS	390				hypothetical protein
EFNKBEDD_04199	CDS	435				hypothetical protein
EFNKBEDD_04200	CDS	324				hypothetical protein
EFNKBEDD_04201	CDS	366				hypothetical protein
EFNKBEDD_04202	CDS	291				hypothetical protein
EFNKBEDD_04203	CDS	546				hypothetical protein
EFNKBEDD_04204	CDS	138	rpmH		COG0230	50S ribosomal protein L34
EFNKBEDD_04205	CDS	438	rnpA	3.1.26.5		Ribonuclease P protein component
EFNKBEDD_04206	CDS	402				hypothetical protein
EFNKBEDD_04207	CDS	1155	yidC			Membrane protein insertase YidC
EFNKBEDD_04208	CDS	492				hypothetical protein
EFNKBEDD_04209	CDS	519				hypothetical protein
EFNKBEDD_04210	CDS	1953	pknD_25	2.7.11.1		Serine/threonine-protein kinase PknD
EFNKBEDD_04211	CDS	2004	sasA_27	2.7.-.-		Adaptive-response sensory-kinase SasA
EFNKBEDD_04212	CDS	840	pstS1		COG0226	Phosphate-binding protein PstS 1
EFNKBEDD_04213	CDS	2016	sasA_28	2.7.-.-		Adaptive-response sensory-kinase SasA
EFNKBEDD_04214	CDS	231				hypothetical protein
EFNKBEDD_04215	CDS	1077	yhdW			Putative amino-acid ABC transporter-binding protein YhdW
EFNKBEDD_04216	CDS	1140				hypothetical protein
EFNKBEDD_04217	CDS	1218	yhdY		COG0765	Inner membrane amino-acid ABC transporter permease protein YhdY
EFNKBEDD_04218	CDS	792	glnQ_3			Glutamine transport ATP-binding protein GlnQ
EFNKBEDD_04219	CDS	459				hypothetical protein
EFNKBEDD_04220	CDS	561				hypothetical protein
EFNKBEDD_04221	CDS	1155	ribD_2		COG0117	Riboflavin biosynthesis protein RibD
EFNKBEDD_04222	CDS	699	blh	3.-.-.-	COG0491	Beta-lactamase hydrolase-like protein
EFNKBEDD_04223	CDS	546	ygaP		COG0607	Inner membrane protein YgaP
EFNKBEDD_04224	CDS	777				hypothetical protein
EFNKBEDD_04225	CDS	1971	rcsC_80	2.7.13.3		Sensor histidine kinase RcsC
EFNKBEDD_04226	CDS	1332				hypothetical protein
EFNKBEDD_04227	CDS	120				hypothetical protein
EFNKBEDD_04228	CDS	1452	murD	6.3.2.9		UDP-N-acetylmuramoylalanine--D-glutamate ligase
EFNKBEDD_04229	CDS	2919				hypothetical protein
EFNKBEDD_04230	CDS	240				hypothetical protein
EFNKBEDD_04231	CDS	300				hypothetical protein
EFNKBEDD_04232	CDS	408	pgi_1	5.3.1.9		Glucose-6-phosphate isomerase
EFNKBEDD_04233	CDS	1026	pgi_2	5.3.1.9	COG0166	Glucose-6-phosphate isomerase
EFNKBEDD_04234	CDS	471				hypothetical protein
EFNKBEDD_04235	CDS	207				hypothetical protein
EFNKBEDD_04236	CDS	498				hypothetical protein
EFNKBEDD_04237	CDS	483				hypothetical protein
EFNKBEDD_04238	CDS	456	sigA_2		COG0568	RNA polymerase sigma factor SigA
EFNKBEDD_04239	CDS	630	rpoD			RNA polymerase sigma factor RpoD
EFNKBEDD_04240	CDS	2562	priA	3.6.4.-		primosomal protein N'
EFNKBEDD_04241	tRNA	75				tRNA-Trp(cca)
EFNKBEDD_04242	CDS	390	rplS		COG0335	50S ribosomal protein L19
EFNKBEDD_04243	CDS	297	ycbX_1		COG0633	putative protein YcbX
EFNKBEDD_04244	CDS	537	ycbX_2		COG0633	putative protein YcbX
EFNKBEDD_04245	CDS	402				hypothetical protein
EFNKBEDD_04246	CDS	1710				hypothetical protein
EFNKBEDD_04247	CDS	558				IS630 family transposase ISAtsp7
EFNKBEDD_04248	CDS	399				hypothetical protein
EFNKBEDD_04249	CDS	2196	narB	1.7.5.1	COG0243	Nitrate reductase
EFNKBEDD_04250	CDS	1518	nrtP		COG2223	Nitrate/nitrite transporter NrtP
EFNKBEDD_04251	CDS	597				hypothetical protein
EFNKBEDD_04252	CDS	1860	sir_2	1.8.7.1	COG0155	Sulfite reductase [ferredoxin]
EFNKBEDD_04253	CDS	2133				hypothetical protein
EFNKBEDD_04254	CDS	324				hypothetical protein
EFNKBEDD_04255	CDS	945	ispE	2.7.1.148	COG1947	4-diphosphocytidyl-2-C-methyl-D-erythritol kinase
EFNKBEDD_04256	CDS	945	arnC_2	2.4.2.53		Undecaprenyl-phosphate 4-deoxy-4-formamido-L-arabinose transferase
EFNKBEDD_04257	CDS	399				hypothetical protein
EFNKBEDD_04258	CDS	783				hypothetical protein
EFNKBEDD_04259	CDS	585			COG3039	IS5 family transposase ISPmar3
EFNKBEDD_04260	CDS	138				hypothetical protein
EFNKBEDD_04261	CDS	102				hypothetical protein
EFNKBEDD_04262	CDS	99				hypothetical protein
EFNKBEDD_04263	CDS	1569				hypothetical protein
EFNKBEDD_04264	CDS	540				hypothetical protein
EFNKBEDD_04265	CDS	399				hypothetical protein
EFNKBEDD_04266	CDS	558				IS630 family transposase ISAtsp7
EFNKBEDD_04267	CDS	222				hypothetical protein
EFNKBEDD_04268	CDS	2433				hypothetical protein
EFNKBEDD_04269	CDS	858				hypothetical protein
EFNKBEDD_04270	CDS	1089				hypothetical protein
EFNKBEDD_04271	CDS	528				hypothetical protein
EFNKBEDD_04272	CDS	399				hypothetical protein
EFNKBEDD_04273	CDS	558				hypothetical protein
EFNKBEDD_04274	CDS	714				hypothetical protein
EFNKBEDD_04275	CDS	288				hypothetical protein
EFNKBEDD_04276	CDS	1137				hypothetical protein
EFNKBEDD_04277	CDS	492				hypothetical protein
EFNKBEDD_04278	CDS	225				hypothetical protein
EFNKBEDD_04279	CDS	216				hypothetical protein
EFNKBEDD_04280	CDS	576				hypothetical protein
EFNKBEDD_04281	tRNA	90				tRNA-Ser(gga)
EFNKBEDD_04282	CDS	1875				hypothetical protein
EFNKBEDD_04283	CDS	1194				hypothetical protein
EFNKBEDD_04284	CDS	744				hypothetical protein
EFNKBEDD_04285	CDS	624				hypothetical protein
EFNKBEDD_04286	CDS	468	ndhN	7.1.1.-		NAD(P)H-quinone oxidoreductase subunit N
EFNKBEDD_04287	CDS	627	tolQ_2			Tol-Pal system protein TolQ
EFNKBEDD_04288	CDS	795				hypothetical protein
EFNKBEDD_04289	CDS	474				hypothetical protein
EFNKBEDD_04290	CDS	717				hypothetical protein
EFNKBEDD_04291	CDS	1380				hypothetical protein
EFNKBEDD_04292	CDS	624				hypothetical protein
EFNKBEDD_04293	CDS	306				putative glutaredoxin
EFNKBEDD_04294	CDS	522	tadA	3.5.4.33	COG0590	tRNA-specific adenosine deaminase
EFNKBEDD_04295	CDS	1410	sasA_29	2.7.-.-		Adaptive-response sensory-kinase SasA
EFNKBEDD_04296	CDS	297				hypothetical protein
EFNKBEDD_04297	CDS	657	liaR		COG2197	Transcriptional regulatory protein LiaR
EFNKBEDD_04298	CDS	702				hypothetical protein
EFNKBEDD_04299	CDS	300				hypothetical protein
EFNKBEDD_04300	CDS	888	Dml	4.1.3.32		2,3-dimethylmalate lyase
EFNKBEDD_04301	CDS	186				hypothetical protein
EFNKBEDD_04302	CDS	216				hypothetical protein
EFNKBEDD_04303	CDS	1146	recF_5		COG1195	DNA replication and repair protein RecF
EFNKBEDD_04304	CDS	597				hypothetical protein
EFNKBEDD_04305	CDS	2382	pal			Peptidoglycan-associated lipoprotein
EFNKBEDD_04306	CDS	516				hypothetical protein
EFNKBEDD_04307	CDS	1236				hypothetical protein
EFNKBEDD_04308	CDS	582				hypothetical protein
EFNKBEDD_04309	CDS	354				hypothetical protein
EFNKBEDD_04310	CDS	705				hypothetical protein
EFNKBEDD_04311	CDS	1260				hypothetical protein
EFNKBEDD_04312	CDS	420				hypothetical protein
EFNKBEDD_04313	CDS	1278	ahcY	3.3.1.1	COG0499	Adenosylhomocysteinase
EFNKBEDD_04314	CDS	705				hypothetical protein
EFNKBEDD_04315	CDS	369				hypothetical protein
EFNKBEDD_04316	CDS	3804				hypothetical protein
EFNKBEDD_04317	CDS	108				hypothetical protein
EFNKBEDD_04318	CDS	399				hypothetical protein
EFNKBEDD_04319	CDS	558				IS630 family transposase ISAtsp7
EFNKBEDD_04320	CDS	438				hypothetical protein
EFNKBEDD_04321	CDS	1176	soxA_1	1.5.3.1		Monomeric sarcosine oxidase
EFNKBEDD_04322	CDS	894	mntB_1			Manganese transport system membrane protein MntB
EFNKBEDD_04323	CDS	543				hypothetical protein
EFNKBEDD_04324	CDS	783	mntB_2		COG1121	Manganese transport system ATP-binding protein MntB
EFNKBEDD_04325	CDS	960	yfeA		COG0803	Periplasmic chelated iron-binding protein YfeA
EFNKBEDD_04326	CDS	486				hypothetical protein
EFNKBEDD_04327	CDS	171				hypothetical protein
EFNKBEDD_04328	CDS	849	znuB		COG1108	High-affinity zinc uptake system membrane protein ZnuB
EFNKBEDD_04329	CDS	774	znuC	7.2.2.-	COG1121	Zinc import ATP-binding protein ZnuC
EFNKBEDD_04330	CDS	1158				hypothetical protein
EFNKBEDD_04331	CDS	1767				hypothetical protein
EFNKBEDD_04332	tRNA	91				tRNA-Ser(cga)
EFNKBEDD_04333	CDS	342				hypothetical protein
EFNKBEDD_04334	CDS	2709				hypothetical protein
EFNKBEDD_04335	CDS	1296	purB	4.3.2.2	COG0015	Adenylosuccinate lyase
EFNKBEDD_04336	CDS	879				hypothetical protein
EFNKBEDD_04337	CDS	873				hypothetical protein
EFNKBEDD_04338	CDS	450				hypothetical protein
EFNKBEDD_04339	CDS	1749	menD	2.2.1.9	COG1165	2-succinyl-5-enolpyruvyl-6-hydroxy-3-cyclohexene-1-carboxylate synthase
EFNKBEDD_04340	CDS	912	menA_2	2.5.1.74	COG1575	1,4-dihydroxy-2-naphthoate octaprenyltransferase
EFNKBEDD_04341	CDS	612				hypothetical protein
EFNKBEDD_04342	CDS	1173				hypothetical protein
EFNKBEDD_04343	CDS	1308	hisD	1.1.1.23		Histidinol dehydrogenase
EFNKBEDD_04344	CDS	207				hypothetical protein
EFNKBEDD_04345	CDS	783	dtd3	3.1.1.96		D-aminoacyl-tRNA deacylase
EFNKBEDD_04346	CDS	3324	rpoB	2.7.7.6	COG0085	DNA-directed RNA polymerase subunit beta
EFNKBEDD_04347	CDS	4290	rpoC2	2.7.7.6		DNA-directed RNA polymerase subunit beta'
EFNKBEDD_04348	CDS	171				hypothetical protein
EFNKBEDD_04349	CDS	1089	ald2	1.4.1.1		Alanine dehydrogenase 2
EFNKBEDD_04350	CDS	123	psbY			Photosystem II protein Y
EFNKBEDD_04351	CDS	765	rsmG	2.1.1.-	COG0357	Ribosomal RNA small subunit methyltransferase G
EFNKBEDD_04352	CDS	1782				hypothetical protein
EFNKBEDD_04353	CDS	393				hypothetical protein
EFNKBEDD_04354	CDS	2013				hypothetical protein
EFNKBEDD_04355	CDS	609				hypothetical protein
EFNKBEDD_04356	CDS	651				hypothetical protein
EFNKBEDD_04357	CDS	600				hypothetical protein
EFNKBEDD_04358	CDS	360				hypothetical protein
EFNKBEDD_04359	CDS	669				hypothetical protein
EFNKBEDD_04360	CDS	2313				hypothetical protein
EFNKBEDD_04361	CDS	201				hypothetical protein
EFNKBEDD_04362	CDS	189				hypothetical protein
EFNKBEDD_04363	CDS	228				hypothetical protein
EFNKBEDD_04364	CDS	639				hypothetical protein
EFNKBEDD_04365	CDS	459				hypothetical protein
EFNKBEDD_04366	CDS	603				hypothetical protein
EFNKBEDD_04367	CDS	1527				hypothetical protein
EFNKBEDD_04368	CDS	2484				hypothetical protein
EFNKBEDD_04369	CDS	1779				hypothetical protein
EFNKBEDD_04370	CDS	222				hypothetical protein
EFNKBEDD_04371	CDS	546				IS630 family transposase ISAtsp7
EFNKBEDD_04372	CDS	558				IS630 family transposase ISAtsp7
EFNKBEDD_04373	CDS	399				hypothetical protein
EFNKBEDD_04374	CDS	483				hypothetical protein
EFNKBEDD_04375	CDS	1197				hypothetical protein
EFNKBEDD_04376	CDS	333				hypothetical protein
EFNKBEDD_04377	CDS	714	tlyA	2.1.1.226	COG1189	16S/23S rRNA (cytidine-2'-O)-methyltransferase TlyA
EFNKBEDD_04378	CDS	708				hypothetical protein
EFNKBEDD_04379	CDS	1653				hypothetical protein
EFNKBEDD_04380	CDS	93				hypothetical protein
EFNKBEDD_04381	CDS	1104	pyrD	1.3.5.2	COG0167	Dihydroorotate dehydrogenase (quinone)
EFNKBEDD_04382	CDS	2871				hypothetical protein
EFNKBEDD_04383	CDS	1167				hypothetical protein
EFNKBEDD_04384	CDS	1815	msbA_1	7.5.2.6	COG1132	Lipid A export ATP-binding/permease protein MsbA
EFNKBEDD_04385	CDS	1149				hypothetical protein
EFNKBEDD_04386	CDS	987				hypothetical protein
EFNKBEDD_04387	CDS	165				hypothetical protein
EFNKBEDD_04388	CDS	1695	asnO_1	6.3.5.4	COG0367	Asparagine synthetase [glutamine-hydrolyzing] 3
EFNKBEDD_04389	CDS	291				hypothetical protein
EFNKBEDD_04390	CDS	246				hypothetical protein
EFNKBEDD_04391	CDS	1728	dfa3_2	1.-.-.-	COG0426	Putative diflavin flavoprotein A 3
EFNKBEDD_04392	CDS	624	cobO	2.5.1.17		Corrinoid adenosyltransferase
EFNKBEDD_04393	CDS	2382				hypothetical protein
EFNKBEDD_04394	CDS	231				hypothetical protein
EFNKBEDD_04395	CDS	1152				hypothetical protein
EFNKBEDD_04396	CDS	2787	rcsC_81	2.7.13.3		Sensor histidine kinase RcsC
EFNKBEDD_04397	CDS	810				hypothetical protein
EFNKBEDD_04398	CDS	162	cpcS_3	4.-.-.-		Chromophore lyase CpcS/CpeS
EFNKBEDD_04399	CDS	366	cpcS1	4.-.-.-		Phycocyanobilin lyase CpcS 1
EFNKBEDD_04400	CDS	975				hypothetical protein
EFNKBEDD_04401	CDS	624	cpeT	4.-.-.-		putative phycoerythrobilin lyase CpeT
EFNKBEDD_04402	CDS	564	cpeS	4.-.-.-		Putative phycoerythrobilin lyase CpeS
EFNKBEDD_04403	CDS	573				hypothetical protein
EFNKBEDD_04404	CDS	873	cpeC			Phycobilisome 31.8 kDa linker polypeptide, phycoerythrin-associated, rod
EFNKBEDD_04405	CDS	582	cpcS_4	4.-.-.-		Chromophore lyase CpcS/CpeS
EFNKBEDD_04406	CDS	522	apcD_2			Allophycocyanin subunit alpha-B
EFNKBEDD_04407	CDS	216				hypothetical protein
EFNKBEDD_04408	CDS	660				hypothetical protein
EFNKBEDD_04409	CDS	1173				IS200/IS605 family transposase ISMae41
EFNKBEDD_04410	CDS	1971				hypothetical protein
EFNKBEDD_04411	CDS	738	pebA	1.3.7.2		15,16-dihydrobiliverdin:ferredoxin oxidoreductase
EFNKBEDD_04412	CDS	747	pcyA_2	1.3.7.5		Phycocyanobilin:ferredoxin oxidoreductase
EFNKBEDD_04413	CDS	519	cpcB			C-phycocyanin beta chain
EFNKBEDD_04414	CDS	489	cpcA			C-phycocyanin alpha chain
EFNKBEDD_04415	CDS	843	cpcE	4.-.-.-	COG1413	Phycocyanobilin lyase subunit alpha
EFNKBEDD_04416	CDS	291	cpcF_1	4.-.-.-	COG1413	Phycocyanobilin lyase subunit beta
EFNKBEDD_04417	CDS	381	cpcF_2	4.-.-.-	COG1413	Phycocyanobilin lyase subunit beta
EFNKBEDD_04418	CDS	129				hypothetical protein
EFNKBEDD_04419	CDS	294	psbF			Cytochrome b559 subunit beta
EFNKBEDD_04420	CDS	282	psbE_2			Cytochrome b559 subunit alpha
EFNKBEDD_04421	CDS	261				hypothetical protein
EFNKBEDD_04422	CDS	2010				hypothetical protein
EFNKBEDD_04423	CDS	249				hypothetical protein
EFNKBEDD_04424	CDS	1830				hypothetical protein
EFNKBEDD_04425	CDS	450				hypothetical protein
EFNKBEDD_04426	tRNA	73				tRNA-Phe(gaa)
EFNKBEDD_04427	CDS	693				hypothetical protein
EFNKBEDD_04428	CDS	1416				hypothetical protein
EFNKBEDD_04429	CDS	687				hypothetical protein
EFNKBEDD_04430	tRNA	73				tRNA-Met(cat)
EFNKBEDD_04431	CDS	513				hypothetical protein
EFNKBEDD_04432	CDS	396				hypothetical protein
EFNKBEDD_04433	CDS	732				hypothetical protein
EFNKBEDD_04434	CDS	846				hypothetical protein
EFNKBEDD_04435	CDS	1530	zwf2	1.1.1.49	COG0364	Glucose-6-phosphate 1-dehydrogenase 2
EFNKBEDD_04436	CDS	1041	fbp	3.1.3.11	COG0158	Fructose-1,6-bisphosphatase class 1
EFNKBEDD_04437	CDS	852				hypothetical protein
EFNKBEDD_04438	CDS	774	hisA	5.3.1.16	COG0106	1-(5-phosphoribosyl)-5-[(5-phosphoribosylamino)methylideneamino] imidazole-4-carboxamide isomerase
EFNKBEDD_04439	CDS	372				hypothetical protein
EFNKBEDD_04440	CDS	360				hypothetical protein
EFNKBEDD_04441	CDS	312				hypothetical protein
EFNKBEDD_04442	CDS	879				hypothetical protein
EFNKBEDD_04443	CDS	399				hypothetical protein
EFNKBEDD_04444	CDS	558				IS630 family transposase ISAtsp7
EFNKBEDD_04445	CDS	699				hypothetical protein
EFNKBEDD_04446	CDS	1365				hypothetical protein
EFNKBEDD_04447	CDS	489				hypothetical protein
EFNKBEDD_04448	CDS	243				hypothetical protein
EFNKBEDD_04449	CDS	414				hypothetical protein
EFNKBEDD_04450	CDS	573				hypothetical protein
	CRISPR	1986				
EFNKBEDD_04451	CDS	273	cas2_2	3.1.-.-		CRISPR-associated endoribonuclease Cas2
EFNKBEDD_04452	CDS	1005	cas1_2	3.1.-.-	COG1518	CRISPR-associated endonuclease Cas1
EFNKBEDD_04453	CDS	1014				hypothetical protein
EFNKBEDD_04454	CDS	987				hypothetical protein
EFNKBEDD_04455	CDS	399				hypothetical protein
EFNKBEDD_04456	CDS	558				IS630 family transposase ISAtsp7
EFNKBEDD_04457	CDS	435				hypothetical protein
EFNKBEDD_04458	CDS	5388	pknD_26	2.7.11.1		Serine/threonine-protein kinase PknD
EFNKBEDD_04459	CDS	1380	gnd	1.1.1.44	COG0362	6-phosphogluconate dehydrogenase, decarboxylating
EFNKBEDD_04460	CDS	1587				hypothetical protein
EFNKBEDD_04461	CDS	3573				hypothetical protein
EFNKBEDD_04462	CDS	1923				hypothetical protein
EFNKBEDD_04463	CDS	174				hypothetical protein
EFNKBEDD_04464	CDS	90				hypothetical protein
EFNKBEDD_04465	CDS	246				hypothetical protein
EFNKBEDD_04466	CDS	174				hypothetical protein
EFNKBEDD_04467	CDS	234				hypothetical protein
EFNKBEDD_04468	CDS	339				hypothetical protein
EFNKBEDD_04469	CDS	1233	ftsH_8	3.4.24.-		ATP-dependent zinc metalloprotease FtsH
EFNKBEDD_04470	CDS	513				hypothetical protein
EFNKBEDD_04471	CDS	174				hypothetical protein
EFNKBEDD_04472	CDS	432				hypothetical protein
EFNKBEDD_04473	CDS	558				IS630 family transposase ISAtsp7
EFNKBEDD_04474	CDS	255				hypothetical protein
EFNKBEDD_04475	CDS	768				hypothetical protein
EFNKBEDD_04476	CDS	1674				hypothetical protein
EFNKBEDD_04477	CDS	477				hypothetical protein
EFNKBEDD_04478	CDS	1377	pcxA			Proton extrusion protein PcxA
EFNKBEDD_04479	CDS	930				Inward rectifier potassium channel Kirbac3.1
EFNKBEDD_04480	CDS	465				hypothetical protein
EFNKBEDD_04481	CDS	6411				hypothetical protein
EFNKBEDD_04482	CDS	822	yadH		COG0842	Inner membrane transport permease YadH
EFNKBEDD_04483	CDS	717	rph	2.7.7.56	COG0689	Ribonuclease PH
EFNKBEDD_04484	CDS	567	adk_2	2.7.4.3	COG0563	Adenylate kinase
EFNKBEDD_04485	CDS	171				hypothetical protein
EFNKBEDD_04486	CDS	597				hypothetical protein
EFNKBEDD_04487	CDS	1350				hypothetical protein
EFNKBEDD_04488	CDS	603				hypothetical protein
EFNKBEDD_04489	CDS	678				hypothetical protein
EFNKBEDD_04490	CDS	690				hypothetical protein
EFNKBEDD_04491	CDS	591				hypothetical protein
EFNKBEDD_04492	CDS	405				hypothetical protein
EFNKBEDD_04493	CDS	861				hypothetical protein
EFNKBEDD_04494	CDS	1308				hypothetical protein
EFNKBEDD_04495	CDS	726	yhhW	1.13.11.24	COG1741	Quercetin 2,3-dioxygenase
EFNKBEDD_04496	CDS	342	ytcD		COG1733	putative HTH-type transcriptional regulator YtcD
EFNKBEDD_04497	CDS	969				hypothetical protein
EFNKBEDD_04498	CDS	2475				hypothetical protein
EFNKBEDD_04499	CDS	1614				hypothetical protein
EFNKBEDD_04500	CDS	1224				hypothetical protein
EFNKBEDD_04501	CDS	405	hisB_2	3.1.3.15		Histidine biosynthesis bifunctional protein HisB
EFNKBEDD_04502	CDS	231				hypothetical protein
EFNKBEDD_04503	CDS	177				hypothetical protein
EFNKBEDD_04504	CDS	960	rfaQ	2.-.-.-	COG0859	Lipopolysaccharide core heptosyltransferase RfaQ
EFNKBEDD_04505	CDS	165				hypothetical protein
EFNKBEDD_04506	CDS	171				hypothetical protein
EFNKBEDD_04507	CDS	1227	hemW			Heme chaperone HemW
EFNKBEDD_04508	CDS	1377	glmU		COG1207	Bifunctional protein GlmU
EFNKBEDD_04509	CDS	246	psaC	1.97.1.12	COG1145	Photosystem I iron-sulfur center
EFNKBEDD_04510	CDS	1419	leuC	4.2.1.33	COG0065	3-isopropylmalate dehydratase large subunit
EFNKBEDD_04511	CDS	342	panD	4.1.1.11	COG0853	Aspartate 1-decarboxylase
EFNKBEDD_04512	CDS	723				hypothetical protein
EFNKBEDD_04513	CDS	1050	ddl	6.3.2.4		D-alanine--D-alanine ligase
EFNKBEDD_04514	CDS	252				hypothetical protein
EFNKBEDD_04515	CDS	1020	gap1	1.2.1.12	COG0057	Glyceraldehyde-3-phosphate dehydrogenase 1
EFNKBEDD_04516	CDS	1656	pckA	4.1.1.49	COG1866	Phosphoenolpyruvate carboxykinase (ATP)
EFNKBEDD_04517	CDS	1644				hypothetical protein
EFNKBEDD_04518	CDS	3237				hypothetical protein
EFNKBEDD_04519	CDS	1425	pyk_1	2.7.1.40		Pyruvate kinase
EFNKBEDD_04520	CDS	291				hypothetical protein
EFNKBEDD_04521	CDS	1077				hypothetical protein
EFNKBEDD_04522	CDS	975				hypothetical protein
EFNKBEDD_04523	CDS	474				hypothetical protein
EFNKBEDD_04524	CDS	399				hypothetical protein
EFNKBEDD_04525	CDS	558				IS630 family transposase ISAtsp7
EFNKBEDD_04526	CDS	915				hypothetical protein
EFNKBEDD_04527	CDS	204				hypothetical protein
EFNKBEDD_04528	CDS	321				hypothetical protein
EFNKBEDD_04529	CDS	3966				hypothetical protein
EFNKBEDD_04530	CDS	654	nth	4.2.99.18	COG0177	Endonuclease III
EFNKBEDD_04531	CDS	981	hmuU		COG0609	Hemin transport system permease protein HmuU
EFNKBEDD_04532	CDS	1194				hypothetical protein
EFNKBEDD_04533	tRNA	82				tRNA-Tyr(gta)
EFNKBEDD_04534	tRNA	72				tRNA-Thr(ggt)
EFNKBEDD_04535	CDS	237				hypothetical protein
EFNKBEDD_04536	CDS	522				hypothetical protein
EFNKBEDD_04537	CDS	378				hypothetical protein
EFNKBEDD_04538	CDS	3075				hypothetical protein
EFNKBEDD_04539	CDS	285				hypothetical protein
EFNKBEDD_04540	CDS	1254				hypothetical protein
EFNKBEDD_04541	CDS	849				IS630 family transposase ISMae21
EFNKBEDD_04542	CDS	330				hypothetical protein
EFNKBEDD_04543	CDS	156				hypothetical protein
EFNKBEDD_04544	CDS	306				hypothetical protein
EFNKBEDD_04545	CDS	1434	dbpA_2	3.6.4.13		ATP-dependent RNA helicase DbpA
EFNKBEDD_04546	CDS	309				hypothetical protein
EFNKBEDD_04547	CDS	1638	ppx	3.6.1.11	COG0248	Exopolyphosphatase
EFNKBEDD_04548	CDS	2985				hypothetical protein
EFNKBEDD_04549	CDS	2382				hypothetical protein
EFNKBEDD_04550	CDS	1236	metZ	2.5.1.-		O-succinylhomoserine sulfhydrylase
EFNKBEDD_04551	CDS	822				hypothetical protein
EFNKBEDD_04552	CDS	1428	sasA_30	2.7.-.-		Adaptive-response sensory-kinase SasA
EFNKBEDD_04553	CDS	276				hypothetical protein
EFNKBEDD_04554	CDS	3909				hypothetical protein
EFNKBEDD_04555	CDS	963	rsmF	2.1.1.178		Ribosomal RNA small subunit methyltransferase F
EFNKBEDD_04556	CDS	789				hypothetical protein
EFNKBEDD_04557	CDS	534	rsmD	2.1.1.171	COG0742	Ribosomal RNA small subunit methyltransferase D
EFNKBEDD_04558	CDS	1416	adhE_2		COG1012	Aldehyde-alcohol dehydrogenase
EFNKBEDD_04559	CDS	732	paaF	4.2.1.17	COG1024	2,3-dehydroadipyl-CoA hydratase
EFNKBEDD_04560	CDS	1071	dpgA	2.3.1.246		3,5-dihydroxyphenylacetyl-CoA synthase
EFNKBEDD_04561	CDS	702	fadJ	5.1.2.3		Fatty acid oxidation complex subunit alpha
EFNKBEDD_04562	CDS	1023	tcmN	2.1.1.-		Multifunctional cyclase-dehydratase-3-O-methyl transferase TcmN
EFNKBEDD_04563	CDS	501				hypothetical protein
EFNKBEDD_04564	CDS	873	glyQ	6.1.1.14	COG0752	Glycine--tRNA ligase alpha subunit
EFNKBEDD_04565	CDS	567				hypothetical protein
EFNKBEDD_04566	CDS	363				hypothetical protein
EFNKBEDD_04567	CDS	354				hypothetical protein
EFNKBEDD_04568	CDS	372				hypothetical protein
EFNKBEDD_04569	CDS	936	clpB1_2		COG0542	Chaperone protein ClpB 1
EFNKBEDD_04570	CDS	1647	clpB1_3		COG0542	Chaperone protein ClpB 1
EFNKBEDD_04571	CDS	576				hypothetical protein
EFNKBEDD_04572	CDS	171				hypothetical protein
EFNKBEDD_04573	CDS	615				hypothetical protein
EFNKBEDD_04574	CDS	1968				hypothetical protein
EFNKBEDD_04575	CDS	471				hypothetical protein
EFNKBEDD_04576	CDS	111				hypothetical protein
EFNKBEDD_04577	CDS	189				hypothetical protein
EFNKBEDD_04578	CDS	216				hypothetical protein
EFNKBEDD_04579	CDS	2058				hypothetical protein
EFNKBEDD_04580	CDS	1026	aguA_2	3.5.3.12	COG2957	Agmatine deiminase
EFNKBEDD_04581	CDS	114				hypothetical protein
EFNKBEDD_04582	CDS	579				hypothetical protein
EFNKBEDD_04583	CDS	1008	moaA_3	4.1.99.22	COG2896	GTP 3',8-cyclase
EFNKBEDD_04584	CDS	186				hypothetical protein
EFNKBEDD_04585	CDS	174				hypothetical protein
EFNKBEDD_04586	CDS	375				hypothetical protein
EFNKBEDD_04587	CDS	1410		1.1.1.38		NAD-dependent malic enzyme
EFNKBEDD_04588	CDS	651				hypothetical protein
EFNKBEDD_04589	CDS	663				hypothetical protein
EFNKBEDD_04590	CDS	342				hypothetical protein
EFNKBEDD_04591	CDS	600				hypothetical protein
EFNKBEDD_04592	CDS	3351				hypothetical protein
EFNKBEDD_04593	CDS	228	mnmG_1			tRNA uridine 5-carboxymethylaminomethyl modification enzyme MnmG
EFNKBEDD_04594	CDS	1680	mnmG_2			tRNA uridine 5-carboxymethylaminomethyl modification enzyme MnmG
EFNKBEDD_04595	CDS	2139	kinE	2.7.13.3	COG2202	Sporulation kinase E
EFNKBEDD_04596	CDS	1260	ycf3_16			Photosystem I assembly protein Ycf3
EFNKBEDD_04597	CDS	408				hypothetical protein
EFNKBEDD_04598	CDS	330				hypothetical protein
EFNKBEDD_04599	CDS	831	araQ		COG0395	L-arabinose transport system permease protein AraQ
EFNKBEDD_04600	CDS	615	trmB	2.1.1.33	COG0220	tRNA (guanine-N(7)-)-methyltransferase
EFNKBEDD_04601	CDS	1875	uvrC		COG0322	UvrABC system protein C
EFNKBEDD_04602	CDS	1299	hom	1.1.1.3	COG0460	Homoserine dehydrogenase
EFNKBEDD_04603	CDS	570				hypothetical protein
EFNKBEDD_04604	CDS	546				IS630 family transposase ISAtsp7
EFNKBEDD_04605	CDS	558				IS630 family transposase ISAtsp7
EFNKBEDD_04606	CDS	399				hypothetical protein
EFNKBEDD_04607	CDS	999	pyrB	2.1.3.2	COG0540	Aspartate carbamoyltransferase
EFNKBEDD_04608	CDS	621	ctaE	1.9.3.1	COG1845	putative cytochrome c oxidase subunit 3
EFNKBEDD_04609	CDS	1659	ctaD	1.9.3.1	COG0843	Cytochrome c oxidase subunit 1
EFNKBEDD_04610	CDS	999				hypothetical protein
EFNKBEDD_04611	CDS	912	ctaA	1.3.-.-		Heme A synthase
EFNKBEDD_04612	CDS	984	ctaB	2.5.1.141	COG0109	Protoheme IX farnesyltransferase
EFNKBEDD_04613	CDS	603				hypothetical protein
EFNKBEDD_04614	CDS	1449				hypothetical protein
EFNKBEDD_04615	CDS	1209	auaG	1.14.13.222		Aurachin C monooxygenase/isomerase
EFNKBEDD_04616	CDS	228				hypothetical protein
EFNKBEDD_04617	CDS	630				hypothetical protein
EFNKBEDD_04618	CDS	1659	pknD_27	2.7.11.1		Serine/threonine-protein kinase PknD
EFNKBEDD_04619	CDS	348				hypothetical protein
EFNKBEDD_04620	CDS	954	folD			Bifunctional protein FolD protein
EFNKBEDD_04621	CDS	909		2.5.1.10		Farnesyl diphosphate synthase
EFNKBEDD_04622	CDS	459				hypothetical protein
EFNKBEDD_04623	CDS	630	phnE		COG3639	Phosphate-import permease protein PhnE
EFNKBEDD_04624	CDS	258				hypothetical protein
EFNKBEDD_04625	CDS	918	htxB			putative phosphite transport system-binding protein HtxB
EFNKBEDD_04626	CDS	375				hypothetical protein
EFNKBEDD_04627	CDS	306	metK_1	2.5.1.6		S-adenosylmethionine synthase
EFNKBEDD_04628	CDS	789	metK_2	2.5.1.6	COG0192	S-adenosylmethionine synthase
EFNKBEDD_04629	CDS	741	gph	3.1.3.18	COG0546	Phosphoglycolate phosphatase
EFNKBEDD_04630	CDS	1116	rpsA_2		COG0539	30S ribosomal protein S1
EFNKBEDD_04631	CDS	492	ribH	2.5.1.78	COG0054	6,7-dimethyl-8-ribityllumazine synthase
EFNKBEDD_04632	CDS	189	psbZ			Photosystem II reaction center protein Z
EFNKBEDD_04633	CDS	537				hypothetical protein
EFNKBEDD_04634	CDS	1581				hypothetical protein
EFNKBEDD_04635	CDS	666				putative protein
EFNKBEDD_04636	CDS	180				hypothetical protein
EFNKBEDD_04637	CDS	525				putative protein
EFNKBEDD_04638	CDS	795				putative protein
EFNKBEDD_04639	CDS	681				hypothetical protein
EFNKBEDD_04640	CDS	597				hypothetical protein
EFNKBEDD_04641	CDS	933	soj	3.6.-.-	COG1192	Sporulation initiation inhibitor protein Soj
EFNKBEDD_04642	CDS	669				hypothetical protein
EFNKBEDD_04643	CDS	987	cbs_2	4.2.1.22	COG0031	Putative cystathionine beta-synthase
EFNKBEDD_04644	CDS	723	prmC_2	2.1.1.297		Release factor glutamine methyltransferase
EFNKBEDD_04645	CDS	345				hypothetical protein
EFNKBEDD_04646	CDS	417				hypothetical protein
EFNKBEDD_04647	CDS	279				hypothetical protein
EFNKBEDD_04648	CDS	666	radA_1	3.6.4.-	COG1066	DNA repair protein RadA
EFNKBEDD_04649	CDS	897	radA_2	3.6.4.-	COG1066	DNA repair protein RadA
EFNKBEDD_04650	CDS	633				hypothetical protein
EFNKBEDD_04651	CDS	5856				hypothetical protein
EFNKBEDD_04652	CDS	288				hypothetical protein
EFNKBEDD_04653	CDS	780				hypothetical protein
EFNKBEDD_04654	CDS	903	mutM	3.2.2.23	COG0266	Formamidopyrimidine-DNA glycosylase
EFNKBEDD_04655	CDS	207	psaE			Photosystem I reaction center subunit IV
EFNKBEDD_04656	CDS	594				hypothetical protein
EFNKBEDD_04657	CDS	1080				hypothetical protein
EFNKBEDD_04658	CDS	981				hypothetical protein
EFNKBEDD_04659	CDS	336				hypothetical protein
EFNKBEDD_04660	CDS	261	clpS_2			ATP-dependent Clp protease adapter protein ClpS
EFNKBEDD_04661	CDS	243				hypothetical protein
EFNKBEDD_04662	CDS	582				hypothetical protein
EFNKBEDD_04663	CDS	1377	ipdC	4.1.1.74	COG3961	Indole-3-pyruvate decarboxylase
EFNKBEDD_04664	CDS	1566	gsiB		COG0747	Glutathione-binding protein GsiB
EFNKBEDD_04665	CDS	3363	bepE			Efflux pump membrane transporter BepE
EFNKBEDD_04666	CDS	1428	mdtA_5			Multidrug resistance protein MdtA
EFNKBEDD_04667	CDS	2325				hypothetical protein
EFNKBEDD_04668	CDS	1080				hypothetical protein
EFNKBEDD_04669	CDS	1122				hypothetical protein
EFNKBEDD_04670	CDS	486				hypothetical protein
EFNKBEDD_04671	CDS	972	hepT	2.5.1.30	COG0142	Heptaprenyl diphosphate synthase component 2
EFNKBEDD_04672	CDS	126				hypothetical protein
EFNKBEDD_04673	CDS	450				hypothetical protein
EFNKBEDD_04674	CDS	1158				hypothetical protein
EFNKBEDD_04675	CDS	2382				hypothetical protein
EFNKBEDD_04676	CDS	897	rarD_2		COG2962	Protein RarD
EFNKBEDD_04677	CDS	909	menH_4	4.2.99.20		2-succinyl-6-hydroxy-2,4-cyclohexadiene-1-carboxylate synthase
EFNKBEDD_04678	CDS	930	glpQ	3.1.4.46	COG0584	Glycerophosphodiester phosphodiesterase, periplasmic
EFNKBEDD_04679	CDS	1062	cobD_2	4.1.1.81	COG0079	Threonine-phosphate decarboxylase
EFNKBEDD_04680	CDS	288	hup		COG0776	DNA-binding protein HU
EFNKBEDD_04681	CDS	354				hypothetical protein
EFNKBEDD_04682	CDS	1896				hypothetical protein
EFNKBEDD_04683	CDS	327				Ferredoxin
EFNKBEDD_04684	CDS	294	petF			Ferredoxin-1
EFNKBEDD_04685	CDS	1518	trpE	4.1.3.27	COG0147	Anthranilate synthase component 1
EFNKBEDD_04686	CDS	246				hypothetical protein
EFNKBEDD_04687	CDS	744				hypothetical protein
EFNKBEDD_04688	CDS	951	uppP	3.6.1.27	COG1968	Undecaprenyl-diphosphatase
EFNKBEDD_04689	CDS	1398				hypothetical protein
EFNKBEDD_04690	CDS	417				hypothetical protein
EFNKBEDD_04691	CDS	1038				hypothetical protein
EFNKBEDD_04692	CDS	423				hypothetical protein
EFNKBEDD_04693	CDS	309				hypothetical protein
EFNKBEDD_04694	CDS	909	rnc_3	3.1.26.3		Ribonuclease 3
EFNKBEDD_04695	CDS	912	murQ	4.2.1.126	COG2103	N-acetylmuramic acid 6-phosphate etherase
EFNKBEDD_04696	CDS	402				hypothetical protein
EFNKBEDD_04697	CDS	6327				hypothetical protein
EFNKBEDD_04698	CDS	915				hypothetical protein
EFNKBEDD_04699	CDS	819	hcaB_2	1.3.1.87		3-phenylpropionate-dihydrodiol/cinnamic acid-dihydrodiol dehydrogenase
EFNKBEDD_04700	CDS	576				hypothetical protein
EFNKBEDD_04701	CDS	693				hypothetical protein
EFNKBEDD_04702	CDS	267				hypothetical protein
EFNKBEDD_04703	CDS	225				hypothetical protein
EFNKBEDD_04704	CDS	1332	pknD_28	2.7.11.1		Serine/threonine-protein kinase PknD
EFNKBEDD_04705	CDS	264				hypothetical protein
EFNKBEDD_04706	CDS	405		3.1.-.-	COG3744	Ribonuclease VapC22
EFNKBEDD_04707	CDS	1713	mutL			DNA mismatch repair protein MutL
EFNKBEDD_04708	CDS	783				hypothetical protein
EFNKBEDD_04709	CDS	1407	pknD_29	2.7.11.1		Serine/threonine-protein kinase PknD
EFNKBEDD_04710	CDS	2913				hypothetical protein
EFNKBEDD_04711	CDS	951				hypothetical protein
EFNKBEDD_04712	CDS	2151	recQ	3.6.4.12	COG0514	ATP-dependent DNA helicase RecQ
EFNKBEDD_04713	CDS	627				hypothetical protein
EFNKBEDD_04714	CDS	462				hypothetical protein
EFNKBEDD_04715	CDS	516				hypothetical protein
EFNKBEDD_04716	CDS	966	arnC_3	2.4.2.53		Undecaprenyl-phosphate 4-deoxy-4-formamido-L-arabinose transferase
EFNKBEDD_04717	CDS	1065				hypothetical protein
EFNKBEDD_04718	CDS	147				hypothetical protein
EFNKBEDD_04719	CDS	1458				hypothetical protein
EFNKBEDD_04720	CDS	918	auaH	1.1.1.394		Aurachin B dehydrogenase
EFNKBEDD_04721	CDS	576				hypothetical protein
EFNKBEDD_04722	CDS	1527	algC	5.4.2.2	COG1109	Phosphomannomutase/phosphoglucomutase
EFNKBEDD_04723	CDS	654				hypothetical protein
EFNKBEDD_04724	CDS	360				hypothetical protein
EFNKBEDD_04725	CDS	237				hypothetical protein
EFNKBEDD_04726	CDS	252				hypothetical protein
EFNKBEDD_04727	CDS	384				hypothetical protein
EFNKBEDD_04728	CDS	348				hypothetical protein
EFNKBEDD_04729	CDS	705				hypothetical protein
EFNKBEDD_04730	CDS	519				hypothetical protein
EFNKBEDD_04731	CDS	831				hypothetical protein
EFNKBEDD_04732	CDS	1671	pyrG	6.3.4.2		CTP synthase
EFNKBEDD_04733	CDS	429				hypothetical protein
EFNKBEDD_04734	CDS	1236	sqr	1.8.5.4	COG0446	Sulfide-quinone reductase
EFNKBEDD_04735	CDS	864				hypothetical protein
EFNKBEDD_04736	CDS	576				hypothetical protein
EFNKBEDD_04737	CDS	525				hypothetical protein
EFNKBEDD_04738	CDS	660				hypothetical protein
EFNKBEDD_04739	CDS	576				hypothetical protein
EFNKBEDD_04740	CDS	1536	merA_2	1.16.1.1		Mercuric reductase
EFNKBEDD_04741	CDS	741				hypothetical protein
EFNKBEDD_04742	CDS	1056				hypothetical protein
EFNKBEDD_04743	CDS	384	saeR			Response regulator SaeR
EFNKBEDD_04744	CDS	930				hypothetical protein
EFNKBEDD_04745	CDS	1041	yjiA_2	3.6.-.-	COG0523	P-loop guanosine triphosphatase YjiA
EFNKBEDD_04746	CDS	312				hypothetical protein
EFNKBEDD_04747	CDS	354				hypothetical protein
EFNKBEDD_04748	CDS	948				hypothetical protein
EFNKBEDD_04749	CDS	846	ecfA3_2	3.6.3.-	COG1122	Energy-coupling factor transporter ATP-binding protein EcfA3
EFNKBEDD_04750	CDS	801				hypothetical protein
EFNKBEDD_04751	CDS	318	cbiN			Cobalt transport protein CbiN
EFNKBEDD_04752	CDS	768	cbiM_2		COG0310	Cobalt transport protein CbiM
EFNKBEDD_04753	CDS	930				hypothetical protein
EFNKBEDD_04754	CDS	2025				hypothetical protein
EFNKBEDD_04755	CDS	213				hypothetical protein
EFNKBEDD_04756	CDS	729				hypothetical protein
EFNKBEDD_04757	CDS	297				hypothetical protein
EFNKBEDD_04758	CDS	660	yfkO	1.-.-.-	COG0778	Putative NAD(P)H nitroreductase YfkO
EFNKBEDD_04759	CDS	1146				hypothetical protein
EFNKBEDD_04760	CDS	1212				hypothetical protein
EFNKBEDD_04761	CDS	996				hypothetical protein
EFNKBEDD_04762	CDS	855				hypothetical protein
EFNKBEDD_04763	CDS	9399				hypothetical protein
EFNKBEDD_04764	CDS	465				hypothetical protein
EFNKBEDD_04765	CDS	267				hypothetical protein
EFNKBEDD_04766	CDS	2400				hypothetical protein
EFNKBEDD_04767	CDS	1014				hypothetical protein
EFNKBEDD_04768	CDS	447				hypothetical protein
EFNKBEDD_04769	CDS	762				hypothetical protein
EFNKBEDD_04770	CDS	150				hypothetical protein
EFNKBEDD_04771	CDS	456				hypothetical protein
EFNKBEDD_04772	CDS	153				hypothetical protein
EFNKBEDD_04773	CDS	771	cbiF	2.1.1.271	COG2875	Cobalt-precorrin-4 C(11)-methyltransferase
EFNKBEDD_04774	CDS	810				hypothetical protein
EFNKBEDD_04775	CDS	1359	dnaB	3.6.4.12		Replicative DNA helicase
EFNKBEDD_04776	CDS	459	rplI			50S ribosomal protein L9
EFNKBEDD_04777	CDS	774	gloB	3.1.2.6	COG0491	Hydroxyacylglutathione hydrolase GloB
EFNKBEDD_04778	CDS	210				hypothetical protein
EFNKBEDD_04779	CDS	1206	mshA_17	2.4.1.250		D-inositol-3-phosphate glycosyltransferase
EFNKBEDD_04780	CDS	2013	hepA		COG1132	Heterocyst differentiation ATP-binding protein HepA
EFNKBEDD_04781	CDS	1287				hypothetical protein
EFNKBEDD_04782	CDS	1116				hypothetical protein
EFNKBEDD_04783	CDS	1116				hypothetical protein
EFNKBEDD_04784	CDS	2679	dhbF		COG1020	Dimodular nonribosomal peptide synthase
EFNKBEDD_04785	CDS	822				hypothetical protein
EFNKBEDD_04786	CDS	1488	patA_3	2.3.1.-	COG1696	Peptidoglycan O-acetyltransferase
EFNKBEDD_04787	CDS	1110				hypothetical protein
EFNKBEDD_04788	CDS	162				hypothetical protein
EFNKBEDD_04789	CDS	1029				hypothetical protein
EFNKBEDD_04790	CDS	1014				hypothetical protein
EFNKBEDD_04791	CDS	915				hypothetical protein
EFNKBEDD_04792	CDS	951	wbgU	5.1.3.7		UDP-N-acetylglucosamine 4-epimerase
EFNKBEDD_04793	CDS	597	cbiT	2.1.1.196	COG2242	Cobalt-precorrin-6B C(15)-methyltransferase (decarboxylating)
EFNKBEDD_04794	CDS	1485	speA_2	4.1.1.19	COG1982	Arginine decarboxylase
EFNKBEDD_04795	CDS	1092	ychF		COG0012	Ribosome-binding ATPase YchF
EFNKBEDD_04796	CDS	417				hypothetical protein
EFNKBEDD_04797	CDS	432	sufE		COG2166	Cysteine desulfuration protein SufE
EFNKBEDD_04798	CDS	600	mog	2.7.7.75	COG0521	Molybdopterin adenylyltransferase
EFNKBEDD_04799	CDS	4896	ycf3_17			Photosystem I assembly protein Ycf3
EFNKBEDD_04800	CDS	576				hypothetical protein
EFNKBEDD_04801	CDS	732	PGdx	1.11.1.15	COG0678	Hybrid peroxiredoxin hyPrx5
EFNKBEDD_04802	CDS	1554	aspS_1	6.1.1.12		Aspartate--tRNA ligase
EFNKBEDD_04803	CDS	282	aspS_2	6.1.1.12		Aspartate--tRNA ligase
EFNKBEDD_04804	CDS	732				hypothetical protein
EFNKBEDD_04805	CDS	2724	ycf3_18			Photosystem I assembly protein Ycf3
EFNKBEDD_04806	CDS	1467				hypothetical protein
EFNKBEDD_04807	CDS	4026	cobN_2	6.6.1.2		Aerobic cobaltochelatase subunit CobN
EFNKBEDD_04808	CDS	2265	rcsC_82	2.7.13.3		Sensor histidine kinase RcsC
EFNKBEDD_04809	CDS	705	nanE	5.1.3.9		Putative N-acetylmannosamine-6-phosphate 2-epimerase
EFNKBEDD_04810	CDS	570	yceD_2		COG2310	General stress protein 16U
EFNKBEDD_04811	CDS	3267	rcsC_83	2.7.13.3		Sensor histidine kinase RcsC
EFNKBEDD_04812	CDS	417				hypothetical protein
EFNKBEDD_04813	CDS	636				hypothetical protein
EFNKBEDD_04814	CDS	813				hypothetical protein
EFNKBEDD_04815	CDS	1194				hypothetical protein
EFNKBEDD_04816	CDS	627				hypothetical protein
EFNKBEDD_04817	CDS	645				hypothetical protein
EFNKBEDD_04818	CDS	2760				hypothetical protein
EFNKBEDD_04819	CDS	1230				hypothetical protein
EFNKBEDD_04820	CDS	1794	btuD_8	7.6.2.8		Vitamin B12 import ATP-binding protein BtuD
EFNKBEDD_04821	CDS	639	ybiX	1.14.11.-		PKHD-type hydroxylase YbiX
EFNKBEDD_04822	CDS	1815	asnO_2	6.3.5.4	COG0367	Asparagine synthetase [glutamine-hydrolyzing] 3
EFNKBEDD_04823	CDS	165				hypothetical protein
EFNKBEDD_04824	CDS	1041				hypothetical protein
EFNKBEDD_04825	CDS	345				hypothetical protein
EFNKBEDD_04826	CDS	198				hypothetical protein
EFNKBEDD_04827	CDS	183				hypothetical protein
EFNKBEDD_04828	CDS	1071				hypothetical protein
EFNKBEDD_04829	CDS	774				hypothetical protein
EFNKBEDD_04830	CDS	1236	bioI	1.14.14.46	COG2124	Biotin biosynthesis cytochrome P450
EFNKBEDD_04831	CDS	216				hypothetical protein
EFNKBEDD_04832	CDS	1194	soxA_2	1.5.3.1		Monomeric sarcosine oxidase
EFNKBEDD_04833	CDS	1458	cobB	6.3.5.9	COG1797	Hydrogenobyrinate a,c-diamide synthase
EFNKBEDD_04834	CDS	1218				hypothetical protein
EFNKBEDD_04835	CDS	627				hypothetical protein
EFNKBEDD_04836	CDS	2196				hypothetical protein
EFNKBEDD_04837	CDS	474				hypothetical protein
EFNKBEDD_04838	CDS	777				hypothetical protein
EFNKBEDD_04839	CDS	1029	gmd_3	4.2.1.47	COG1089	GDP-mannose 4,6-dehydratase
EFNKBEDD_04840	CDS	951	fcl_3	1.1.1.271	COG0451	GDP-L-fucose synthase
EFNKBEDD_04841	CDS	426				hypothetical protein
EFNKBEDD_04842	CDS	117				hypothetical protein
EFNKBEDD_04843	CDS	759		3.8.1.3	COG0596	Fluoroacetate dehalogenase
EFNKBEDD_04844	CDS	678	rcsC_84	2.7.13.3		Sensor histidine kinase RcsC
EFNKBEDD_04845	CDS	831	rsmI	2.1.1.198	COG0313	Ribosomal RNA small subunit methyltransferase I
EFNKBEDD_04846	CDS	1791	typA		COG1217	GTP-binding protein TypA/BipA 
EFNKBEDD_04847	CDS	576				hypothetical protein
EFNKBEDD_04848	CDS	777				hypothetical protein
EFNKBEDD_04849	CDS	429				hypothetical protein
EFNKBEDD_04850	CDS	285				hypothetical protein
EFNKBEDD_04851	CDS	612				hypothetical protein
EFNKBEDD_04852	CDS	927				hypothetical protein
EFNKBEDD_04853	CDS	303				hypothetical protein
EFNKBEDD_04854	CDS	1005				hypothetical protein
EFNKBEDD_04855	CDS	534				hypothetical protein
EFNKBEDD_04856	CDS	861	dhaA_2	3.8.1.5		Haloalkane dehalogenase
EFNKBEDD_04857	CDS	777	purA_1	6.3.4.4	COG0104	Adenylosuccinate synthetase
EFNKBEDD_04858	CDS	603	purA_2	6.3.4.4	COG0104	Adenylosuccinate synthetase
EFNKBEDD_04859	CDS	594	rplY			50S ribosomal protein L25
EFNKBEDD_04860	CDS	999	kdgK	2.7.1.45		2-dehydro-3-deoxygluconokinase
EFNKBEDD_04861	CDS	969				hypothetical protein
EFNKBEDD_04862	CDS	1377	dnaA		COG0593	Chromosomal replication initiator protein DnaA
EFNKBEDD_04863	CDS	528				hypothetical protein
EFNKBEDD_04864	CDS	357	rplT		COG0292	50S ribosomal protein L20
EFNKBEDD_04865	CDS	198	rpmI		COG0291	50S ribosomal protein L35
EFNKBEDD_04866	rRNA	2887				23S ribosomal RNA
EFNKBEDD_04867	tRNA	76				tRNA-Ile(gat)
EFNKBEDD_04868	rRNA	1483				16S ribosomal RNA
EFNKBEDD_04869	CDS	879				hypothetical protein
EFNKBEDD_04870	CDS	2076				hypothetical protein
EFNKBEDD_04871	CDS	732				hypothetical protein
EFNKBEDD_04872	CDS	1134	hypE	4.2.1.-		Carbamoyl dehydratase HypE
EFNKBEDD_04873	CDS	369				hypothetical protein
EFNKBEDD_04874	CDS	432				hypothetical protein
EFNKBEDD_04875	CDS	558				IS630 family transposase ISAtsp7
EFNKBEDD_04876	CDS	1257				hypothetical protein
EFNKBEDD_04877	CDS	462		2.7.7.70	COG2870	D-beta-D-heptose 1-phosphate adenylyltransferase
EFNKBEDD_04878	CDS	363				hypothetical protein
EFNKBEDD_04879	CDS	333				hypothetical protein
EFNKBEDD_04880	CDS	279				hypothetical protein
EFNKBEDD_04881	CDS	450				hypothetical protein
EFNKBEDD_04882	CDS	1224	scmP_2	3.5.1.-	COG1473	N-acetylcysteine deacetylase
EFNKBEDD_04883	CDS	498				hypothetical protein
EFNKBEDD_04884	CDS	645	hisI	3.5.4.19		Histidine biosynthesis bifunctional protein HisIE
EFNKBEDD_04885	CDS	1116	hemL_1	5.4.3.8	COG0001	Glutamate-1-semialdehyde 2,1-aminomutase
EFNKBEDD_04886	CDS	237	hemL_2	5.4.3.8	COG0001	Glutamate-1-semialdehyde 2,1-aminomutase
EFNKBEDD_04887	CDS	1800	msbA_2	7.5.2.6	COG1132	Lipid A export ATP-binding/permease protein MsbA
EFNKBEDD_04888	CDS	729				hypothetical protein
EFNKBEDD_04889	CDS	1758	pyk_2	2.7.1.40		Pyruvate kinase
EFNKBEDD_04890	CDS	897				hypothetical protein
EFNKBEDD_04891	CDS	1140	yegI	2.7.-.-	COG4248	Protein kinase YegI
EFNKBEDD_04892	CDS	870	pphC_2	3.1.3.16		Serine/threonine-protein phosphatase 3
EFNKBEDD_04893	CDS	660				hypothetical protein
EFNKBEDD_04894	CDS	471				hypothetical protein
EFNKBEDD_04895	CDS	1071				hypothetical protein
EFNKBEDD_04896	CDS	615				hypothetical protein
EFNKBEDD_04897	CDS	288				hypothetical protein
EFNKBEDD_04898	CDS	150				hypothetical protein
EFNKBEDD_04899	CDS	405				hypothetical protein
EFNKBEDD_04900	CDS	507	novN_1	2.1.3.12		Decarbamoylnovobiocin carbamoyltransferase
EFNKBEDD_04901	CDS	1422	novN_2	2.1.3.12		Decarbamoylnovobiocin carbamoyltransferase
EFNKBEDD_04902	CDS	1143				hypothetical protein
EFNKBEDD_04903	CDS	1236				hypothetical protein
EFNKBEDD_04904	CDS	1086	sasA_31	2.7.-.-		Adaptive-response sensory-kinase SasA
EFNKBEDD_04905	CDS	1233	trpB_2	4.2.1.20	COG0133	Tryptophan synthase beta chain
EFNKBEDD_04906	CDS	165				hypothetical protein
EFNKBEDD_04907	CDS	99				hypothetical protein
EFNKBEDD_04908	CDS	99				hypothetical protein
EFNKBEDD_04909	CDS	93				hypothetical protein
EFNKBEDD_04910	CDS	2691	helY	3.6.4.-	COG4581	putative helicase HelY
EFNKBEDD_04911	CDS	795				hypothetical protein
EFNKBEDD_04912	CDS	639				hypothetical protein
EFNKBEDD_04913	CDS	417				hypothetical protein
EFNKBEDD_04914	CDS	381				hypothetical protein
EFNKBEDD_04915	CDS	699	COQ3_8	2.1.1.222		Ubiquinone biosynthesis O-methyltransferase, mitochondrial
EFNKBEDD_04916	CDS	1203				hypothetical protein
EFNKBEDD_04917	CDS	837				hypothetical protein
EFNKBEDD_04918	CDS	1938	ycf3_19			Photosystem I assembly protein Ycf3
EFNKBEDD_04919	CDS	1356				hypothetical protein
EFNKBEDD_04920	CDS	342	cbbS	4.1.1.39	COG4451	Ribulose bisphosphate carboxylase small chain
EFNKBEDD_04921	CDS	387				hypothetical protein
EFNKBEDD_04922	CDS	1431	cbbL	4.1.1.39	COG1850	Ribulose bisphosphate carboxylase large chain
EFNKBEDD_04923	CDS	1098	gcvT_2	2.1.2.10	COG0404	Aminomethyltransferase
EFNKBEDD_04924	CDS	189				hypothetical protein
EFNKBEDD_04925	CDS	969				hypothetical protein
EFNKBEDD_04926	CDS	624				hypothetical protein
EFNKBEDD_04927	CDS	249				hypothetical protein
EFNKBEDD_04928	CDS	954				hypothetical protein
EFNKBEDD_04929	CDS	1248				hypothetical protein
EFNKBEDD_04930	CDS	741	petB		COG1290	Cytochrome b6
EFNKBEDD_04931	CDS	483	petD			Cytochrome b6-f complex subunit 4
EFNKBEDD_04932	CDS	198				hypothetical protein
EFNKBEDD_04933	CDS	378				hypothetical protein
EFNKBEDD_04934	CDS	999				hypothetical protein
EFNKBEDD_04935	CDS	1932	gsiA_1	7.4.2.10	COG1123	Glutathione import ATP-binding protein GsiA
EFNKBEDD_04936	CDS	228				hypothetical protein
EFNKBEDD_04937	CDS	537				hypothetical protein
EFNKBEDD_04938	CDS	114				hypothetical protein
EFNKBEDD_04939	CDS	1356	ktrB		COG0168	Ktr system potassium uptake protein B
EFNKBEDD_04940	CDS	699	ktrA		COG0569	Ktr system potassium uptake protein A
EFNKBEDD_04941	CDS	1161	anmK	2.7.1.170	COG2377	Anhydro-N-acetylmuramic acid kinase
EFNKBEDD_04942	CDS	453				hypothetical protein
EFNKBEDD_04943	CDS	1635	spkA	2.7.11.1		Serine/threonine-protein kinase A
EFNKBEDD_04944	CDS	879				hypothetical protein
EFNKBEDD_04945	CDS	180				hypothetical protein
EFNKBEDD_04946	CDS	753	stp	3.1.3.16	COG0631	Serine/threonine phosphatase stp
EFNKBEDD_04947	CDS	1752	ubiB_6	2.7.-.-		protein kinase UbiB
EFNKBEDD_04948	CDS	327				hypothetical protein
EFNKBEDD_04949	CDS	1314				hypothetical protein
EFNKBEDD_04950	CDS	876	rmlD	1.1.1.133		dTDP-4-dehydrorhamnose reductase
EFNKBEDD_04951	CDS	1044				hypothetical protein
EFNKBEDD_04952	CDS	447				hypothetical protein
EFNKBEDD_04953	CDS	399				hypothetical protein
EFNKBEDD_04954	CDS	558				IS630 family transposase ISAtsp7
EFNKBEDD_04955	CDS	1869				hypothetical protein
EFNKBEDD_04956	CDS	1065	rsgA_2	3.6.1.-		Small ribosomal subunit biogenesis GTPase RsgA
EFNKBEDD_04957	CDS	930				hypothetical protein
EFNKBEDD_04958	CDS	273				hypothetical protein
EFNKBEDD_04959	CDS	861	rnhA	3.1.26.4		Ribonuclease H
EFNKBEDD_04960	CDS	279				hypothetical protein
EFNKBEDD_04961	CDS	1023	moaA_4			GTP 3',8-cyclase
EFNKBEDD_04962	CDS	960	egtB_4	1.14.99.50		Hercynine oxygenase
EFNKBEDD_04963	CDS	366				hypothetical protein
EFNKBEDD_04964	CDS	828				hypothetical protein
EFNKBEDD_04965	CDS	291				hypothetical protein
EFNKBEDD_04966	CDS	1029	dppB_3		COG0601	Dipeptide transport system permease protein DppB
EFNKBEDD_04967	CDS	546	apt	2.4.2.7	COG0503	Adenine phosphoribosyltransferase
EFNKBEDD_04968	CDS	606				hypothetical protein
EFNKBEDD_04969	CDS	1476				hypothetical protein
EFNKBEDD_04970	CDS	1146				IS200/IS605 family transposase ISNsp3
EFNKBEDD_04971	tRNA	73				tRNA-Glu(ttc)
EFNKBEDD_04972	CDS	363	petJ		COG2010	Cytochrome c6
EFNKBEDD_04973	CDS	1818	rnjA	3.1.-.-	COG0595	Ribonuclease J1
EFNKBEDD_04974	CDS	450	dapA_1	4.3.3.7	COG0329	4-hydroxy-tetrahydrodipicolinate synthase
EFNKBEDD_04975	CDS	492	dapA_2	4.3.3.7	COG0329	4-hydroxy-tetrahydrodipicolinate synthase
EFNKBEDD_04976	CDS	1044	asd	1.2.1.11	COG0136	Aspartate-semialdehyde dehydrogenase
EFNKBEDD_04977	CDS	1473	tig	5.2.1.8	COG0544	Trigger factor
EFNKBEDD_04978	CDS	690	clpP_2	3.4.21.92	COG0740	ATP-dependent Clp protease proteolytic subunit
EFNKBEDD_04979	CDS	1365	clpX		COG1219	ATP-dependent Clp protease ATP-binding subunit ClpX
EFNKBEDD_04980	CDS	849			COG0596	putative protein
EFNKBEDD_04981	CDS	1422				hypothetical protein
EFNKBEDD_04982	CDS	2025				hypothetical protein
EFNKBEDD_04983	CDS	324				hypothetical protein
EFNKBEDD_04984	CDS	795				hypothetical protein
EFNKBEDD_04985	CDS	906	folP_2	2.5.1.15		Dihydropteroate synthase
EFNKBEDD_04986	CDS	720	fabG_3	1.1.1.100		3-oxoacyl-[acyl-carrier-protein] reductase FabG
EFNKBEDD_04987	CDS	906	folP_3	2.5.1.15		Dihydropteroate synthase
EFNKBEDD_04988	CDS	474				hypothetical protein
EFNKBEDD_04989	CDS	1221	dapL_3	2.6.1.83	COG0436	LL-diaminopimelate aminotransferase
EFNKBEDD_04990	CDS	696				hypothetical protein
EFNKBEDD_04991	CDS	891	phzF	5.3.3.17		Trans-2,3-dihydro-3-hydroxyanthranilate isomerase
EFNKBEDD_04992	CDS	1608	yfkN		COG0737	Trifunctional nucleotide phosphoesterase protein YfkN
EFNKBEDD_04993	CDS	3186				hypothetical protein
EFNKBEDD_04994	CDS	2733	rcsC_85	2.7.13.3		Sensor histidine kinase RcsC
EFNKBEDD_04995	CDS	441				hypothetical protein
EFNKBEDD_04996	CDS	540				hypothetical protein
EFNKBEDD_04997	CDS	795				hypothetical protein
EFNKBEDD_04998	CDS	3228	rcsC_86	2.7.13.3		Sensor histidine kinase RcsC
EFNKBEDD_04999	CDS	654				hypothetical protein
EFNKBEDD_05000	CDS	723	pgl	3.1.1.31		6-phosphogluconolactonase
EFNKBEDD_05001	CDS	675				hypothetical protein
EFNKBEDD_05002	CDS	408				hypothetical protein
EFNKBEDD_05003	CDS	429				hypothetical protein
EFNKBEDD_05004	CDS	750				hypothetical protein
EFNKBEDD_05005	CDS	351				hypothetical protein
EFNKBEDD_05006	CDS	354				hypothetical protein
EFNKBEDD_05007	CDS	831	birA	6.3.4.15		Bifunctional ligase/repressor BirA
EFNKBEDD_05008	CDS	1500				hypothetical protein
EFNKBEDD_05009	CDS	675	ribE	2.5.1.9		Riboflavin synthase
EFNKBEDD_05010	CDS	507			COG1259	putative protein
EFNKBEDD_05011	CDS	1128				hypothetical protein
EFNKBEDD_05012	CDS	891				hypothetical protein
EFNKBEDD_05013	CDS	1284				hypothetical protein
EFNKBEDD_05014	CDS	183				hypothetical protein
EFNKBEDD_05015	CDS	186				hypothetical protein
EFNKBEDD_05016	CDS	1155	macB_1	3.6.3.-	COG0577	Macrolide export ATP-binding/permease protein MacB
EFNKBEDD_05017	tRNA	84				tRNA-Leu(cag)
EFNKBEDD_05018	CDS	576				hypothetical protein
EFNKBEDD_05019	CDS	216				hypothetical protein
EFNKBEDD_05020	CDS	225				hypothetical protein
EFNKBEDD_05021	CDS	492				hypothetical protein
EFNKBEDD_05022	CDS	1137				hypothetical protein
EFNKBEDD_05023	CDS	288				hypothetical protein
EFNKBEDD_05024	CDS	714				hypothetical protein
EFNKBEDD_05025	CDS	558				hypothetical protein
EFNKBEDD_05026	CDS	399				hypothetical protein
EFNKBEDD_05027	CDS	528				hypothetical protein
EFNKBEDD_05028	CDS	600				hypothetical protein
EFNKBEDD_05029	CDS	207				hypothetical protein
EFNKBEDD_05030	CDS	207				hypothetical protein
EFNKBEDD_05031	CDS	891				hypothetical protein
EFNKBEDD_05032	CDS	258				hypothetical protein
EFNKBEDD_05033	CDS	1329				hypothetical protein
EFNKBEDD_05034	CDS	276				hypothetical protein
EFNKBEDD_05035	CDS	723				hypothetical protein
EFNKBEDD_05036	CDS	501				hypothetical protein
EFNKBEDD_05037	CDS	756				hypothetical protein
EFNKBEDD_05038	CDS	297				hypothetical protein
EFNKBEDD_05039	CDS	438				hypothetical protein
EFNKBEDD_05040	CDS	339				hypothetical protein
EFNKBEDD_05041	CDS	1692				hypothetical protein
EFNKBEDD_05042	CDS	897				hypothetical protein
EFNKBEDD_05043	CDS	444				hypothetical protein
EFNKBEDD_05044	CDS	1089				hypothetical protein
EFNKBEDD_05045	CDS	858				hypothetical protein
EFNKBEDD_05046	CDS	2433				hypothetical protein
EFNKBEDD_05047	CDS	222				hypothetical protein
EFNKBEDD_05048	CDS	576				hypothetical protein
EFNKBEDD_05049	CDS	1587				hypothetical protein
EFNKBEDD_05050	CDS	228	secE			Protein translocase subunit SecE
EFNKBEDD_05051	CDS	633	nusG			Transcription termination/antitermination protein NusG
EFNKBEDD_05052	CDS	426	rplK		COG0080	50S ribosomal protein L11
EFNKBEDD_05053	CDS	717	rplA			50S ribosomal protein L1
EFNKBEDD_05054	CDS	549	rplJ			50S ribosomal protein L10
EFNKBEDD_05055	CDS	393	rplL			50S ribosomal protein L7/L12
EFNKBEDD_05056	CDS	597				hypothetical protein
EFNKBEDD_05057	CDS	582				hypothetical protein
EFNKBEDD_05058	CDS	1284	sasA_32	2.7.-.-		Adaptive-response sensory-kinase SasA
EFNKBEDD_05059	CDS	357				hypothetical protein
EFNKBEDD_05060	CDS	555				hypothetical protein
EFNKBEDD_05061	CDS	996	thiL_1	2.7.4.16	COG0611	Thiamine-monophosphate kinase
EFNKBEDD_05062	CDS	1101				hypothetical protein
EFNKBEDD_05063	CDS	1110	ruvB_2	3.6.4.12		Holliday junction ATP-dependent DNA helicase RuvB
EFNKBEDD_05064	CDS	537				hypothetical protein
EFNKBEDD_05065	CDS	411				hypothetical protein
EFNKBEDD_05066	CDS	1119	ndhA	7.1.1.-	COG1005	NAD(P)H-quinone oxidoreductase subunit 1
EFNKBEDD_05067	CDS	597	ndhI	7.1.1.-		NAD(P)H-quinone oxidoreductase subunit I
EFNKBEDD_05068	CDS	612				hypothetical protein
EFNKBEDD_05069	CDS	312	nuoK	7.1.1.-	COG0713	NADH-quinone oxidoreductase subunit K
EFNKBEDD_05070	CDS	924	nadK_2	2.7.1.23		NAD kinase
EFNKBEDD_05071	CDS	612				hypothetical protein
EFNKBEDD_05072	CDS	1317				hypothetical protein
EFNKBEDD_05073	CDS	297				hypothetical protein
EFNKBEDD_05074	CDS	990				hypothetical protein
EFNKBEDD_05075	CDS	1650				hypothetical protein
EFNKBEDD_05076	CDS	810				hypothetical protein
EFNKBEDD_05077	CDS	822				hypothetical protein
EFNKBEDD_05078	CDS	1023	ykfA	3.4.16.-	COG1619	putative murein peptide carboxypeptidase
EFNKBEDD_05079	CDS	903	lip1	3.1.1.3		Lipase 1
EFNKBEDD_05080	CDS	144				hypothetical protein
EFNKBEDD_05081	CDS	885				hypothetical protein
EFNKBEDD_05082	CDS	666				hypothetical protein
EFNKBEDD_05083	CDS	690				hypothetical protein
EFNKBEDD_05084	CDS	1371				hypothetical protein
EFNKBEDD_05085	CDS	1341	lptD			LPS-assembly protein LptD
EFNKBEDD_05086	CDS	759	cobS	2.7.8.26	COG0368	Adenosylcobinamide-GDP ribazoletransferase
EFNKBEDD_05087	CDS	456				hypothetical protein
EFNKBEDD_05088	CDS	1380	mnmE_2	3.6.-.-	COG0486	tRNA modification GTPase MnmE
EFNKBEDD_05089	CDS	678				hypothetical protein
EFNKBEDD_05090	CDS	339				hypothetical protein
EFNKBEDD_05091	CDS	1416	menE_3	6.2.1.26		2-succinylbenzoate--CoA ligase
EFNKBEDD_05092	CDS	561				hypothetical protein
EFNKBEDD_05093	CDS	690	clpP_3	3.4.21.92	COG0740	ATP-dependent Clp protease proteolytic subunit
EFNKBEDD_05094	CDS	597	clpP_4	3.4.21.92		ATP-dependent Clp protease proteolytic subunit
EFNKBEDD_05095	CDS	621	dnaJ_8			Chaperone protein DnaJ
EFNKBEDD_05096	CDS	1041	kefC_2			Glutathione-regulated potassium-efflux system protein KefC
EFNKBEDD_05097	CDS	780	cbbY_2	3.1.3.-	COG0637	Protein CbbY
EFNKBEDD_05098	CDS	1788	spoVD		COG0768	Stage V sporulation protein D
EFNKBEDD_05099	CDS	201				hypothetical protein
EFNKBEDD_05100	CDS	1317	sasA_33	2.7.-.-		Adaptive-response sensory-kinase SasA
EFNKBEDD_05101	CDS	600				hypothetical protein
EFNKBEDD_05102	CDS	1173	haeIIIM	2.1.1.37		Modification methylase HaeIII
EFNKBEDD_05103	CDS	795				hypothetical protein
EFNKBEDD_05104	CDS	2529				hypothetical protein
EFNKBEDD_05105	CDS	210				hypothetical protein
EFNKBEDD_05106	CDS	438		2.3.1.-		Acetyltransferase
EFNKBEDD_05107	CDS	1074				hypothetical protein
EFNKBEDD_05108	CDS	507				hypothetical protein
EFNKBEDD_05109	CDS	849				hypothetical protein
EFNKBEDD_05110	CDS	387				hypothetical protein
EFNKBEDD_05111	CDS	792	xthA	3.1.11.2	COG0708	Exodeoxyribonuclease III
EFNKBEDD_05112	CDS	648	lnrK		COG2197	Transcriptional regulatory protein LnrK
EFNKBEDD_05113	CDS	1911	pknD_30	2.7.11.1		Serine/threonine-protein kinase PknD
EFNKBEDD_05114	CDS	720				hypothetical protein
EFNKBEDD_05115	CDS	324				hypothetical protein
EFNKBEDD_05116	CDS	1239				hypothetical protein
EFNKBEDD_05117	CDS	390				hypothetical protein
EFNKBEDD_05118	CDS	903	hslO			33 kDa chaperonin
EFNKBEDD_05119	CDS	1224				hypothetical protein
EFNKBEDD_05120	CDS	168				hypothetical protein
EFNKBEDD_05121	CDS	672				hypothetical protein
EFNKBEDD_05122	CDS	2046	fusA_1		COG0480	Elongation factor G
EFNKBEDD_05123	CDS	789	map_2	3.4.11.18	COG0024	Methionine aminopeptidase
EFNKBEDD_05124	CDS	558				hypothetical protein
EFNKBEDD_05125	CDS	396				hypothetical protein
EFNKBEDD_05126	CDS	447	psbC_2			Photosystem II CP43 reaction center protein
EFNKBEDD_05127	CDS	453	psbC_3			Photosystem II CP43 reaction center protein
EFNKBEDD_05128	CDS	1032	psbC_4			Photosystem II CP43 reaction center protein
EFNKBEDD_05129	CDS	1548	psbC_5			Photosystem II CP43 reaction center protein
EFNKBEDD_05130	CDS	714	cpcG_2			Phycobilisome rod-core linker polypeptide CpcG
EFNKBEDD_05131	CDS	303				hypothetical protein
EFNKBEDD_05132	CDS	156				hypothetical protein
EFNKBEDD_05133	CDS	888	dhmA2	3.8.1.5		Haloalkane dehalogenase 2
EFNKBEDD_05134	CDS	726				hypothetical protein
EFNKBEDD_05135	CDS	531				hypothetical protein
EFNKBEDD_05136	tRNA	74				tRNA-Pro(tgg)
EFNKBEDD_05137	CDS	279				hypothetical protein
EFNKBEDD_05138	CDS	1416				hypothetical protein
EFNKBEDD_05139	CDS	1452	smc_8			Chromosome partition protein Smc
EFNKBEDD_05140	CDS	243				hypothetical protein
EFNKBEDD_05141	CDS	396				hypothetical protein
EFNKBEDD_05142	CDS	2784	sasA_34	2.7.-.-		Adaptive-response sensory-kinase SasA
EFNKBEDD_05143	CDS	375				hypothetical protein
EFNKBEDD_05144	CDS	1041				hypothetical protein
EFNKBEDD_05145	CDS	399				hypothetical protein
EFNKBEDD_05146	CDS	558				IS630 family transposase ISAtsp7
EFNKBEDD_05147	CDS	840	COQ3_9	2.1.1.222		Ubiquinone biosynthesis O-methyltransferase, mitochondrial
EFNKBEDD_05148	CDS	1347				hypothetical protein
EFNKBEDD_05149	CDS	1758				hypothetical protein
EFNKBEDD_05150	CDS	651				hypothetical protein
EFNKBEDD_05151	CDS	1164	nagA	3.5.1.25	COG1820	N-acetylglucosamine-6-phosphate deacetylase
EFNKBEDD_05152	CDS	999	glcK_2	2.7.1.2	COG1940	Glucokinase
EFNKBEDD_05153	CDS	519	purE	5.4.99.18	COG0041	N5-carboxyaminoimidazole ribonucleotide mutase
EFNKBEDD_05154	CDS	1557				hypothetical protein
EFNKBEDD_05155	CDS	726				hypothetical protein
EFNKBEDD_05156	CDS	1113	ispH	1.17.7.4		4-hydroxy-3-methylbut-2-enyl diphosphate reductase
EFNKBEDD_05157	CDS	1413				hypothetical protein
EFNKBEDD_05158	CDS	249				hypothetical protein
EFNKBEDD_05159	CDS	1257		2.7.7.-		CC-adding tRNA nucleotidyltransferase
EFNKBEDD_05160	CDS	1839	sasA_35	2.7.-.-		Adaptive-response sensory-kinase SasA
EFNKBEDD_05161	CDS	1944				hypothetical protein
EFNKBEDD_05162	CDS	426				hypothetical protein
EFNKBEDD_05163	CDS	387				hypothetical protein
EFNKBEDD_05164	CDS	708	vte5	2.7.1.182		Phytol kinase
EFNKBEDD_05165	CDS	576				hypothetical protein
EFNKBEDD_05166	CDS	882				hypothetical protein
EFNKBEDD_05167	CDS	363				hypothetical protein
EFNKBEDD_05168	CDS	846				hypothetical protein
EFNKBEDD_05169	CDS	618				hypothetical protein
EFNKBEDD_05170	CDS	693				hypothetical protein
EFNKBEDD_05171	CDS	1626	gsiA_2	7.4.2.10	COG1123	Glutathione import ATP-binding protein GsiA
EFNKBEDD_05172	CDS	870				hypothetical protein
EFNKBEDD_05173	CDS	819				hypothetical protein
EFNKBEDD_05174	CDS	147				hypothetical protein
EFNKBEDD_05175	CDS	1149	mshA_18	2.4.1.250	COG0438	D-inositol 3-phosphate glycosyltransferase
EFNKBEDD_05176	CDS	1281	czcO	1.-.-.-	COG2072	putative oxidoreductase CzcO
EFNKBEDD_05177	CDS	1455				hypothetical protein
EFNKBEDD_05178	CDS	564				hypothetical protein
EFNKBEDD_05179	CDS	282				hypothetical protein
EFNKBEDD_05180	CDS	483				hypothetical protein
EFNKBEDD_05181	CDS	1035	nitA	3.5.5.7		Aliphatic nitrilase
EFNKBEDD_05182	CDS	1092	bciD	1.17.98.2		Bacteriochlorophyllide c C-7(1)-hydroxylase
EFNKBEDD_05183	CDS	138				hypothetical protein
EFNKBEDD_05184	CDS	1128	barP		COG5277	Bacterial actin-related protein
EFNKBEDD_05185	CDS	537				hypothetical protein
EFNKBEDD_05186	CDS	1008	thiL_2	2.7.4.16		Thiamine-monophosphate kinase
EFNKBEDD_05187	CDS	438	hspA		COG0071	Spore protein SP21
EFNKBEDD_05188	CDS	1101				hypothetical protein
EFNKBEDD_05189	CDS	837	tyrC	1.3.1.43		Cyclohexadienyl dehydrogenase
EFNKBEDD_05190	CDS	1578				hypothetical protein
EFNKBEDD_05191	CDS	351	yciH		COG0023	putative protein YciH
EFNKBEDD_05192	CDS	699				hypothetical protein
EFNKBEDD_05193	CDS	567				hypothetical protein
EFNKBEDD_05194	CDS	687	surE_2	3.1.3.5	COG0496	5'-nucleotidase SurE
EFNKBEDD_05195	CDS	201				hypothetical protein
EFNKBEDD_05196	CDS	1929	pknD_31	2.7.11.1		Serine/threonine-protein kinase PknD
EFNKBEDD_05197	CDS	219	gvpA_1			Gas vesicle structural protein
EFNKBEDD_05198	CDS	1014				hypothetical protein
EFNKBEDD_05199	CDS	1008				hypothetical protein
EFNKBEDD_05200	CDS	465	gvpA_2			Gas vesicle structural protein
EFNKBEDD_05201	CDS	2238	rcsC_87	2.7.13.3		Sensor histidine kinase RcsC
EFNKBEDD_05202	CDS	417				hypothetical protein
EFNKBEDD_05203	CDS	1161				hypothetical protein
EFNKBEDD_05204	CDS	2379	rcsC_88	2.7.13.3		Sensor histidine kinase RcsC
EFNKBEDD_05205	CDS	2697	rcsC_89	2.7.13.3		Sensor histidine kinase RcsC
EFNKBEDD_05206	CDS	1455				hypothetical protein
EFNKBEDD_05207	CDS	1254	rcsC_90	2.7.13.3		Sensor histidine kinase RcsC
EFNKBEDD_05208	CDS	345				hypothetical protein
EFNKBEDD_05209	CDS	117				hypothetical protein
EFNKBEDD_05210	CDS	348	mazF_2	3.1.-.-		Endoribonuclease MazF
EFNKBEDD_05211	CDS	468				hypothetical protein
EFNKBEDD_05212	CDS	480				hypothetical protein
EFNKBEDD_05213	CDS	966	yghU	1.8.4.-	COG0625	Disulfide-bond oxidoreductase YghU
EFNKBEDD_05214	CDS	744				hypothetical protein
EFNKBEDD_05215	CDS	747				hypothetical protein
EFNKBEDD_05216	CDS	1650	ccmM		COG0663	Carbon dioxide concentrating mechanism protein CcmM
EFNKBEDD_05217	CDS	303	ccmL			Carbon dioxide concentrating mechanism protein CcmL
EFNKBEDD_05218	CDS	339	ccmK1			Carbon dioxide-concentrating mechanism protein CcmK 
EFNKBEDD_05219	CDS	312	ccmK_2		COG4577	Carbon dioxide-concentrating mechanism protein CcmK
EFNKBEDD_05220	CDS	1845	nuoL_3	7.1.1.-	COG1009	NADH-quinone oxidoreductase subunit L
EFNKBEDD_05221	CDS	525				hypothetical protein
EFNKBEDD_05222	CDS	945	pip	3.4.11.5		Proline iminopeptidase
EFNKBEDD_05223	CDS	444				hypothetical protein
EFNKBEDD_05224	CDS	588				hypothetical protein
EFNKBEDD_05225	CDS	795	coaX	2.7.1.33		Type III pantothenate kinase
EFNKBEDD_05226	CDS	1272				hypothetical protein
EFNKBEDD_05227	CDS	2151				hypothetical protein
EFNKBEDD_05228	CDS	465				hypothetical protein
EFNKBEDD_05229	CDS	450				hypothetical protein
EFNKBEDD_05230	CDS	1365	sasA_36	2.7.-.-		Adaptive-response sensory-kinase SasA
EFNKBEDD_05231	CDS	288				hypothetical protein
EFNKBEDD_05232	CDS	687				hypothetical protein
EFNKBEDD_05233	CDS	753	tagA	2.4.1.187	COG1922	N-acetylglucosaminyldiphosphoundecaprenol N-acetyl-beta-D-mannosaminyltransferase
EFNKBEDD_05234	CDS	750	ftsE		COG2884	Cell division ATP-binding protein FtsE
EFNKBEDD_05235	CDS	462				hypothetical protein
EFNKBEDD_05236	CDS	687				hypothetical protein
EFNKBEDD_05237	CDS	1077				hypothetical protein
EFNKBEDD_05238	CDS	384				hypothetical protein
EFNKBEDD_05239	CDS	1014	galE_2	5.1.3.2	COG1087	UDP-glucose 4-epimerase
EFNKBEDD_05240	CDS	669	wcaJ	2.7.8.31	COG2148	UDP-glucose:undecaprenyl-phosphate glucose-1-phosphate transferase
EFNKBEDD_05241	CDS	375				hypothetical protein
EFNKBEDD_05242	CDS	1143	hisC_2	2.6.1.9	COG0079	Histidinol-phosphate aminotransferase
EFNKBEDD_05243	CDS	648				hypothetical protein
EFNKBEDD_05244	CDS	213				hypothetical protein
EFNKBEDD_05245	CDS	195				hypothetical protein
EFNKBEDD_05246	CDS	504				hypothetical protein
EFNKBEDD_05247	CDS	399				hypothetical protein
EFNKBEDD_05248	CDS	597	rpoE		COG1595	ECF RNA polymerase sigma-E factor
EFNKBEDD_05249	CDS	1200	sucC	6.2.1.4	COG0045	Succinate--CoA ligase [GDP-forming] subunit beta
EFNKBEDD_05250	CDS	948	sucD	6.2.1.5	COG0074	Succinate--CoA ligase [ADP-forming] subunit alpha
EFNKBEDD_05251	CDS	216				hypothetical protein
EFNKBEDD_05252	CDS	426				hypothetical protein
EFNKBEDD_05253	CDS	1689	hxuB_2		COG2831	Heme/hemopexin transporter protein HuxB
EFNKBEDD_05254	CDS	189				hypothetical protein
EFNKBEDD_05255	CDS	1407	atzE	3.5.1.131		1-carboxybiuret hydrolase subunit AtzE
EFNKBEDD_05256	CDS	483				hypothetical protein
EFNKBEDD_05257	CDS	1587				hypothetical protein
EFNKBEDD_05258	CDS	933				hypothetical protein
EFNKBEDD_05259	CDS	822	sppA_1	3.4.21.-	COG0616	Putative signal peptide peptidase SppA
EFNKBEDD_05260	CDS	405	aroH	5.4.99.5	COG4401	Chorismate mutase AroH
EFNKBEDD_05261	CDS	5793	IMPDH	1.1.1.205		Inosine-5'-monophosphate dehydrogenase
EFNKBEDD_05262	CDS	552	cheB_6	3.5.1.44		Protein-glutamate methylesterase/protein-glutamine glutaminase
EFNKBEDD_05263	CDS	519	walK_2	2.7.13.3		Sensor histidine kinase WalK
EFNKBEDD_05264	CDS	315				hypothetical protein
EFNKBEDD_05265	CDS	411				hypothetical protein
EFNKBEDD_05266	CDS	510				hypothetical protein
EFNKBEDD_05267	CDS	333				hypothetical protein
EFNKBEDD_05268	CDS	201				hypothetical protein
EFNKBEDD_05269	CDS	1413	mco	1.-.-.-		Multicopper oxidase mco
EFNKBEDD_05270	CDS	1359				hypothetical protein
EFNKBEDD_05271	CDS	540				hypothetical protein
EFNKBEDD_05272	CDS	897	gltI		COG0834	Glutamate/aspartate import solute-binding protein
EFNKBEDD_05273	CDS	471				hypothetical protein
EFNKBEDD_05274	CDS	1317	ndbB_3	1.6.5.12		Demethylphylloquinone reductase NdbB
EFNKBEDD_05275	CDS	1386				hypothetical protein
EFNKBEDD_05276	CDS	390	phoP_4		COG0745	Alkaline phosphatase synthesis transcriptional regulatory protein PhoP
EFNKBEDD_05277	CDS	2997	rcsC_91	2.7.13.3		Sensor histidine kinase RcsC
EFNKBEDD_05278	CDS	1830				hypothetical protein
EFNKBEDD_05279	CDS	171				hypothetical protein
EFNKBEDD_05280	CDS	219				hypothetical protein
EFNKBEDD_05281	CDS	120				hypothetical protein
EFNKBEDD_05282	CDS	606	yedY1		COG2041	Putative protein-methionine-sulfoxide reductase subunit YedZ1
EFNKBEDD_05283	CDS	567	cckA			Sensor kinase CckA
EFNKBEDD_05284	CDS	831				hypothetical protein
EFNKBEDD_05285	CDS	1125				hypothetical protein
EFNKBEDD_05286	CDS	300				hypothetical protein
EFNKBEDD_05287	CDS	1584	ndhD1_4	7.1.1.-	COG1008	NAD(P)H-quinone oxidoreductase chain 4 1
EFNKBEDD_05288	CDS	1128				hypothetical protein
EFNKBEDD_05289	CDS	279				hypothetical protein
EFNKBEDD_05290	CDS	123				hypothetical protein
EFNKBEDD_05291	CDS	3441				hypothetical protein
EFNKBEDD_05292	CDS	927	cmpR_3		COG0583	HTH-type transcriptional activator CmpR
EFNKBEDD_05293	CDS	387				hypothetical protein
EFNKBEDD_05294	CDS	621				putative phycocyanin operon protein Z
EFNKBEDD_05295	CDS	495	cpeA			C-phycoerythrin alpha chain
EFNKBEDD_05296	CDS	555	cpeB			C-phycoerythrin beta chain
EFNKBEDD_05297	CDS	1275				hypothetical protein
EFNKBEDD_05298	CDS	564				hypothetical protein
EFNKBEDD_05299	CDS	1425	sasA_37	2.7.-.-		Adaptive-response sensory-kinase SasA
EFNKBEDD_05300	CDS	318				hypothetical protein
EFNKBEDD_05301	CDS	768	cpeD_1			Phycobilisome 27.9 kDa linker polypeptide, phycoerythrin-associated, rod
EFNKBEDD_05302	CDS	747				hypothetical protein
EFNKBEDD_05303	CDS	705	mprA_5			Response regulator MprA
EFNKBEDD_05304	CDS	792	cpeD_2			Phycobilisome 27.9 kDa linker polypeptide, phycoerythrin-associated, rod
EFNKBEDD_05305	CDS	1383	bvgS_2	2.7.13.3		Virulence sensor protein BvgS
EFNKBEDD_05306	CDS	1263				hypothetical protein
EFNKBEDD_05307	CDS	1338	glnA_2	6.3.1.2	COG0174	Glutamine synthetase
EFNKBEDD_05308	CDS	5484	sasA_38	2.7.-.-		Adaptive-response sensory-kinase SasA
EFNKBEDD_05309	CDS	5463	pknD_32	2.7.11.1		Serine/threonine-protein kinase PknD
EFNKBEDD_05310	CDS	717				hypothetical protein
EFNKBEDD_05311	CDS	1308				hypothetical protein
EFNKBEDD_05312	CDS	252				hypothetical protein
EFNKBEDD_05313	CDS	558				IS630 family transposase ISAtsp7
EFNKBEDD_05314	CDS	399				hypothetical protein
EFNKBEDD_05315	CDS	489				hypothetical protein
EFNKBEDD_05316	CDS	864	lacF			Lactose transport system permease protein LacF
EFNKBEDD_05317	CDS	561				hypothetical protein
EFNKBEDD_05318	CDS	450				hypothetical protein
EFNKBEDD_05319	CDS	462	aroQ1	4.2.1.10	COG0757	3-dehydroquinate dehydratase 1
EFNKBEDD_05320	CDS	138				hypothetical protein
EFNKBEDD_05321	CDS	1254	cinA		COG1058	Putative competence-damage inducible protein
EFNKBEDD_05322	CDS	195				hypothetical protein
EFNKBEDD_05323	CDS	1098	hypD		COG0409	Hydrogenase maturation factor HypD
EFNKBEDD_05324	CDS	2280				hypothetical protein
EFNKBEDD_05325	CDS	303				hypothetical protein
EFNKBEDD_05326	CDS	1083	yceM	1.-.-.-	COG0673	Putative oxidoreductase YceM
EFNKBEDD_05327	CDS	3783				hypothetical protein
EFNKBEDD_05328	CDS	966				hypothetical protein
EFNKBEDD_05329	CDS	141				hypothetical protein
EFNKBEDD_05330	CDS	726	yknY	3.6.3.-	COG1136	putative ABC transporter ATP-binding protein YknY
EFNKBEDD_05331	CDS	1218	macB_2	3.6.3.-	COG0577	Macrolide export ATP-binding/permease protein MacB
EFNKBEDD_05332	CDS	1503	mdtA_6			Multidrug resistance protein MdtA
EFNKBEDD_05333	CDS	483				hypothetical protein
EFNKBEDD_05334	CDS	972				hypothetical protein
EFNKBEDD_05335	CDS	1527	chlB	1.3.7.7		Light-independent protochlorophyllide reductase subunit B
EFNKBEDD_05336	CDS	684				hypothetical protein
EFNKBEDD_05337	CDS	147				hypothetical protein
EFNKBEDD_05338	CDS	1368	miaB	2.8.4.3	COG0621	tRNA-2-methylthio-N(6)-dimethylallyladenosine synthase
EFNKBEDD_05339	CDS	513	pgsA	2.7.8.5		CDP-diacylglycerol--glycerol-3-phosphate 3-phosphatidyltransferase
EFNKBEDD_05340	CDS	423				hypothetical protein
EFNKBEDD_05341	CDS	390				hypothetical protein
EFNKBEDD_05342	CDS	1302				hypothetical protein
EFNKBEDD_05343	CDS	441				hypothetical protein
EFNKBEDD_05344	CDS	336				Photosystem II reaction center Psb28 protein
EFNKBEDD_05345	CDS	465				hypothetical protein
EFNKBEDD_05346	CDS	807				hypothetical protein
EFNKBEDD_05347	CDS	852				hypothetical protein
EFNKBEDD_05348	CDS	1932				hypothetical protein
EFNKBEDD_05349	CDS	330				hypothetical protein
EFNKBEDD_05350	CDS	747	ygaZ		COG1296	Inner membrane protein YgaZ
EFNKBEDD_05351	CDS	849	rhaS_3			HTH-type transcriptional activator RhaS
EFNKBEDD_05352	CDS	546				hypothetical protein
EFNKBEDD_05353	CDS	477				hypothetical protein
EFNKBEDD_05354	CDS	954				hypothetical protein
EFNKBEDD_05355	CDS	648				hypothetical protein
EFNKBEDD_05356	CDS	183				hypothetical protein
EFNKBEDD_05357	CDS	606	mobA	2.7.7.77	COG0746	Molybdenum cofactor guanylyltransferase
EFNKBEDD_05358	CDS	1236				hypothetical protein
EFNKBEDD_05359	CDS	474				hypothetical protein
EFNKBEDD_05360	CDS	285				hypothetical protein
EFNKBEDD_05361	CDS	2469	clpC		COG0542	Negative regulator of genetic competence ClpC/MecB
EFNKBEDD_05362	CDS	1092	cpdA_4	3.1.4.53		3',5'-cyclic adenosine monophosphate phosphodiesterase CpdA
EFNKBEDD_05363	CDS	1041		3.5.4.2	COG1816	Adenine deaminase
EFNKBEDD_05364	CDS	531				hypothetical protein
EFNKBEDD_05365	CDS	1281	amaB	3.5.1.87		N-carbamoyl-L-amino acid hydrolase
EFNKBEDD_05366	CDS	972	pucA	1.17.1.4	COG1975	putative xanthine dehydrogenase subunit A
EFNKBEDD_05367	CDS	180				hypothetical protein
EFNKBEDD_05368	CDS	1170	hhoA			Putative serine protease HhoA
EFNKBEDD_05369	CDS	327				hypothetical protein
EFNKBEDD_05370	CDS	663	pyrE	2.4.2.10		Orotate phosphoribosyltransferase
EFNKBEDD_05371	CDS	954				hypothetical protein
EFNKBEDD_05372	CDS	684				hypothetical protein
EFNKBEDD_05373	CDS	780				hypothetical protein
EFNKBEDD_05374	CDS	1242				hypothetical protein
EFNKBEDD_05375	CDS	1398				hypothetical protein
EFNKBEDD_05376	CDS	1878				hypothetical protein
EFNKBEDD_05377	CDS	741				hypothetical protein
EFNKBEDD_05378	CDS	1086				hypothetical protein
EFNKBEDD_05379	CDS	174				hypothetical protein
EFNKBEDD_05380	CDS	513				hypothetical protein
EFNKBEDD_05381	CDS	1305	argD	2.6.1.11	COG4992	Acetylornithine aminotransferase
EFNKBEDD_05382	CDS	5889				hypothetical protein
EFNKBEDD_05383	CDS	4908				hypothetical protein
EFNKBEDD_05384	CDS	6564	ppsC_1	2.3.1.41		Phthiocerol synthesis polyketide synthase type I PpsC
EFNKBEDD_05385	CDS	2112	lgrB			Linear gramicidin synthase subunit B
EFNKBEDD_05386	CDS	381	pksJ		COG0318	Polyketide synthase PksJ
EFNKBEDD_05387	CDS	2307	cmdD			Chondramide synthase cmdD
EFNKBEDD_05388	CDS	3705	ppsE	2.3.1.41	COG3321	Phthiocerol synthesis polyketide synthase type I PpsE
EFNKBEDD_05389	CDS	252	acpK		COG0236	Polyketide biosynthesis acyl-carrier-protein AcpK
EFNKBEDD_05390	CDS	1224	pksF	4.1.1.87	COG0304	Polyketide biosynthesis malonyl-ACP decarboxylase PksF
EFNKBEDD_05391	CDS	1260	pksG	2.3.3.-	COG3425	Polyketide biosynthesis 3-hydroxy-3-methylglutaryl-ACP synthase PksG
EFNKBEDD_05392	CDS	1443				hypothetical protein
EFNKBEDD_05393	CDS	768	pksH	4.2.1.-	COG1024	putative polyketide biosynthesis enoyl-CoA hydratase PksH
EFNKBEDD_05394	CDS	1095	menB_1	4.1.3.36		1,4-dihydroxy-2-naphthoyl-CoA synthase
EFNKBEDD_05395	CDS	6915				hypothetical protein
EFNKBEDD_05396	CDS	5895	ppsC_2	2.3.1.41		Phthiocerol synthesis polyketide synthase type I PpsC
EFNKBEDD_05397	CDS	1848				hypothetical protein
EFNKBEDD_05398	CDS	483				hypothetical protein
EFNKBEDD_05399	CDS	303				hypothetical protein
EFNKBEDD_05400	CDS	237				hypothetical protein
EFNKBEDD_05401	CDS	111				hypothetical protein
EFNKBEDD_05402	CDS	285				hypothetical protein
EFNKBEDD_05403	CDS	1488		2.7.4.-	COG2326	Polyphosphate:AMP phosphotransferase
EFNKBEDD_05404	CDS	1125	znuA		COG0803	High-affinity zinc uptake system binding-protein ZnuA
EFNKBEDD_05405	CDS	1611				hypothetical protein
EFNKBEDD_05406	CDS	1536	rssB_12			Regulator of RpoS
EFNKBEDD_05407	CDS	885	mhpC	3.7.1.14	COG0596	2-hydroxy-6-oxononadienedioate/2-hydroxy-6-oxononatrienedioate hydrolase
EFNKBEDD_05408	CDS	96				hypothetical protein
EFNKBEDD_05409	CDS	1473				hypothetical protein
EFNKBEDD_05410	CDS	708				hypothetical protein
EFNKBEDD_05411	CDS	399				hypothetical protein
EFNKBEDD_05412	CDS	558				IS630 family transposase ISAtsp7
EFNKBEDD_05413	CDS	312				hypothetical protein
EFNKBEDD_05414	CDS	285				hypothetical protein
EFNKBEDD_05415	CDS	111				hypothetical protein
EFNKBEDD_05416	CDS	105				hypothetical protein
EFNKBEDD_05417	CDS	2229	psaB	1.97.1.12		Photosystem I P700 chlorophyll a apoprotein A2
EFNKBEDD_05418	CDS	2268	psaA	1.97.1.12		Photosystem I P700 chlorophyll a apoprotein A1
EFNKBEDD_05419	CDS	1719				hypothetical protein
EFNKBEDD_05420	CDS	849	cysZ		COG2981	Sulfate transporter CysZ
EFNKBEDD_05421	CDS	873	dhaA_3	3.8.1.5		Haloalkane dehalogenase
EFNKBEDD_05422	CDS	759	cysH_2	1.8.4.8	COG0175	Phosphoadenosine phosphosulfate reductase
EFNKBEDD_05423	CDS	345				hypothetical protein
EFNKBEDD_05424	CDS	1404				Folate-biopterin transporter
EFNKBEDD_05425	CDS	411				hypothetical protein
EFNKBEDD_05426	CDS	1041		3.1.3.11		D-fructose 1,6-bisphosphatase class 2/sedoheptulose 1,7-bisphosphatase
EFNKBEDD_05427	CDS	1299	hemA	1.2.1.70	COG0373	Glutamyl-tRNA reductase
EFNKBEDD_05428	CDS	258				hypothetical protein
EFNKBEDD_05429	CDS	258	remA		COG2052	Extracellular matrix regulatory protein A
EFNKBEDD_05430	CDS	591	gmk	2.7.4.8	COG0194	Guanylate kinase
EFNKBEDD_05431	CDS	1068	ousX_6		COG2113	Glycine betaine-binding periplasmic protein OusX
EFNKBEDD_05432	CDS	1518				hypothetical protein
EFNKBEDD_05433	CDS	1782	sasA_39	2.7.-.-		Adaptive-response sensory-kinase SasA
EFNKBEDD_05434	CDS	1116	rcsC_92	2.7.13.3		Sensor histidine kinase RcsC
EFNKBEDD_05435	CDS	189				hypothetical protein
EFNKBEDD_05436	CDS	291				hypothetical protein
EFNKBEDD_05437	CDS	645	eda		COG0800	Putative KHG/KDPG aldolase
EFNKBEDD_05438	CDS	510				hypothetical protein
EFNKBEDD_05439	CDS	447				hypothetical protein
EFNKBEDD_05440	CDS	807				hypothetical protein
EFNKBEDD_05441	CDS	984	glmM_3			Phosphoglucosamine mutase
EFNKBEDD_05442	CDS	1530	cugP_3	2.7.7.9		UTP--glucose-1-phosphate uridylyltransferase
EFNKBEDD_05443	CDS	183				hypothetical protein
EFNKBEDD_05444	CDS	792				hypothetical protein
EFNKBEDD_05445	CDS	771	cbiJ	1.3.1.106	COG2099	Cobalt-precorrin-6A reductase
EFNKBEDD_05446	CDS	849	petA			Cytochrome f
EFNKBEDD_05447	CDS	540	petC_2	7.1.1.6	COG0723	Cytochrome b6-f complex iron-sulfur subunit
EFNKBEDD_05448	CDS	318				hypothetical protein
EFNKBEDD_05449	CDS	612				hypothetical protein
EFNKBEDD_05450	CDS	567				hypothetical protein
EFNKBEDD_05451	CDS	2313				hypothetical protein
EFNKBEDD_05452	CDS	1602				hypothetical protein
EFNKBEDD_05453	CDS	585				hypothetical protein
EFNKBEDD_05454	CDS	3258	carB	6.3.5.5	COG0458	Carbamoyl-phosphate synthase large chain
EFNKBEDD_05455	CDS	153				hypothetical protein
EFNKBEDD_05456	CDS	957	sigA2_3		COG0568	RNA polymerase sigma factor SigA2
EFNKBEDD_05457	CDS	894				hypothetical protein
EFNKBEDD_05458	CDS	480				hypothetical protein
EFNKBEDD_05459	CDS	1698				hypothetical protein
EFNKBEDD_05460	CDS	855				hypothetical protein
EFNKBEDD_05461	CDS	1335	gpmA_1	5.4.2.11		2,3-bisphosphoglycerate-dependent phosphoglycerate mutase
EFNKBEDD_05462	CDS	645	lon2	3.4.21.53	COG0466	Lon protease 2
EFNKBEDD_05463	CDS	318	rpsJ		COG0051	30S ribosomal protein S10
EFNKBEDD_05464	CDS	1230	tuf			Elongation factor Tu
EFNKBEDD_05465	CDS	2079	fusA_2		COG0480	Elongation factor G
EFNKBEDD_05466	CDS	471	rpsG			30S ribosomal protein S7
EFNKBEDD_05467	CDS	372	rpsL			30S ribosomal protein S12
EFNKBEDD_05468	CDS	333				putative protein
EFNKBEDD_05469	CDS	450				hypothetical protein
EFNKBEDD_05470	CDS	285				hypothetical protein
EFNKBEDD_05471	CDS	249				hypothetical protein
EFNKBEDD_05472	CDS	369				hypothetical protein
EFNKBEDD_05473	CDS	324				hypothetical protein
EFNKBEDD_05474	CDS	1488				hypothetical protein
EFNKBEDD_05475	CDS	954				hypothetical protein
EFNKBEDD_05476	CDS	234	uvrA_2			UvrABC system protein A
EFNKBEDD_05477	CDS	2295				hypothetical protein
EFNKBEDD_05478	CDS	903	ftsX		COG2177	Cell division protein FtsX
EFNKBEDD_05479	CDS	1638				hypothetical protein
EFNKBEDD_05480	CDS	585				hypothetical protein
EFNKBEDD_05481	CDS	1821	sppA_2	3.4.21.-	COG0616	Protease 4
EFNKBEDD_05482	CDS	1050	fni	5.3.3.2	COG1304	Isopentenyl-diphosphate delta-isomerase
EFNKBEDD_05483	CDS	576				hypothetical protein
EFNKBEDD_05484	CDS	117	psaI			Photosystem I reaction center subunit VIII
EFNKBEDD_05485	CDS	510	psaL			Photosystem I reaction center subunit XI
EFNKBEDD_05486	CDS	510				hypothetical protein
EFNKBEDD_05487	CDS	273				hypothetical protein
EFNKBEDD_05488	CDS	873	garR_2	1.1.1.60	COG2084	2-hydroxy-3-oxopropionate reductase
EFNKBEDD_05489	CDS	2400	htpX_3	3.4.24.-		Protease HtpX
EFNKBEDD_05490	CDS	375				hypothetical protein
EFNKBEDD_05491	CDS	462				hypothetical protein
EFNKBEDD_05492	CDS	438	rcsC_93	2.7.13.3		Sensor histidine kinase RcsC
EFNKBEDD_05493	tRNA	72				tRNA-Gln(ttg)
EFNKBEDD_05494	CDS	462				hypothetical protein
EFNKBEDD_05495	CDS	216				hypothetical protein
EFNKBEDD_05496	CDS	225				hypothetical protein
EFNKBEDD_05497	CDS	492				hypothetical protein
EFNKBEDD_05498	CDS	1137				hypothetical protein
EFNKBEDD_05499	CDS	288				hypothetical protein
EFNKBEDD_05500	CDS	714				hypothetical protein
EFNKBEDD_05501	CDS	558				hypothetical protein
EFNKBEDD_05502	CDS	399				hypothetical protein
EFNKBEDD_05503	CDS	528				hypothetical protein
EFNKBEDD_05504	CDS	600				hypothetical protein
EFNKBEDD_05505	CDS	207				hypothetical protein
EFNKBEDD_05506	CDS	207				hypothetical protein
EFNKBEDD_05507	CDS	891				hypothetical protein
EFNKBEDD_05508	CDS	258				hypothetical protein
EFNKBEDD_05509	CDS	1329				hypothetical protein
EFNKBEDD_05510	CDS	276				hypothetical protein
EFNKBEDD_05511	CDS	723				hypothetical protein
EFNKBEDD_05512	CDS	501				hypothetical protein
EFNKBEDD_05513	CDS	756				hypothetical protein
EFNKBEDD_05514	CDS	297				hypothetical protein
EFNKBEDD_05515	CDS	438				hypothetical protein
EFNKBEDD_05516	CDS	339				hypothetical protein
EFNKBEDD_05517	CDS	117				hypothetical protein
EFNKBEDD_05518	CDS	426				IS630 family transposase ISAtsp7
EFNKBEDD_05519	CDS	1560				hypothetical protein
EFNKBEDD_05520	CDS	165				hypothetical protein
EFNKBEDD_05521	CDS	477				hypothetical protein
EFNKBEDD_05522	CDS	210				hypothetical protein
EFNKBEDD_05523	CDS	366				IS982 family transposase ISVsa6
EFNKBEDD_05524	CDS	831	menB_2	4.1.3.36	COG0447	1,4-dihydroxy-2-naphthoyl-CoA synthase
EFNKBEDD_05525	CDS	327				hypothetical protein
EFNKBEDD_05526	CDS	1479	glgA_2	2.4.1.21	COG0297	Glycogen synthase
EFNKBEDD_05527	CDS	249				hypothetical protein
EFNKBEDD_05528	CDS	237				hypothetical protein
EFNKBEDD_05529	CDS	912				hypothetical protein
EFNKBEDD_05530	CDS	1134	potD		COG0687	Spermidine/putrescine-binding periplasmic protein
EFNKBEDD_05531	CDS	1140	potA_2	7.6.2.11	COG3842	Spermidine/putrescine import ATP-binding protein PotA
EFNKBEDD_05532	tRNA	77				tRNA-Met(cat)
EFNKBEDD_05533	CDS	2568				hypothetical protein
EFNKBEDD_05534	CDS	468	trmL	2.1.1.207	COG0219	tRNA (cytidine(34)-2'-O)-methyltransferase
EFNKBEDD_05535	CDS	1140	gshA	6.3.2.2		Glutamate--cysteine ligase
EFNKBEDD_05536	CDS	1035				hypothetical protein
EFNKBEDD_05537	CDS	1452	dac	3.4.16.4		D-alanyl-D-alanine carboxypeptidase
EFNKBEDD_05538	CDS	1212	ackA	2.7.2.1	COG0282	Acetate kinase
EFNKBEDD_05539	CDS	2010	pta	2.3.1.8	COG0280	Phosphate acetyltransferase
EFNKBEDD_05540	CDS	639	gpmA_2	5.4.2.11		2,3-bisphosphoglycerate-dependent phosphoglycerate mutase
EFNKBEDD_05541	CDS	708				hypothetical protein
EFNKBEDD_05542	CDS	1323	xpkA_1	4.1.2.9		Xylulose-5-phosphate phosphoketolase
EFNKBEDD_05543	CDS	1071	xpkA_2	4.1.2.9		Xylulose-5-phosphate phosphoketolase
EFNKBEDD_05544	CDS	732				hypothetical protein
EFNKBEDD_05545	CDS	1008	fmt	2.1.2.9	COG0223	Methionyl-tRNA formyltransferase
EFNKBEDD_05546	CDS	1587				hypothetical protein
EFNKBEDD_05547	CDS	576				hypothetical protein
EFNKBEDD_05548	CDS	222				hypothetical protein
EFNKBEDD_05549	CDS	2433				hypothetical protein
EFNKBEDD_05550	CDS	504				hypothetical protein
EFNKBEDD_05551	CDS	348				hypothetical protein
EFNKBEDD_05552	CDS	963				hypothetical protein
EFNKBEDD_05553	CDS	399				hypothetical protein
EFNKBEDD_05554	CDS	558				IS630 family transposase ISAtsp7
